src_node_id,dst_node_id
7558,7559
8074,8075
5812,5813
286,287
4248,3367
7558,4177
152,152
7558,7559
9179,9180
1886,152
9328,471
8060,1259
7031,1606
878,152
4686,4687
7031,1606
878,152
294,298
4686,4688
9328,471
6395,6396
2117,2119
878,152
294,295
485,486
1606,1607
6395,6396
8164,8167
2117,2119
6395,6396
5772,5773
3168,7917
9325,9326
7031,1606
878,152
9249,2435
294,298
1886,152
8164,5801
6396,6725
9328,1447
9328,9329
9328,9332
2581,6133
9256,9257
302,4177
4739,3965
2127,2130
4686,4687
4686,4687
2127,2129
7821,5439
8082,6513
8082,6513
8082,6513
8082,6513
8082,6513
2117,2118
8644,4857
9256,9257
9256,9257
7821,5439
7144,7146
9249,746
8644,4857
9256,2246
7821,5439
9328,751
7022,6540
6686,4165
7022,6540
745,746
6819,6820
4739,3965
6686,4165
295,298
6133,2581
7821,5439
9256,2246
7821,5439
2581,1259
7821,5439
2117,38
2117,38
2117,38
3367,4643
7692,7693
7692,7693
5896,5897
7692,7693
7249,7248
8425,6719
7692,5400
5120,7248
7692,7693
5120,7248
6947,5814
745,751
8549,4644
7692,38
5439,49
4165,49
6513,49
6540,49
7146,49
6725,49
3965,49
2246,49
486,49
4857,49
9256,2246
298,49
2118,49
4688,49
8425,6719
6819,4540
745,751
746,2941
7692,7693
4544,4546
4546,49
7692,7693
2117,38
7692,7693
485,486
7692,7693
486,49
6819,4540
3537,4500
4540,49
4500,49
8610,8611
484,486
3242,2246
3367,4643
4726,57
2246,49
6947,5814
8496,6762
1232,7740
2246,49
7917,38
8610,4180
745,752
3537,4500
7355,7356
3367,2894
5814,49
7692,7153
7692,7153
745,750
1283,8421
9273,8312
9273,8312
2948,2828
2948,2828
629,630
629,38
5849,5850
745,748
4106,4105
486,49
7248,49
4644,49
2894,49
7740,49
5897,5896
5850,49
4180,49
630,49
8644,8645
6732,1693
4105,49
3367,2894
7692,7153
5801,49
7202,5197
2828,49
7153,49
9328,2342
57,49
3367,2894
4500,49
7153,49
7692,7153
7692,7153
7202,5197
2894,49
750,745
8164,8165
5120,7248
7153,49
511,512
4106,7649
9263,2767
512,49
8644,8645
7202,5197
7248,49
2894,49
1693,49
6762,49
7153,49
2767,49
745,752
511,512
7528,2468
2129,6640
2129,6640
512,49
7528,2468
1873,1874
5120,7248
6640,49
2468,49
745,750
4106,4104
6732,1693
7692,7153
1874,49
1693,49
7248,49
4104,4105
4712,4713
4104,4106
8798,4283
7649,4106
6732,1693
4261,584
4105,49
7153,49
1873,1874
1693,49
745,748
4726,57
1874,49
57,49
7356,4261
2739,7860
584,49
8798,4283
9157,2653
4283,49
57,49
4739,4740
7144,7145
1980,57
7356,8908
6732,1693
1834,452
4739,4740
7356,8961
4039,2892
7356,5268
1693,49
57,49
4283,49
7356,4302
7356,2581
8071,5777
7356,3579
6193,5035
6454,6455
1834,452
1834,452
1834,452
5777,2017
452,49
7356,6133
664,665
55,57
6193,5035
613,614
57,49
452,49
2892,49
2739,7860
1873,1874
4216,4217
7356,8811
4585,4586
152,38
7356,7394
4217,49
4586,49
8610,6709
7356,9013
6759,6760
54,57
7356,8883
7356,9040
1874,49
7356,2240
57,49
8164,3168
8610,6709
152,3168
7356,6827
6455,49
8164,7917
7356,8980
8610,4180
7356,9056
4180,49
614,49
7356,8903
2017,49
7356,8923
7356,6067
8610,4180
7356,1440
7356,7767
54,56
152,7917
8611,4180
7356,8934
4180,49
152,7917
9249,2435
152,38
3387,2466
204,207
204,207
207,49
204,207
7356,2081
8700,6738
7356,7389
7356,8997
2466,49
207,49
7356,7471
8691,4572
5477,2539
7356,8819
8700,6738
7356,8493
5477,2539
6738,49
7356,496
4572,49
8700,4744
8607,2072
6127,6129
8607,2072
6127,6129
7356,8879
4261,584
665,38
2653,7004
7356,5275
6127,6129
8691,4572
584,49
2072,49
7356,5364
665,38
2653,7003
7356,8827
1552,1554
7356,8901
7356,8955
7356,8801
7356,7398
6127,6128
8691,4572
7356,3652
7356,8818
665,9124
1552,1554
7356,8899
1554,49
6128,49
4572,49
7356,8868
7356,9071
7356,9051
7356,6811
7356,1195
7356,8918
7356,8335
7356,8821
7356,8823
7356,2119
7356,7836
7356,7045
161,162
161,162
5612,3763
7356,8931
7356,8929
6628,6323
7356,2957
7356,1458
5612,3763
1552,1554
7356,8838
162,49
7356,8964
1552,1553
1554,49
7356,8971
161,162
7356,6766
7356,5351
1552,1554
7356,8119
7356,8906
6965,6179
1554,49
7356,8847
162,49
7356,7205
7356,490
7356,2357
7356,7269
1552,1553
7356,8881
3763,5612
7356,8850
6179,49
7356,5112
1552,1553
6628,6323
6628,6323
7356,736
1232,7740
7356,4742
7356,8862
1552,1553
2168,2169
1552,1553
303,304
7356,2425
7356,1038
7356,3500
7356,1335
1552,1554
7740,49
7356,9009
3763,1798
7356,8435
7356,4815
7356,8959
7356,1232
8082,8084
7356,8840
1798,49
2168,2169
2168,2169
2168,2169
7356,1719
303,57
7356,8985
304,49
1554,49
7356,1683
7356,8937
7356,5074
6628,6323
7356,2885
7356,6390
9178,8884
7356,9004
57,49
3763,1798
7356,5197
7356,8973
7356,2661
7356,1124
7356,4120
7356,8963
1798,49
7356,2918
7356,8765
3914,3913
7356,7015
7356,8928
3913,3914
4216,4217
7356,8607
7356,6978
7356,3187
4216,4217
4217,49
7356,3243
7356,6396
7356,7802
7356,8974
4216,4217
7356,6719
7356,6759
4217,49
7356,8783
7356,9048
6558,3913
7356,4189
6558,3913
7356,3719
7356,3290
7356,6286
8205,5872
6558,3913
1602,1603
7356,8137
8433,6293
2129,6640
7356,8869
7356,5185
7356,6585
7356,5098
1602,1603
6640,49
4057,1533
1124,6239
7356,8947
8205,5872
7356,146
1232,7740
6628,6323
2147,2148
7356,7026
8624,6199
4057,1533
7356,4499
7740,49
5872,49
7356,7295
745,747
7356,43
7356,2103
2147,2148
6199,49
6293,49
6239,49
2147,2149
4057,4056
4057,7371
4179,4183
7356,4721
7356,9068
7356,3526
4057,4056
7356,8247
3907,1949
4179,4183
7356,294
2148,2147
7356,4274
4179,4184
7356,359
7356,4390
7356,2705
1533,659
4179,4185
7356,8169
4056,658
7356,8902
7356,244
4179,4181
7356,6985
7356,5134
745,747
7356,9065
8164,66
4120,38
7356,8594
7356,2846
2147,2149
2149,49
658,49
7356,6433
7356,3537
4179,4182
7356,4055
7356,8624
7356,3959
7356,8538
7356,9017
1533,1532
7356,7684
7356,9067
1533,1532
7356,6583
7356,9054
7356,5040
2158,2157
1949,1369
6275,6276
4179,4180
7356,7206
7356,3387
7356,5358
6628,6629
9065,8486
251,254
1232,7740
1369,49
4180,49
1532,1533
4120,38
6742,5457
2756,66
1949,66
5457,49
4313,5122
7740,49
8716,66
7356,5346
3797,6835
7356,4585
4313,2396
7356,1705
7356,8255
274,275
7356,395
274,275
7356,3638
7356,8672
7356,7987
1949,1369
1369,49
613,614
7356,1733
8712,66
7356,8994
9178,66
7356,3609
7356,8911
7356,152
7540,66
614,49
7356,9022
7356,2811
7356,9057
7356,4559
2739,3245
8203,2191
1949,66
7540,66
8203,2191
2191,49
5035,6193
3245,49
8712,66
7540,66
7295,4546
6742,66
9226,66
7540,66
4305,4306
1834,452
7540,66
4546,49
452,49
6819,4540
2756,66
1584,1583
7284,2556
3907,66
4539,4540
4540,49
6354,66
4057,1533
1533,66
3947,3948
2739,66
7356,9039
7356,8952
7356,9043
7356,8854
7356,3328
7356,4484
3948,49
6354,66
7356,9024
7356,5904
7356,8633
7356,5148
7356,9042
7356,9066
8351,66
7356,7576
2739,66
7356,7580
7356,4106
2556,49
7356,8835
7356,8960
7356,8858
7356,8848
7356,8837
7356,8853
7356,5545
7356,5168
8607,66
7356,8701
1368,66
7356,3168
8607,66
7356,6892
7356,2628
7356,7607
7356,4360
3955,3956
7356,8943
7356,9000
7356,1602
7356,8860
7356,2947
7356,4610
7356,6530
3955,3956
9094,9095
7356,9050
7356,8861
3955,3956
4581,66
7356,8830
7277,66
7356,6352
7356,6608
7356,9010
7356,7695
3947,66
7356,5349
9095,49
8726,66
7356,7657
3537,4500
3947,66
4686,66
8607,66
8607,2072
4500,49
7284,66
3956,49
1368,1369
8778,1368
8607,66
2072,49
1369,49
2147,66
3947,66
7356,6807
7356,6305
2147,66
7356,3329
7356,8990
7356,9072
7356,7467
7356,2927
7356,8824
4581,66
7356,4871
7356,7283
7356,4843
7356,2606
7356,6350
7356,484
2127,66
7356,8905
7356,7766
4056,4057
7371,4057
6450,6451
745,66
1583,1584
7967,7968
4305,4306
251,66
745,66
6451,49
4305,4306
1692,66
9322,66
6127,66
1692,66
4305,66
8431,7978
8203,2191
7205,66
1692,66
1733,38
2191,49
5030,66
1584,5657
3913,66
6558,66
6558,66
7984,66
2459,66
4544,4546
4794,2459
4794,2459
2653,66
1793,66
5030,66
1793,66
7540,66
4305,66
4546,49
4794,2459
4794,2459
6401,66
2459,66
7984,66
6628,38
4556,4557
7984,66
9322,66
2459,66
4106,38
5030,6344
2459,66
2459,66
4167,657
2459,66
6749,66
2459,66
6344,49
4557,49
8300,7112
4794,66
4794,66
4794,66
7528,66
7112,49
6625,66
2129,66
8716,66
7471,66
4794,66
4794,66
8205,5872
4794,66
8179,8180
5872,49
7984,66
8716,66
752,66
5030,6344
752,66
2739,66
6344,49
7528,66
4305,66
4206,66
4206,66
1688,66
8716,66
752,66
2129,66
4206,66
4206,66
4206,66
4206,66
4206,66
7058,111
488,489
4305,66
8673,3436
8179,7914
6625,66
2653,7003
4352,2984
8716,66
6625,66
4581,66
2984,49
6687,4145
1552,1553
8300,7112
1552,1553
8673,66
489,66
5040,66
8300,66
7112,49
1552,1554
4145,49
6687,4145
8300,66
1552,1554
295,66
2653,66
1554,49
4145,49
8247,66
8300,66
8609,66
5602,66
9322,66
2158,66
8300,66
6241,66
2041,66
513,66
5449,66
5602,66
87,66
4106,66
5449,66
8247,66
2184,66
7133,7134
2158,66
2041,66
489,66
5449,66
7196,2512
3500,4790
489,66
7196,2512
5602,66
2512,49
4386,66
4739,66
4790,49
3317,66
2784,8199
5449,66
3991,3992
5602,66
4739,66
3317,66
140,66
106,107
4352,66
1688,1689
6148,66
6749,66
5602,66
7133,7134
3992,49
1689,49
2512,49
107,8134
5687,66
5602,66
2784,8199
107,66
3109,3110
8673,734
8383,66
7672,66
6749,66
5896,66
2942,2943
2784,8199
3317,66
8383,66
734,49
2927,66
1688,66
2942,2943
2157,2158
2927,66
5896,66
2157,2158
7133,66
2101,2102
7133,66
5429,5430
7133,66
6628,6323
7976,66
7133,7135
493,496
8398,66
5762,66
6323,49
6450,6451
3638,7342
3763,66
8668,8669
3991,3992
3763,66
7135,49
7342,49
6451,49
9340,2589
6724,6723
3090,66
7065,66
7672,66
2158,66
2158,66
3992,49
2589,49
1841,66
7967,751
6533,66
7967,751
7133,7135
2946,2040
1841,66
7967,751
9049,66
6723,6724
7135,49
3079,3080
6392,66
484,485
599,600
6392,66
8668,66
1841,1842
1965,66
3080,49
485,66
8004,66
6286,6090
9269,66
943,66
2946,2040
6200,66
7022,66
8668,66
3199,66
3926,3927
9192,66
943,66
6090,49
9286,66
4585,66
2851,66
599,594
8004,66
8004,66
594,49
8004,66
8004,66
4352,66
8004,66
6628,6323
9340,2589
493,494
6323,49
5904,2040
8644,38
8454,4732
6401,66
8004,66
4179,66
7022,7023
8644,66
5908,66
1931,1930
4179,66
494,49
5908,66
4732,49
2589,49
461,460
849,850
657,66
1609,1610
4249,751
4843,66
7744,2040
850,49
2341,66
1930,1931
7944,7945
7945,49
5908,5910
1943,458
8716,66
8179,8180
8570,8572
2101,2102
8716,66
6724,6723
1943,66
8716,66
1943,458
8570,3016
8644,66
1609,1611
2101,2102
4249,751
8716,66
7071,66
5908,5909
4082,66
4371,66
8431,7978
7022,66
8716,66
6995,66
9328,66
4082,66
9340,2589
9049,66
657,66
302,302
4830,66
1931,66
7802,38
6995,66
7071,66
1611,49
6995,66
5908,66
5477,2539
9340,2589
2225,66
6724,6723
5910,49
4313,4270
4556,4557
2589,49
568,66
6705,6706
458,66
1931,66
2538,66
7802,38
5908,66
4270,49
4557,49
4313,4270
4744,66
2538,66
2538,66
9226,66
3591,7351
4181,66
4101,66
3137,66
6214,6215
5441,1585
6705,6706
9219,66
5441,1585
4270,49
7351,49
1585,49
4744,66
5908,66
7022,66
6706,66
461,66
8537,66
8538,66
1931,66
4830,66
7206,66
6604,66
9057,66
8570,8572
669,66
8655,2145
568,66
7058,111
5608,66
1585,49
9050,66
2539,66
6985,66
7362,66
7022,6540
8718,66
6540,49
2539,66
6350,66
8765,66
9054,66
5608,5609
6925,66
657,659
6593,66
7362,66
6925,66
8592,66
1359,1360
8718,66
8351,66
8655,2145
4463,66
2538,66
5406,66
2049,66
2539,66
6925,66
1360,49
5609,49
9322,66
3591,66
7752,66
9317,2102
6706,66
5608,66
8537,66
6148,66
2049,66
6593,66
7356,8831
938,66
7356,2434
7356,8812
8682,66
7356,7626
7356,5849
7356,8197
7362,66
1359,1360
2049,66
6241,66
6698,389
6137,66
3123,66
849,850
35,33
9085,66
1360,49
389,49
2049,66
7879,7880
9085,66
8682,66
8487,66
3912,66
8561,2102
9173,66
7356,8935
5787,66
4576,66
7855,2102
3912,66
7356,8340
7128,4648
7356,7757
2117,38
4393,66
2117,38
2117,38
827,66
2117,38
7128,4648
2117,38
8774,66
2117,38
2117,38
9277,66
5787,66
6413,66
2117,38
827,66
1567,66
4057,66
850,49
9085,66
7880,49
3591,66
8682,66
8778,66
9181,66
2991,66
2117,38
9173,66
2161,66
2811,66
6413,66
189,66
9085,66
2991,66
6241,66
3591,66
3591,7351
4547,4548
3591,7351
5040,66
3387,66
4393,66
458,66
3591,7351
8620,8620
8774,66
2990,66
8778,66
7879,7880
2161,66
8668,66
4648,66
3090,66
3189,66
2117,38
2117,38
744,66
8405,66
5040,66
8565,66
31,33
657,66
7351,49
4548,49
9260,66
8774,66
3189,66
2234,66
4261,66
6698,389
4640,66
2081,2082
2705,66
389,49
7880,49
388,389
2705,66
6523,5718
3799,9130
9260,66
3799,8764
5098,66
389,49
5772,66
8256,66
1533,66
8764,49
458,66
111,1208
5718,49
2082,66
6137,66
5098,66
2321,66
6022,66
258,2934
6022,66
6022,6023
5349,656
8676,66
656,49
1208,49
2934,66
9211,66
8434,66
8550,66
6562,66
5349,656
2934,66
6813,6814
656,49
6413,6415
9243,66
3963,66
7218,7218
8036,8037
9094,66
9173,66
4484,66
9243,66
7218,7217
8570,8571
8570,8571
6892,6891
2934,66
9211,66
5592,66
6415,49
2934,66
4393,66
3963,66
8052,66
8536,66
35,33
8431,7978
2660,38
8036,8037
8550,66
8036,8037
8536,66
6392,6393
7504,66
2660,66
8036,8037
6393,49
493,496
6051,66
8036,8037
2934,1940
9077,7638
8536,66
657,660
3963,66
493,496
6980,66
1940,49
7959,66
926,66
2291,66
111,1208
6980,66
660,49
1208,49
33,49
2660,66
8459,66
2934,2935
5866,66
5035,6193
9077,7638
9039,66
4544,4546
5866,66
6392,6393
4821,66
6393,49
4546,49
2935,49
8624,66
3367,66
745,66
8772,6911
2213,66
2019,66
2030,66
4779,66
9173,66
7218,7217
4821,66
9077,1849
2019,66
7217,7218
5035,6193
8772,6911
2030,66
6300,66
8772,66
6523,5718
8037,66
8408,66
8037,66
4576,66
7082,7081
2291,66
7442,6938
4101,7736
8772,66
1849,49
5718,49
7736,49
6890,6891
7442,6938
4101,4100
745,66
2291,66
8437,8438
8434,66
5908,5909
7718,66
8437,8438
8036,8037
8774,66
4101,4100
7081,7082
3484,66
2934,258
8014,66
1793,66
5908,5910
2934,258
5519,66
2934,258
5910,49
5908,5910
582,66
3484,66
1793,66
7884,66
9240,66
3076,66
7082,2630
2109,2110
5910,49
7587,66
7638,4032
1610,1609
4348,66
7587,66
3076,66
4032,49
9142,1550
6157,66
5908,5910
681,66
7082,2630
582,66
3484,66
78,81
2349,2350
6942,66
9342,66
5887,66
78,81
7081,7082
2998,66
3137,2448
4039,38
78,79
7082,2630
4050,66
8100,66
1729,1730
9342,66
681,66
2082,6178
542,543
2630,49
5910,49
1550,49
7082,2630
2448,49
9139,5747
9240,4229
7607,66
78,79
8287,3886
8014,8015
8672,4500
2630,49
9017,4500
4499,4500
8169,4500
4050,66
6433,4500
4712,66
8197,4500
4500,49
79,49
543,49
6178,49
1730,49
4229,49
3886,49
5404,5405
5720,66
9142,1550
7221,66
7082,2630
8287,3886
9077,4032
5404,5405
8069,4225
3886,49
2630,49
1550,49
4032,49
4435,66
4159,4032
8780,66
3137,2448
5914,66
4712,66
8069,4223
7316,4032
8098,8099
4712,4713
4032,49
803,804
8069,4223
8684,66
2448,49
804,49
8069,4223
2756,66
6966,66
5404,5405
736,737
1729,1730
4735,4032
6966,66
8780,66
1730,49
4713,49
2110,66
4039,66
737,49
2948,2828
2756,66
6966,66
3035,3036
3035,3036
4032,49
6796,6799
6507,66
2948,66
9318,66
803,804
5896,66
7795,66
2828,49
804,49
9082,9083
7795,66
9082,9083
2948,66
8684,66
7476,66
2184,66
1799,1800
5914,66
189,190
5747,5748
3036,49
190,49
6598,6599
7452,66
2082,6178
8684,7077
2449,66
3418,66
6599,49
4735,1849
6077,152
8298,66
8298,66
8684,2718
420,152
8683,66
5748,49
6178,49
1849,49
1800,1799
1800,1799
1800,1799
4039,66
4101,7736
8626,66
4223,4225
6330,66
2718,49
3418,66
7736,49
6598,66
4101,7736
8717,2145
8287,3886
2082,6178
3886,49
7736,49
6178,49
8093,66
6906,66
886,66
8093,66
6796,6799
7558,7560
6173,66
4756,66
9049,66
7348,66
3985,66
8298,66
7348,66
6193,5035
3985,66
6598,6599
2181,66
9259,66
8216,7006
6599,49
3035,3036
3985,66
1735,66
7218,1608
8089,66
6827,6825
3036,49
9022,2370
6079,66
6759,6760
8690,66
4101,66
6827,6825
8216,7006
6621,66
8296,66
7006,49
2370,49
5589,66
8391,66
35,5157
6322,66
8106,66
6621,66
7006,49
2948,66
9195,66
9221,66
9022,2370
3239,66
2370,49
6034,66
6322,66
3405,66
8255,33
8255,5157
6825,6826
3959,3960
6826,49
8415,66
8593,66
8695,66
2349,2350
8695,66
8707,66
3239,66
2349,2350
8695,66
3422,66
2314,66
629,66
2349,2350
715,716
4101,6404
4352,8055
1714,66
629,66
421,66
4352,2984
2349,2350
8791,66
2984,49
5157,49
3960,49
821,66
2349,2350
7432,66
4026,66
2261,66
1839,66
3050,66
1839,66
221,66
595,66
8724,66
9135,66
1839,66
7947,66
595,66
5658,66
8511,66
3204,66
7514,66
7182,66
7996,66
542,543
7799,7800
6717,6718
543,49
7800,49
7182,66
5828,66
5658,66
1648,66
9251,66
7996,66
629,630
7996,66
6825,6826
630,49
7379,66
5658,66
1839,66
7305,66
7996,66
6826,49
2350,66
2015,2016
615,66
8716,66
1839,66
7996,66
4473,4475
4475,49
2016,49
8387,66
8716,66
8287,3886
7467,4385
3886,49
1839,66
5683,2526
4837,66
2015,2016
8716,66
2016,49
4385,49
8716,66
1839,66
7799,7800
8716,66
7800,49
3019,66
6352,3234
7467,4385
6352,3234
7799,7800
4385,49
4413,4414
287,569
8339,66
4039,66
6034,66
7800,49
302,4178
4352,8055
595,66
4352,66
302,4178
3234,49
5683,66
302,4178
7775,7776
8287,3886
9067,3234
6768,66
8496,6762
3886,49
2368,66
6762,49
7778,66
8768,66
5634,66
6762,49
3234,49
6768,66
7030,4801
3905,3906
7778,66
6768,66
4223,4224
6759,23
9328,23
6768,66
3143,66
3143,66
9181,66
6901,66
4261,66
7664,66
6901,66
7581,66
5683,1743
7022,6540
6901,66
6124,66
6540,49
1743,49
1368,66
7664,66
3124,3125
1949,66
1648,66
3905,3906
7218,1608
111,1279
5112,7204
3125,5854
6759,23
9328,23
5820,5821
6450,38
6759,23
5821,66
9212,66
302,569
9121,1743
1931,2144
8026,66
4623,66
2952,66
6575,66
8541,66
8152,66
1653,23
2289,66
1743,49
5681,66
8152,66
1810,66
7622,66
5523,66
4788,66
5681,66
9121,66
878,152
878,152
6390,569
6978,66
4623,66
878,152
5681,66
5681,66
4788,66
5681,66
6520,2898
9051,23
568,569
5681,66
5681,66
6520,2492
5681,66
5681,66
5681,66
2144,2145
9320,23
4221,66
9212,66
4221,66
7671,66
2898,66
2270,66
2492,66
4788,4789
8392,7982
6966,66
2492,4394
2289,66
9328,471
2898,9350
1648,66
56,23
5640,5638
471,23
4789,4788
6759,23
1653,23
4788,66
5638,5640
2145,6917
7824,38
56,23
4223,66
2171,66
7982,49
6109,5638
2341,23
4223,66
6109,5638
6604,66
9048,7758
6197,66
1653,25
6197,66
7438,9097
7022,6540
8392,7982
6604,66
4223,66
6540,49
8130,1877
4223,66
6134,569
451,66
7982,49
7795,66
7547,7544
8302,66
7824,66
6173,66
7544,23
3198,66
751,7342
3198,66
1877,49
7758,49
7067,66
1653,569
7544,24
7824,66
7544,24
7342,49
8454,4732
8541,66
4732,49
748,23
1876,1877
1876,1877
1653,569
3797,25
9178,25
3499,569
1877,49
1876,1877
5699,66
1876,1877
8541,66
1877,49
8014,24
2100,66
6025,66
7363,66
6978,66
8780,66
7664,23
8780,66
1980,57
8780,66
7363,66
57,49
5171,1956
6447,66
6025,66
7664,23
748,24
1279,1208
2143,66
3797,23
4697,66
2341,2342
6025,66
6759,23
2341,2347
6759,24
1956,49
363,66
2341,25
363,66
751,2560
2885,569
6759,25
4720,4721
6545,66
471,23
9051,23
4223,66
3090,66
5844,2377
3093,3094
9320,23
2560,49
6545,66
4095,937
3093,3094
3094,49
8037,3329
8037,3329
3093,3094
8014,25
373,66
3094,49
3418,2673
8037,3329
8037,3329
7142,66
8037,3329
373,66
8037,3329
3719,23
3093,3094
3094,49
2673,49
1731,25
1731,23
7373,66
302,4176
8253,3984
1799,1801
8253,3984
9162,66
1731,24
9051,23
4095,937
1279,8374
8047,1890
1890,49
7794,66
2322,1685
1653,24
2341,23
8643,6634
3888,487
8047,1890
2322,1037
2341,23
487,49
6634,49
4720,1497
1653,23
4095,937
1037,49
1890,49
3638,25
8649,66
152,151
152,6614
152,8356
4095,937
1685,1037
4095,937
2322,1037
2322,1037
1037,49
8157,66
4095,937
1037,49
152,8358
3753,25
4095,937
4095,937
4095,937
4095,937
4095,937
4095,937
4720,1434
8157,66
3753,23
4095,937
6180,66
3093,3094
3094,49
5895,25
8253,8254
2925,2926
640,23
5519,66
6825,6826
4720,1434
6826,49
7133,7135
7135,49
7133,66
8643,66
751,2560
4673,4176
4673,302
4720,1497
927,66
2560,49
751,2560
5723,66
9193,2926
927,66
9320,2232
9320,2232
5723,66
2232,23
5723,66
1653,23
5723,66
599,594
2377,2378
3888,3889
2560,49
9051,23
594,49
9051,23
302,4173
3889,49
9051,24
5412,66
7791,66
1653,23
4673,4176
302,4173
7788,66
3079,24
4176,24
197,66
2957,23
2957,25
152,23
2377,2378
8253,3984
4253,4254
4176,23
2377,2378
152,25
9051,23
9051,23
2377,2378
3984,49
3079,23
4673,4176
2377,2378
3079,25
8253,3984
7609,66
4176,25
152,24
8253,3984
4720,1497
8253,3984
7609,66
5412,66
3984,49
8253,3984
5545,25
7609,66
8253,3984
2232,25
5545,23
3984,49
9320,24
2143,66
4673,4176
2341,569
2377,2379
302,25
2377,2379
748,4528
7142,66
2341,25
2341,25
2926,4226
4720,1497
3753,24
937,1434
681,683
748,24
2341,24
3915,3916
8047,1890
3915,3916
4697,66
9051,23
9051,23
4226,49
1890,49
9051,23
2926,38
9051,23
9051,23
683,23
9051,23
9051,23
683,24
683,25
683,25
683,25
683,25
683,25
683,25
683,25
8542,8543
683,23
683,23
683,23
9051,23
8624,24
4360,23
461,23
8542,7534
2377,2379
9051,23
6811,4659
9051,23
937,1497
9051,23
9051,23
7788,66
4659,49
9051,25
8542,7534
2926,4226
4176,24
2377,2379
9051,25
2377,2379
4360,25
9051,25
4360,24
7788,66
2377,2379
2377,2379
4226,49
8104,66
1932,23
2377,2379
9051,25
9051,25
8542,8031
2377,2379
2377,2379
2377,2379
2377,2379
1932,25
683,25
683,25
2377,2379
683,25
683,25
683,23
683,23
683,23
2377,2379
2926,4226
2377,2379
8104,66
7534,49
2926,4226
2960,2961
4253,877
937,1434
111,1279
4226,49
877,49
1932,24
111,1279
8104,66
6396,6725
111,1279
461,24
7788,6422
8047,1890
8431,23
461,24
1368,66
461,23
461,23
1949,66
7121,24
6422,24
7576,23
1890,49
7576,23
7576,23
7576,23
7576,23
937,1497
9065,23
9051,23
7121,25
1949,66
6725,49
9065,25
1653,24
8082,24
8082,23
8082,25
9051,23
2218,2220
6422,25
937,1496
937,1496
1279,8380
8496,6762
1496,49
2377,2379
8496,6762
2218,2219
5112,5882
6762,49
2219,49
5882,49
9051,23
8542,8031
313,314
681,683
683,23
683,23
683,25
683,25
683,25
683,25
937,1496
683,25
683,25
683,25
683,25
1496,49
683,25
683,25
314,23
683,23
5293,3839
683,24
683,23
683,23
683,23
683,23
683,23
683,23
683,23
683,25
683,25
683,25
683,25
683,25
683,25
5756,66
683,25
683,24
9051,23
8543,8031
683,23
683,23
683,23
5679,3996
683,23
1279,8376
5293,3839
683,23
683,23
5679,3996
683,23
683,23
3996,49
5293,3839
6422,23
683,23
1283,24
683,23
3839,4045
4045,3839
937,1496
7468,7469
1279,8377
1283,23
1496,49
6716,3839
6774,66
8030,8031
8526,8527
8526,8527
7173,7174
7104,3839
7104,3839
6774,66
8439,3839
8179,66
4253,877
877,49
1279,8373
31,34
35,33
4544,4546
34,49
33,49
8333,66
937,1461
4546,49
3753,25
302,1271
3753,23
8526,4252
683,23
2130,25
8772,8115
4252,49
161,162
8333,66
9343,548
1279,8378
302,1271
162,49
3839,7147
937,1503
8115,49
8526,4252
161,162
49,3412
4252,49
750,4007
302,4171
1279,8375
5364,9208
7147,49
3588,7341
162,49
4007,49
7173,7175
2161,23
5849,24
9208,49
937,1509
937,1509
49,3466
8526,4252
49,3677
7338,7175
7338,7175
1540,38
4252,49
1540,38
111,1279
6911,24
7173,7175
7341,49
7791,5742
4544,25
1279,6690
6164,66
1586,1587
5364,9208
7791,5742
1587,49
1540,2299
9208,49
7175,7338
3839,7147
3466,3083
3869,66
302,4172
1539,1540
3466,3084
1279,6576
302,4172
8658,24
1540,1539
5364,9208
9119,38
5120,7248
9119,9120
5120,7248
5120,7248
7147,49
7248,49
5742,49
9208,49
1279,6617
9119,9120
8047,1890
6585,7999
5120,7249
7248,49
1540,38
5120,7249
7467,23
2266,66
2266,66
9119,9120
9119,9120
7467,25
87,24
7528,2468
9343,548
49,3639
1890,49
2468,49
1540,38
1586,1587
3083,3084
1587,49
2299,1540
49,3639
8448,25
548,49
2299,1540
5364,9208
9208,49
1279,1998
7317,2888
6454,4241
4241,49
7928,147
49,3652
7317,2888
7317,2888
7317,2888
3639,23
2019,2020
3639,24
7317,2888
3639,25
3639,25
3639,25
3639,25
3639,25
3639,25
3639,25
3639,25
3639,25
3639,23
3639,23
3639,23
3639,23
3639,23
3639,23
3639,23
3639,23
3383,4798
3639,23
3639,24
7317,2888
3639,24
2888,7317
7317,2888
1279,6445
2020,49
49,38
49,3797
49,3685
2019,2020
3466,66
2020,49
1279,4711
2145,6920
4200,66
8149,8150
8150,4617
49,1160
49,66
6920,49
4200,66
4798,4797
4797,49
3035,66
3410,105
2814,7079
1873,1874
9219,23
1874,49
7079,49
105,49
4261,66
137,138
5412,66
138,49
1733,1734
2814,66
1734,49
8150,8509
152,420
8164,66
49,66
152,880
4567,3257
880,880
880,880
880,880
880,880
880,880
880,880
880,880
880,880
880,880
880,880
880,880
880,880
880,880
880,880
880,880
880,880
880,880
880,880
880,880
880,880
880,880
880,880
880,880
880,880
880,880
880,880
880,880
880,880
880,880
880,880
880,880
880,880
880,880
880,880
880,880
880,880
880,880
880,880
880,880
880,880
880,880
880,880
880,880
880,880
880,880
880,880
880,880
880,880
880,880
880,880
880,880
880,880
880,880
880,880
880,880
880,880
880,880
880,880
880,880
880,880
880,880
880,880
880,880
880,880
880,880
880,880
880,880
880,880
880,880
880,880
880,880
880,880
880,880
880,880
880,880
880,880
880,880
880,880
880,880
880,880
880,880
880,880
880,880
880,880
880,880
880,880
880,880
880,880
880,880
880,880
880,880
880,880
880,880
880,880
880,880
880,880
880,880
880,880
880,880
880,880
880,880
880,880
880,880
880,880
880,880
880,880
880,880
880,880
880,880
880,880
880,880
880,880
880,880
880,880
880,880
880,880
880,880
880,880
880,880
880,880
880,880
880,880
880,880
880,880
880,880
880,880
880,880
880,880
880,880
880,880
880,880
880,880
880,880
880,880
880,880
880,880
880,880
880,880
880,880
880,880
880,880
880,880
880,880
880,880
880,880
880,880
880,880
880,880
880,880
880,880
880,880
880,880
880,880
880,880
880,880
880,880
880,880
880,880
880,880
880,880
880,880
880,880
880,880
880,880
880,880
880,880
880,880
880,880
880,880
880,880
880,880
880,880
880,880
880,880
880,880
880,880
880,880
880,880
880,880
880,880
880,880
880,880
880,880
880,880
880,880
880,880
880,880
880,880
880,880
880,880
880,880
880,880
880,880
880,880
880,880
880,880
880,880
880,880
880,880
880,880
880,880
880,880
880,880
880,880
880,880
880,880
880,880
880,880
880,880
880,880
880,880
880,880
880,880
880,880
880,880
880,880
880,880
880,880
880,880
880,880
880,880
880,880
880,880
880,880
880,880
880,880
880,880
880,880
880,880
880,880
2757,23
880,880
880,880
880,880
880,880
880,880
880,880
880,880
880,880
880,880
880,880
880,880
880,880
880,880
880,880
880,880
880,880
880,880
880,880
880,880
880,880
880,880
880,880
880,880
880,880
880,880
880,880
880,880
880,880
880,880
880,880
880,880
880,880
880,880
880,880
880,880
880,880
880,880
880,880
880,880
880,880
880,880
880,880
880,880
880,880
880,880
880,880
880,880
880,880
880,880
880,880
880,880
880,880
880,880
880,880
880,880
880,880
880,880
880,880
880,880
880,880
880,880
880,880
880,880
880,880
880,880
880,880
880,880
880,880
880,880
880,880
880,880
880,880
880,880
880,880
880,880
880,880
880,880
880,880
880,880
880,880
880,880
880,880
880,880
880,880
880,880
880,880
880,880
880,880
880,880
880,880
880,880
880,880
880,880
880,880
880,880
880,880
880,880
880,880
880,880
880,880
880,880
880,880
880,880
880,880
880,880
880,880
880,880
880,880
880,880
880,880
880,880
880,880
880,880
880,880
880,880
880,880
880,880
880,880
880,880
880,880
880,880
880,880
880,880
880,880
880,880
880,880
880,880
880,880
880,880
880,880
880,880
880,880
880,880
880,880
880,880
880,880
880,880
880,880
880,880
880,880
880,880
880,880
880,880
880,880
880,880
880,880
880,880
880,880
880,880
880,880
880,880
880,880
880,880
880,880
880,880
880,880
880,880
880,880
880,880
880,880
880,880
880,880
880,880
880,880
880,880
880,880
880,880
880,880
880,880
880,880
880,880
880,880
880,880
880,880
880,880
880,880
880,880
880,880
880,880
880,880
880,880
880,880
880,880
880,880
880,880
880,880
880,880
880,880
880,880
880,880
880,880
880,880
880,880
880,880
880,880
880,880
880,880
880,880
880,880
880,880
880,880
880,880
880,880
880,880
880,880
880,880
880,880
880,880
880,880
880,880
880,880
880,880
880,880
880,880
880,880
880,880
880,880
880,880
880,880
880,880
880,880
880,880
880,880
880,880
880,880
880,880
880,880
880,880
880,880
880,880
880,880
880,880
880,880
880,880
880,880
880,880
880,880
880,880
880,880
880,880
880,880
880,880
880,880
880,880
880,880
880,880
880,880
880,880
880,880
880,880
880,880
880,880
880,880
880,880
880,880
880,880
880,880
880,880
880,880
880,880
880,880
880,880
880,880
880,880
880,880
880,880
880,880
880,880
880,880
880,880
880,880
880,880
880,880
880,880
880,880
880,880
880,880
880,880
880,880
880,880
880,880
880,880
880,880
880,880
880,880
880,880
880,880
880,880
880,880
880,880
880,880
880,880
880,880
880,880
880,880
880,880
880,880
880,880
880,880
880,880
880,880
880,880
880,880
880,880
880,880
880,880
4567,2447
880,880
880,880
880,880
880,880
880,880
880,880
880,880
880,880
880,880
880,880
880,880
880,880
880,880
880,880
880,880
880,880
880,880
880,880
880,880
880,880
880,880
880,880
880,880
880,880
880,880
880,880
880,880
880,880
880,880
880,880
880,880
880,880
880,880
880,880
880,880
880,880
880,880
880,880
880,880
880,880
880,880
880,880
880,880
880,880
880,880
880,880
880,880
880,880
880,880
880,880
880,880
880,880
880,880
880,880
880,880
880,880
880,880
880,880
880,880
880,880
880,880
880,880
880,880
880,880
880,880
880,880
880,880
880,880
880,880
7799,7800
880,880
880,880
880,880
880,880
880,880
880,880
880,880
880,880
49,3776
880,880
880,880
880,880
880,880
880,880
880,880
880,880
880,880
880,880
880,880
880,880
880,880
880,880
880,880
880,880
880,880
880,880
880,880
880,880
880,880
880,880
880,880
880,880
880,880
880,880
880,880
880,880
880,880
49,38
880,880
880,880
880,880
880,880
880,880
880,880
880,880
880,880
880,880
880,880
880,880
880,880
880,880
880,880
880,880
880,880
880,880
880,880
880,880
880,880
880,880
880,880
880,880
880,880
880,880
880,880
2040,66
8493,8494
2179,2180
3950,66
3776,66
2447,3257
7800,49
880,25
880,25
880,25
880,25
880,25
880,25
880,25
880,25
880,25
880,25
880,25
880,25
880,25
880,25
880,25
880,25
880,25
880,25
880,25
880,25
2040,66
49,1839
880,25
880,25
880,25
880,25
880,25
880,25
880,25
880,25
880,25
880,25
880,25
880,25
880,25
880,25
880,25
880,25
880,25
3044,66
880,25
880,25
880,25
880,25
880,25
880,25
880,25
880,25
880,25
880,25
880,25
880,25
880,25
880,880
880,25
880,25
880,25
880,25
880,25
880,25
880,25
880,25
880,25
880,25
1839,66
880,25
880,25
880,25
880,25
880,25
1733,1734
880,25
880,25
880,25
880,880
880,25
880,25
880,25
880,25
880,25
880,25
880,25
880,25
880,25
1734,49
880,25
880,25
880,25
880,25
880,25
880,25
880,25
880,25
880,25
880,25
880,25
880,25
880,25
880,25
880,25
880,25
880,25
3044,66
880,25
880,25
880,25
880,25
880,25
880,25
880,25
880,25
880,25
880,25
880,25
880,25
880,25
880,25
880,25
880,25
880,25
880,25
3950,66
880,25
880,25
8151,66
880,25
880,25
880,25
880,25
880,25
880,25
880,25
880,25
880,25
880,25
3639,569
880,25
880,25
1873,1874
49,66
3044,66
2040,66
49,38
5568,66
880,25
880,25
3354,4510
880,25
880,25
359,360
6625,66
4544,4546
880,25
880,25
880,25
4510,49
360,49
880,25
4640,66
4546,49
1874,49
6625,66
880,25
880,25
49,3405
880,880
880,25
880,25
8703,23
880,25
880,25
880,25
880,25
880,25
880,25
8703,23
8151,66
880,25
880,25
880,25
880,25
880,25
8703,23
880,25
4843,66
880,25
880,25
3354,4510
880,25
880,25
880,25
49,38
5641,66
49,3335
880,25
880,25
880,25
880,25
880,25
880,25
880,25
880,25
880,25
880,25
880,25
880,25
880,25
880,25
880,25
880,25
3335,66
880,25
880,25
3405,66
4510,49
880,25
49,3745
880,25
6211,66
880,25
880,25
880,25
880,25
880,25
880,25
880,25
880,25
880,25
880,25
880,25
5568,66
1839,66
880,25
880,25
880,25
880,25
880,25
880,25
880,25
880,25
880,25
2814,66
880,25
880,25
880,25
880,25
880,25
49,999
880,25
880,25
880,25
880,25
880,25
880,25
880,25
880,25
880,25
880,25
880,25
880,25
880,25
880,25
880,25
880,25
880,25
880,25
880,25
880,25
880,25
880,25
880,25
880,25
880,25
880,25
880,25
880,25
880,25
880,25
880,25
880,25
880,25
880,25
880,25
880,25
880,25
880,25
880,25
880,25
880,25
880,25
880,25
880,25
880,25
880,25
880,25
880,25
880,25
880,25
880,25
880,25
880,25
880,25
880,25
49,38
880,25
880,25
880,25
880,25
880,25
880,25
880,25
880,25
880,25
880,25
8255,5157
880,25
880,25
880,25
880,25
880,25
880,25
880,25
880,25
880,25
880,25
880,25
880,25
880,25
880,25
880,25
880,25
880,25
880,25
880,25
880,25
880,25
880,25
7796,66
880,25
880,25
880,25
880,25
880,25
880,25
880,25
880,25
5157,49
880,25
49,1839
880,25
880,25
880,25
1839,66
1799,1801
49,38
5364,9208
7796,66
1801,49
9208,49
8493,851
3652,66
9256,2245
9257,2245
3242,2245
4686,66
9243,2245
8695,2600
7131,2245
2600,49
3609,5466
3609,5466
3609,5466
7787,66
5466,49
6742,24
6742,23
6633,66
8255,5157
6211,66
5157,49
2447,3262
4473,4475
482,66
4473,4475
4475,49
49,38
49,3335
4475,49
1799,1801
8684,4286
2303,573
2449,66
1801,49
49,38
49,3528
3335,66
573,574
573,574
1799,1801
4286,23
4286,25
4390,4391
6450,6451
1799,1801
4286,24
7514,66
6451,49
4391,49
1799,1801
2449,66
1799,1801
1649,1650
7886,66
8428,66
2231,2233
1801,49
49,3677
2231,2232
9195,66
4617,4619
2231,2233
3081,66
3081,3082
8287,3886
3082,49
3886,49
2233,49
8069,66
4390,4391
1160,6879
4390,4391
4390,4391
4391,49
5656,66
4544,4546
2449,66
4539,4540
573,574
5364,9208
574,49
4540,49
9208,49
2449,66
4546,49
4261,38
5074,66
493,494
5074,66
3609,5466
3609,5466
3609,5466
4182,6709
494,49
5466,49
49,38
4617,4618
4116,66
6435,66
161,162
599,594
1649,1650
4617,4618
6435,66
4617,4618
162,49
3609,5466
594,49
3609,5466
4347,1846
4617,4618
5466,49
3334,1812
1160,6883
4189,66
2963,66
4617,4618
1160,6883
1650,1628
9048,7758
6812,1186
1160,6883
7758,49
1846,49
1812,49
1160,6858
5364,9208
6812,1186
1160,6858
3959,3960
9208,49
1160,6858
8170,8171
1628,569
8171,49
3960,49
9232,8513
1160,6858
8170,8171
8171,49
8513,49
9232,8513
8513,49
5656,66
5656,66
4673,4674
1583,1584
8213,66
49,3638
2245,2246
8687,66
2245,66
1195,23
2246,49
49,38
49,3519
4617,38
2245,66
4539,4540
9194,66
4540,49
8643,7098
8643,66
3090,66
6127,24
8492,66
6127,23
6127,25
5791,66
7528,2468
4674,25
49,3638
7098,49
49,3735
1628,23
7814,24
4400,4401
3735,3638
49,38
49,3512
1628,23
3717,66
4347,4225
4347,1846
5441,1585
8287,3886
2468,49
3886,49
1846,49
1585,49
7821,5439
3991,3992
4400,4402
4544,4546
3992,49
8492,66
4546,49
5439,49
4402,49
127,127
8196,66
1160,6880
9131,66
5824,66
5824,66
8345,66
31,36
127,127
1688,1690
7548,7549
3383,4797
7549,49
36,49
49,3016
8300,7112
7112,49
4797,49
9160,38
9131,66
6050,66
4556,4557
9160,9161
4242,4243
1692,23
4243,49
4557,49
9161,49
31,36
31,36
36,49
9267,66
9160,9161
849,850
493,494
849,850
31,36
2168,2169
31,36
8394,66
1921,1922
1690,1595
1921,1922
4335,66
35,33
8345,7642
8650,66
4068,4069
484,23
7518,66
3125,66
7518,5825
7244,7245
4702,503
4702,503
8287,3886
8619,66
503,23
3991,24
5137,7376
9280,4734
3125,66
2185,2186
9160,9161
599,66
3638,7342
7754,7652
4734,66
599,66
3125,66
36,49
3886,49
33,49
494,49
4069,49
7342,49
850,49
7652,4780
5825,49
7376,49
49,1461
49,3745
49,3745
9161,49
3125,66
2186,49
1922,49
7652,4780
3125,66
4390,4391
7642,49
4780,49
49,1798
49,3745
9280,66
3125,66
7652,4780
7652,4780
1798,49
4391,49
3016,25
4780,49
49,3294
6943,6945
49,3639
4068,4069
5518,66
4780,49
7644,7645
6945,49
4069,49
7824,66
8139,1922
7824,66
8128,7645
1922,49
8146,7645
7652,4780
9160,9161
2434,25
2434,23
451,66
9161,49
4780,49
2434,25
3367,66
7362,66
49,1461
1688,1689
1688,1690
5486,2393
1689,49
49,276
7008,23
2178,66
7008,25
7544,7547
2278,66
2434,24
49,3690
49,3389
4702,66
7008,24
2960,343
5134,6381
3690,23
4702,66
2040,66
6381,49
343,49
9160,9161
9161,49
5120,7248
5518,66
876,877
7248,49
8186,66
2960,2961
6960,66
877,49
3125,5855
7767,38
49,2435
876,877
5855,49
877,49
643,66
8163,5863
5863,5864
2025,72
2961,2960
72,49
5864,49
3125,5855
2961,2960
876,877
3797,6836
1434,4384
2961,2960
4242,4243
877,49
4242,4243
5855,49
2960,343
4242,4243
4243,49
4352,2984
451,452
452,49
4243,49
3690,23
2984,49
343,49
111,1279
9158,66
9271,6926
1279,3175
4027,66
9280,25
7864,4788
615,66
9271,9271
1160,6870
7679,66
9271,6926
3214,3215
3690,23
6926,49
49,3426
49,3327
49,3856
1160,6881
2434,3061
2434,3061
1160,6881
1160,6881
1160,6881
1160,6881
3327,49
3214,3215
1160,6864
49,3690
3690,23
6298,66
1160,6864
1160,6873
3214,3215
4544,4546
2960,343
6404,4101
1160,6874
49,3372
343,49
3214,3215
7203,66
1160,6869
3214,3215
7203,66
7028,66
4546,49
3215,49
1160,6875
7203,66
6424,6425
1160,6875
6425,49
5498,2208
5642,66
49,3358
3214,3215
4274,4277
3215,49
2278,66
1279,8379
6253,66
4742,4743
2208,49
4277,49
6424,6425
276,84
2207,2208
1873,1874
7334,66
1874,49
6425,49
2459,24
1873,1874
6253,66
2207,2208
2459,23
49,84
4742,4743
1874,49
5498,2208
4274,4277
8104,66
1873,1874
7645,66
4277,49
1874,49
1921,66
4743,23
7797,7240
6825,6826
1873,1874
2208,49
7793,66
2207,2208
1279,4571
8392,7982
2208,49
6826,49
1874,49
5642,66
3690,25
5498,2208
7240,66
111,1279
1873,1874
6075,6076
3952,24
1874,49
7982,49
2208,49
4120,38
1873,1874
8776,66
5498,2208
258,256
2208,49
1874,49
8776,66
256,259
1921,66
3591,2663
259,49
2663,49
1279,7154
1873,1874
4473,4475
8776,66
1873,1874
7944,7945
8776,66
1874,49
4475,49
7945,49
8776,66
1279,5652
256,257
256,258
4082,66
257,49
8148,25
1279,5823
8148,23
4544,4546
3091,3092
4546,49
8148,24
3690,25
3690,25
493,494
4095,3228
2814,7079
6413,6414
9271,6926
4640,66
494,49
6414,49
3092,49
7079,49
3228,49
6926,49
8429,4367
49,3745
49,3799
2145,66
5681,4800
49,2784
8429,4368
5681,4800
4368,49
4800,49
7701,7702
5681,4800
6238,4550
5681,4800
4550,586
5681,4800
8496,6762
4800,49
586,49
6762,49
4095,3228
4367,4368
1279,3941
4550,586
2470,4141
3070,3071
1279,7783
586,49
3228,49
4368,49
7483,66
4095,3228
2470,38
111,1279
3228,49
937,1487
9142,1550
1160,6862
3070,3071
1550,49
9276,7617
1160,6862
49,355
937,1431
937,1458
3426,5671
937,76
3426,5671
7617,49
7483,66
111,1279
1160,6882
937,1456
3071,4502
1160,6882
1279,815
8429,4368
6396,23
1279,6849
937,1498
937,1466
4368,49
49,3400
937,1463
4750,4751
937,1418
9276,7617
1160,6859
937,1440
1160,6859
4751,49
1466,49
4502,49
1463,49
1498,49
937,1482
937,1453
937,1413
1160,6872
937,1513
1160,6872
937,935
937,1507
6424,6425
420,152
935,49
3070,3071
1507,49
1160,6863
6425,49
7617,49
6780,2469
2469,49
5498,2208
751,2560
5498,2208
2208,49
5699,930
6780,2469
2250,66
6780,2469
3071,4448
8779,6268
2469,49
4448,49
5837,3587
6268,49
2208,49
2560,49
6075,66
8014,24
8014,24
6075,66
9218,66
5837,3587
49,276
1936,66
3587,23
8779,6268
7753,649
4390,4391
6268,49
4391,49
2168,2169
649,24
4063,2271
111,1204
649,24
649,24
649,24
649,24
649,24
649,24
4397,66
649,23
649,23
649,23
649,23
6298,66
649,23
649,23
649,23
649,23
649,23
8287,3886
276,66
649,25
649,25
649,25
8288,8290
649,25
649,25
649,25
649,25
649,25
649,25
649,25
2271,49
649,25
3886,49
649,25
649,25
649,25
649,25
649,25
649,25
649,25
649,25
649,25
649,25
649,25
649,25
649,25
649,25
649,25
649,25
649,25
4779,66
649,25
649,25
649,25
649,25
649,25
649,25
649,25
649,25
649,25
649,25
649,25
649,25
649,25
649,25
649,25
649,25
649,25
649,25
649,25
4397,66
3070,3071
9131,66
5895,66
3071,3070
49,3524
649,24
649,24
649,24
649,24
649,24
649,24
649,24
649,24
649,24
649,24
8288,8291
649,24
5837,5838
8288,8291
649,25
3908,66
111,152
649,25
3071,6563
649,25
649,25
649,25
649,25
649,25
649,25
649,25
649,25
3587,5838
649,25
8287,3886
649,24
649,24
649,24
649,24
649,24
649,24
649,24
649,24
649,24
649,24
649,24
649,24
649,24
649,24
649,24
649,24
649,24
649,24
649,24
649,24
649,24
649,24
649,24
649,24
649,24
649,24
649,24
649,24
649,24
649,24
649,24
649,24
649,24
649,24
649,24
649,24
649,24
3886,49
1160,6866
6563,49
540,66
49,2918
1160,6866
8014,8016
649,25
649,25
649,25
649,25
649,25
649,25
649,25
649,25
649,25
649,25
649,25
2030,66
8659,23
649,25
649,25
649,25
649,25
649,25
1160,6877
7375,66
649,25
649,25
649,25
649,25
716,1687
9341,66
2030,66
5681,5682
1687,49
111,448
5681,5682
5682,49
657,658
649,23
8288,23
8034,66
658,49
649,23
5681,5682
5681,5682
657,660
5681,5682
111,1182
471,476
649,23
649,23
649,23
649,23
649,23
295,294
649,23
660,49
7987,5117
649,23
649,23
649,23
1182,49
7987,5117
471,476
2341,476
471,476
2341,476
471,476
649,23
1160,6860
2341,476
2341,476
471,476
8205,66
2341,476
5682,49
7075,66
471,476
294,299
5117,49
2341,476
745,749
1160,6884
9341,66
657,660
111,22
660,49
1160,6885
22,23
22,24
111,1118
4348,4349
471,476
2341,476
749,49
111,448
7375,66
111,1244
1160,6876
448,449
4349,49
1160,6857
8300,7112
22,25
7112,49
2174,66
2341,476
471,476
4348,4349
7959,66
3412,5567
448,450
7528,2468
302,4175
9322,23
8718,66
6034,66
7528,66
2468,49
450,448
471,476
2341,476
4349,49
5640,5639
745,749
7763,4323
4323,49
749,49
5886,5802
5639,49
8284,8285
111,450
2347,5836
5638,5639
49,2661
5639,49
3499,6549
937,222
5802,5803
6549,49
111,1238
49,3668
6396,23
111,1238
3668,49
1368,1369
49,3668
1369,49
49,2661
49,3668
8288,8292
4757,66
49,3668
49,3668
937,222
49,3668
49,3668
8288,8292
49,3668
1949,1369
8288,8292
1369,49
49,3276
8288,8292
2161,24
4757,66
8288,8292
8410,8411
4810,4811
8288,8292
111,1245
6034,66
4811,49
2341,476
8410,66
7356,7205
7040,66
6741,3329
9328,476
7040,66
49,3704
49,3276
2341,476
8410,2752
9328,476
5896,2308
2752,49
2308,49
4810,4811
937,222
937,222
9328,476
937,222
937,222
937,222
8288,8292
9328,476
9328,2344
2341,2344
9328,2344
4811,49
8379,111
5652,111
6849,111
930,111
815,111
7154,111
6617,111
4571,111
6445,111
1998,111
8016,111
4711,111
299,111
6576,111
6690,111
3175,111
3941,111
7783,111
5823,111
5364,9208
9328,2344
9328,2344
937,222
7987,5117
937,222
2341,2344
937,222
937,222
937,222
937,222
937,222
937,222
937,222
937,222
7356,9045
8288,8289
937,222
937,222
8288,8289
937,222
937,222
937,222
937,222
937,222
937,222
7356,4610
7356,1458
7356,8945
8288,8289
7356,8886
5117,49
9208,49
7356,2425
7356,2885
7356,7229
7356,8967
3959,3960
7356,6706
7356,1735
7356,8860
7356,8838
7356,9006
7356,9067
7356,7826
7356,7179
7356,9051
7356,9018
7356,8972
7356,8840
7356,1602
7356,8990
7356,9071
7356,8633
7356,8992
7356,6807
7356,5904
7356,8971
7356,8841
7356,9074
7356,520
7356,9049
7356,8898
7356,8985
7356,7389
7356,2040
7356,1733
7356,7467
7356,6730
7356,7283
7356,6759
7356,8983
7657,5881
7356,2251
7356,2434
3704,4232
7356,6811
7356,8952
7356,1719
7356,3328
7356,8854
7356,8848
7356,8812
7356,6067
7356,8570
7356,8803
7356,7607
7356,8734
9328,2344
7356,8910
7356,8918
7356,6719
7356,8994
7356,9004
7356,8899
7356,8831
7356,8963
7356,8822
7356,8846
7356,8944
3960,49
7356,8933
7356,3166
7356,4206
7356,8825
7356,7656
7356,9009
7356,6978
7356,8964
7356,9058
7356,1413
7356,8340
7356,3588
7356,8830
2145,66
7356,8855
7356,7398
7356,8883
7657,5881
7356,5466
7356,6390
7356,8906
7356,9042
7356,6396
7356,3693
7356,1705
7356,8984
7356,7471
7356,1232
7356,3652
7356,5145
7356,5896
7356,8949
7356,8908
7356,2119
7356,9066
7356,3960
7356,8959
7356,8811
7356,9024
7356,5212
7356,3915
7356,6815
7356,4120
7356,2918
7356,5254
7356,3959
7356,8607
7356,5171
7356,6185
7356,5134
7356,5849
7356,4843
7356,9048
7356,8783
7356,9000
7356,9040
7356,8272
7356,8937
7356,7987
7356,8947
7356,8247
7356,1706
7356,8870
7356,496
7356,1038
7356,7684
7356,3290
7356,8894
7356,5268
7356,736
7356,1522
7356,8808
7356,8997
7356,294
7356,5185
7356,6164
7356,1683
7356,161
7356,1887
7356,2606
7356,8902
7356,7026
7356,2705
7356,5880
7356,43
7356,8335
7356,146
7356,8928
7356,4360
7356,8486
7356,9030
7356,5545
7356,8837
7356,6585
7356,3143
5803,111
5567,111
111,1245
7356,8979
7356,8965
7356,4742
7356,4559
7356,8851
7356,7802
7356,3387
7356,5148
7356,9010
7356,7780
7356,8828
7356,6530
7356,5324
7356,3187
7356,8863
7356,4391
7356,8255
7356,7766
7356,8823
7356,5346
7356,484
7356,6583
7356,8835
7356,4585
7356,395
1706,49
7356,3500
7356,1734
7356,2240
7356,5285
3960,49
7356,4390
1887,49
8486,49
5881,49
5254,49
7356,8943
7356,6286
7356,2947
1522,49
7356,359
5466,49
7356,8974
6815,49
7356,6608
7356,9072
5364,9208
7356,3234
7356,5354
7356,5168
7356,5098
7356,3638
7356,8847
7356,4069
7356,204
7356,8893
7356,2628
7356,8853
7356,1519
7356,5358
7356,3526
7356,2927
7356,7964
7356,9054
7356,8594
7356,8911
7356,8507
7356,8931
7356,5516
7356,5202
7356,2178
7356,5040
7356,5175
7356,152
6265,66
7356,9022
7356,5112
7356,6421
7356,7657
7356,2811
7356,8143
7356,6827
7356,4500
9208,49
5285,49
7780,49
1734,49
5324,49
4391,49
7356,6350
7356,8660
7356,6457
7356,4544
7356,6766
7356,5117
7356,9057
4500,49
5354,49
6421,49
8143,49
8660,49
5175,49
4788,66
3588,7341
5120,7248
5836,2347
7248,49
111,1245
7341,49
3234,49
1690,1595
7356,6352
7356,4189
7356,3719
7356,8976
7356,8435
7356,8859
7356,3329
7356,8787
7356,4721
7356,8828
7356,6892
7356,8973
7356,8975
7356,7757
7356,3609
7356,8905
7356,5349
7356,9050
1595,23
3090,66
7175,7338
7356,8824
9048,7758
7461,66
111,1245
4069,49
5117,49
7758,49
3704,7189
111,1212
7189,49
3627,7189
7518,66
2251,147
2341,2345
7339,7175
7189,49
49,3627
2341,2345
2341,2345
2341,2345
7657,5881
748,24
5881,49
2341,2345
5474,5475
7696,66
177,178
5839,178
7657,5881
5040,66
49,3639
178,5800
7696,2752
8445,7175
937,222
937,222
937,222
7657,5881
937,222
5881,49
2752,49
5475,49
5800,49
49,3410
8431,7978
2178,66
1212,7562
3627,7189
2278,66
7121,24
7189,49
3627,7189
3704,7189
8300,7112
178,5800
7657,5881
3587,7333
7189,49
2341,2346
8445,66
5881,49
7189,49
5800,49
2341,2343
2341,2343
7112,49
49,2771
111,1283
9328,9331
9328,9331
7616,7617
146,147
5545,24
8298,66
9328,9331
7617,49
1212,7565
1212,7565
1212,7561
1212,7561
9328,9331
111,1131
1212,7561
1212,7565
49,3671
8526,6404
484,485
485,486
9147,66
3671,23
7616,7617
486,49
9328,9331
5896,2308
7230,66
2220,2219
2220,2219
880,152
7617,49
2308,49
9328,9333
2219,49
8526,6404
5364,9208
1212,7564
9328,9333
1212,7564
9208,49
8047,66
1212,7564
5202,4976
9328,9333
6314,66
520,521
937,1447
937,1447
4976,49
937,1447
937,1447
5202,4976
937,1447
1212,7564
937,1447
937,1447
937,1447
937,1447
1212,7564
9328,475
4976,49
520,521
471,475
521,49
111,1312
937,1447
49,111
9328,475
471,475
471,475
5364,9208
937,1447
9328,475
937,1447
937,1447
937,1447
8526,4252
111,152
1212,7563
4252,49
9208,49
9328,475
111,1312
111,1188
7763,4323
7763,4323
9328,475
7763,4323
7763,4323
8492,66
4323,49
7763,4323
111,152
4323,49
700,66
9328,472
471,472
8287,3886
6827,6826
6826,49
3886,49
937,1447
937,1447
937,1447
937,1447
937,1447
471,472
9328,472
4544,4546
9328,472
9328,472
627,66
6733,66
9328,472
8369,66
4546,49
5859,3174
3174,4210
3174,4210
5364,9208
9208,49
5040,66
3896,3897
3896,3897
49,1461
937,1447
8703,1151
3174,4210
8214,66
4210,49
1586,1587
8551,1592
1587,49
8142,1592
448,450
1592,49
7987,5117
111,202
5117,49
7032,6564
2851,66
111,202
49,111
7032,6564
937,1447
937,222
6564,49
7032,6564
2195,66
111,1086
302,301
6564,49
111,450
111,1275
8733,66
4068,4069
3638,7342
301,302
6734,1592
4069,49
7342,49
8646,1592
3537,4500
1592,49
5498,2208
5171,1956
1956,49
4500,49
1592,49
5554,66
2208,49
3717,66
9022,2370
3173,3174
2370,49
5562,5563
3174,4210
4210,49
111,1161
9048,7758
5562,5563
7758,49
8333,6094
5562,5563
6094,66
7695,5354
4207,2
7695,5354
7695,5354
5354,49
902,66
2019,66
3995,3996
2019,2020
3996,49
2020,49
4207,0
7695,7695
5821,6267
4207,0
4397,66
8276,66
111,1307
7695,5354
7839,7840
5354,49
6905,66
7840,7018
7018,49
49,111
7695,5354
8025,105
7987,5117
105,49
5354,49
3014,3015
8624,7816
8624,7816
8213,66
2493,66
3015,49
5117,49
3014,3015
7622,66
2493,66
3015,49
5120,7248
2906,2909
8276,66
2906,596
9341,66
9341,66
9068,944
7248,49
6628,6323
944,49
6323,49
2906,2907
3839,8568
49,3379
2906,2908
49,3081
8568,3839
9068,1358
7987,5117
3839,8568
5117,49
2906,2910
6193,66
111,1257
8594,806
806,49
7802,5254
2278,66
2906,2909
5254,49
7572,2169
2910,111
596,111
2908,111
2907,111
49,3537
4390,4391
4390,4391
2337,66
4391,49
5490,66
9195,66
49,2784
7656,6313
6313,49
1257,23
1257,23
4544,4546
1257,1071
6703,66
4546,49
1733,1734
1734,49
9,10
549,66
49,2879
4598,66
9263,2767
5364,9208
2767,49
3422,2767
482,66
9208,49
2767,49
549,66
1071,23
49,3745
49,23
1257,1071
1071,23
7518,5825
3609,5466
5825,49
5466,49
4567,3254
8699,3269
8699,3269
3269,49
8405,66
5364,9208
4423,4424
4424,49
9208,49
4473,4475
7841,7842
4475,49
8450,57
57,49
359,360
943,66
8249,1592
360,49
943,66
111,1195
111,1085
943,66
943,66
5202,4976
111,1143
8624,7816
8624,7816
1592,49
4976,49
49,3379
348,66
745,749
8219,66
749,49
8562,66
8562,66
49,3763
6979,6229
6979,6229
6518,66
6229,49
1497,8793
8798,4283
6240,66
3379,23
4544,4546
1497,66
4283,49
152,150
4546,49
1497,485
8778,2589
7587,2589
7925,2589
6942,2589
2811,4283
4283,49
2589,49
7368,66
150,152
6240,66
5863,5864
5864,49
6377,1608
49,23
84,82
484,486
486,49
2927,66
6897,66
4549,66
9048,7758
4549,66
6897,66
84,82
2025,72
7758,49
8025,105
716,1687
7368,66
105,49
111,1143
72,49
3166,3168
1687,49
5863,5864
5864,49
84,82
161,162
162,49
9215,66
7438,9097
7438,9097
35,33
7438,9097
7438,9097
5145,4659
8287,3886
7438,9097
5145,4659
84,82
7438,9097
84,82
8594,806
7090,2138
2459,24
806,49
33,49
2138,49
4659,49
3886,49
7090,2138
2138,49
5642,66
9160,9161
6280,66
6280,66
9161,49
6280,66
9215,66
9160,9161
9161,49
3959,3960
849,850
3960,49
850,49
7698,128
128,49
9160,9161
496,493
849,850
496,493
8650,4351
850,49
111,1307
7548,7549
4351,4352
496,493
4761,66
679,66
7549,49
9161,49
5364,9208
49,3693
49,3591
679,66
9208,49
493,494
7841,7842
1497,485
4544,4546
494,49
4546,49
8188,8189
8300,7112
111,1221
8188,8189
7112,49
49,2526
7471,66
8188,641
7152,66
7152,66
8188,641
8430,66
8188,641
641,49
641,49
6265,66
3035,3036
3070,3071
7921,1592
8334,2145
4233,66
7987,5117
1592,49
3071,8685
8334,2145
9237,1526
5117,49
8685,49
4233,66
49,2526
4738,66
1526,49
3036,49
7031,66
3071,3070
8392,7982
5202,4976
1540,2300
8360,8360
7982,49
1540,2300
8360,8361
4976,49
4810,4811
9237,1526
6583,6584
1526,49
485,486
486,49
6584,49
4811,49
49,3352
8287,3886
3886,49
7696,2752
6377,1608
5145,4659
7696,66
5145,4659
7218,1608
4659,49
2752,49
5364,9208
2136,66
5145,4659
3475,2177
3475,2177
5145,4659
2177,49
4406,1608
9208,49
4659,49
9105,1358
9105,1358
4659,49
5202,4976
84,82
4976,49
2990,2991
84,82
3537,4500
4500,49
3537,4500
84,82
82,84
4500,49
82,84
5349,656
656,49
655,656
6040,192
656,49
192,49
3797,6835
49,3777
4423,4424
49,1461
295,294
6040,192
3475,2177
7518,5825
192,49
49,3631
294,297
111,1244
9328,9330
4424,49
2177,49
5825,49
297,111
7944,7945
7945,49
49,3777
49,3837
3537,4500
7724,66
4500,49
49,823
7724,66
823,49
3032,66
7966,7266
7963,7964
7266,49
3893,3892
4282,4283
5679,3996
7944,7945
4282,4283
7317,7318
3996,49
3187,3188
4283,49
8300,7112
1936,66
3187,3188
4283,49
3188,49
7112,49
3187,3188
8786,66
7861,66
3537,4500
458,459
7861,66
3188,49
458,459
8360,66
4500,49
4509,66
4068,4069
8360,66
49,3668
471,473
2145,6921
4069,49
7966,7266
6921,49
5741,66
7266,49
471,473
2145,6921
8493,851
5896,2308
6921,49
2308,49
4544,4546
851,49
5202,4976
4546,49
4976,49
8082,6513
1628,1629
8082,6513
8082,6513
6513,49
9341,66
7614,66
8082,6513
6513,49
7544,7545
471,473
471,473
5120,7248
6585,6584
7248,49
5896,2308
1949,1369
8368,66
1368,1369
1369,49
6584,49
2308,49
7767,38
49,3837
3187,3188
49,3837
84,83
6193,6196
3188,49
4068,4069
4069,49
6196,49
7544,7545
7030,6981
7787,66
82,83
49,3837
49,2918
1238,7848
6711,2793
1238,7848
1497,66
6711,2793
568,570
7757,7758
6091,66
568,570
6711,2793
2793,49
6091,66
568,570
568,570
6091,66
7758,49
7357,66
621,66
621,66
66,2571
302,4170
621,66
5364,9208
8255,5157
302,4170
2571,49
6892,23
6981,111
6711,66
66,2577
570,568
5157,49
9208,49
2793,49
2577,49
66,1466
66,1257
66,2718
1683,1684
7572,2169
1683,1684
1466,49
2718,49
1684,49
271,272
621,623
7987,5117
5901,1207
779,779
5117,49
7929,66
5040,66
2145,6919
1238,7844
6040,192
7518,66
192,49
49,1192
410,412
3893,66
410,412
66,2601
66,2451
7987,5117
66,2594
2601,49
49,3415
5117,49
2594,49
2434,3062
2434,3062
410,412
7757,7758
2434,3062
410,412
7758,49
3893,3892
2434,3062
4544,4546
6193,66
8406,66
7635,4379
4546,49
8406,66
6156,66
4379,4380
66,1690
7962,66
66,1257
66,2885
66,2401
66,1212
1634,66
6091,66
6135,66
7525,7526
4380,49
66,2724
4027,66
6711,2793
66,2560
66,1608
1497,66
5821,6267
66,2794
6267,49
2793,49
66,2829
66,2877
4390,4391
7525,7526
4391,49
49,3612
66,2341
2877,49
66,2747
66,2851
66,486
66,2784
66,2846
66,2428
66,2562
66,2538
66,2606
66,2891
66,2435
66,2613
66,2789
66,2832
66,2468
6711,2793
6711,2793
66,2663
486,49
6711,2793
66,291
2468,49
6711,2793
6711,2793
6711,2793
6711,2793
6711,2793
66,164
66,1507
66,1477
66,2526
6711,2793
66,277
66,2814
66,2161
66,2459
66,2600
66,2713
3893,66
291,49
2793,49
2663,49
7526,49
1507,49
2713,49
2600,49
3951,66
5821,6267
6267,49
49,2661
6711,2793
6711,2793
6711,2793
6711,2793
6711,2793
6711,2793
6711,2793
6711,2793
2178,66
7525,7526
49,3788
2178,66
2793,49
7596,2263
2178,66
3788,88
2263,49
7526,49
1686,66
6711,2793
3141,88
2278,66
7547,7544
2793,49
6711,2793
6711,2793
1633,66
49,1112
7544,88
7596,66
1257,24
1257,24
2793,49
7525,7526
1634,66
7596,66
7596,66
1497,66
7526,49
5897,2308
4223,66
1257,1071
3951,66
3475,2177
3475,2177
1257,1071
1257,1071
2177,49
4516,88
1497,66
1071,24
1575,57
1257,23
1257,23
1257,23
1257,23
2434,88
1575,57
76,73
66,2161
66,2832
66,2613
49,1112
57,49
1603,4389
2832,49
6182,66
49,3389
7045,38
6182,66
6182,66
8602,66
6182,66
6182,66
73,76
66,2541
66,2247
66,2613
66,2161
66,2866
66,1257
66,2784
66,2663
66,2811
66,190
190,49
2247,49
2663,49
2541,49
49,3587
49,3594
49,3612
3953,3954
66,2492
66,22
66,2759
66,2852
66,483
66,2889
66,2768
66,2660
66,2481
66,1141
66,2804
66,2711
66,2888
66,1488
66,2879
66,1369
66,2898
66,2730
66,2864
66,1257
66,570
66,2794
66,2728
66,2759
66,2449
66,2654
66,2818
66,2551
66,2428
66,2531
76,73
2759,49
1369,49
3953,3954
3954,3953
2804,49
2728,49
2730,49
483,49
4274,4277
66,2660
4277,49
185,186
1488,66
186,5301
4095,3228
3228,49
5301,88
49,3512
111,1279
7836,7751
7751,49
111,1245
4095,4096
49,3668
66,1257
1257,88
111,1248
111,1112
66,2538
66,2673
3893,66
2673,49
4096,49
6371,6372
6422,88
111,1074
489,3884
2185,66
7698,128
128,49
9238,4851
1385,66
1385,66
49,2231
4851,49
111,1207
4095,4096
4096,49
111,1071
3588,7341
2231,88
7341,49
5896,2308
2231,24
111,1049
111,1342
49,3389
2308,49
111,1141
1981,1982
111,1295
66,2885
111,1169
111,1196
111,1120
111,1279
111,1069
1049,49
9058,66
111,1267
111,1006
66,2630
111,1292
3412,5567
2630,49
1741,66
111,1292
66,1296
3537,4500
4500,49
73,76
7942,66
49,111
111,1176
902,66
2818,23
66,1296
2818,24
5145,4659
3594,38
4659,49
49,3389
7357,66
7357,66
9272,6028
9272,6028
152,203
9272,6028
6028,49
49,3334
9272,6028
5364,9208
6028,49
9208,49
49,3817
111,1327
5145,4659
49,2661
49,3817
2747,66
8642,66
9272,66
4659,49
3817,66
111,1342
66,2661
73,76
49,3719
8300,7112
7112,49
5171,1956
1653,88
8498,66
111,1342
3817,66
1956,49
3777,3777
152,203
49,3817
6671,66
3817,66
3777,8741
6825,6826
152,203
3817,66
3426,5669
6826,49
152,203
3777,8740
7030,4801
3893,66
4801,49
49,3287
66,2747
3777,8740
880,203
49,3357
2864,9175
2864,38
111,1279
3480,166
111,1342
49,111
166,49
66,2747
152,203
2864,38
2864,38
49,3817
3817,66
152,203
8633,8634
3777,8742
9348,4243
937,222
937,222
937,222
2136,66
937,222
937,222
937,222
4243,49
937,222
66,2846
8455,8456
937,222
8455,8456
937,222
937,222
4413,66
937,222
111,1011
937,222
937,222
937,222
937,222
937,222
4544,4546
4546,49
6504,1592
49,214
3777,8742
3777,8740
1592,49
111,1270
66,2762
111,1119
4068,4069
4069,49
4413,66
748,88
4578,66
66,2747
111,1107
111,1342
3777,8742
4578,66
111,999
111,1107
748,88
49,214
6548,66
66,2425
937,1488
937,1488
8658,88
111,1339
937,1511
111,1284
9328,88
937,1467
2425,203
937,1412
1511,49
937,73
111,450
937,1433
2425,203
8196,4396
937,1476
937,1499
1476,49
4396,49
937,1469
937,1428
111,1283
1499,49
3328,4058
937,1507
937,1442
2447,203
937,1493
49,3311
214,9300
1507,49
1493,49
1442,49
4423,4424
4424,49
1586,1587
202,203
1587,49
49,111
3137,66
3537,4500
3137,2448
5373,49
66,746
4500,49
2448,49
8498,66
4720,222
49,1461
8734,6743
2232,26
8786,66
6743,203
5364,9208
4059,1679
164,1489
4720,222
4720,222
4720,222
4720,222
4720,222
4720,222
4720,222
4720,222
9208,49
4720,222
4720,222
902,66
7816,26
111,1259
1679,49
66,2891
5120,7248
9272,66
1653,26
7248,49
9272,6028
7987,5117
6028,49
8430,66
5117,49
49,230
6781,66
6096,66
1238,7849
8745,66
4068,4069
6096,66
7698,128
4069,49
4520,66
1238,7845
66,2588
66,2526
7942,66
4520,66
8080,66
128,49
1238,7845
8080,66
111,1245
1238,7845
1238,7845
2451,2588
5895,66
49,2879
1238,7847
87,88
9162,66
1238,7847
2178,66
3777,8739
2451,2588
5895,66
1578,66
1238,7847
2278,66
1238,7847
66,2588
49,111
66,2785
49,111
3777,8739
111,1245
111,1246
4059,1679
4059,1679
2434,26
230,231
5202,4976
49,111
4976,49
3777,8739
3537,4500
7623,88
3777,8739
4500,49
1679,49
66,2898
8492,66
6615,6616
8721,1592
3777,8743
5148,66
1592,49
2231,26
3777,8743
5373,49
6283,1271
3777,8738
3777,8738
66,752
111,1074
2814,66
152,202
3777,8738
7774,66
3777,8744
7774,66
66,2715
49,111
3777,3197
1653,26
3777,3197
3777,3197
2139,66
152,203
3777,3196
6127,88
111,1245
152,2425
3196,3197
3777,3197
3753,26
2757,26
5516,1758
7572,2169
1758,49
49,3397
3777,3197
3777,3197
9093,1758
8215,192
1358,944
1758,49
49,3523
3230,66
2814,7079
3523,6769
7079,49
192,49
944,49
6979,66
6127,26
3230,66
9322,26
9322,88
3523,6769
4472,66
9322,88
4473,4475
2449,66
4475,49
6420,66
7759,66
6040,192
66,1257
49,3591
1358,944
2449,66
1257,88
3690,26
152,26
944,49
192,49
7481,66
3591,66
66,2449
49,3690
2449,66
66,2702
2449,66
111,1301
49,3802
2449,66
49,3648
3648,66
7481,66
5202,7977
66,2503
7481,66
49,2435
7481,66
66,2503
111,1124
1124,26
6556,66
3537,4500
9068,944
4500,49
944,49
9342,66
7701,7702
2102,2824
4742,4743
66,2747
2197,66
4447,66
6907,26
2983,66
7702,49
2102,2677
5202,5607
1069,5515
4447,66
1207,5901
1876,1877
66,2677
66,2824
1877,49
66,2102
111,1207
6303,66
4743,26
8621,66
6303,66
6303,66
2973,2974
8438,4046
2973,2974
49,3648
111,1080
4046,111
49,3389
906,66
66,2788
8215,192
192,49
906,66
7286,1592
906,66
7701,66
2927,66
2949,2950
1592,49
6907,88
49,3389
1525,1526
2949,2951
1526,49
7701,66
6556,66
7701,7702
7701,66
5202,4976
66,1281
6399,6400
4824,66
66,2898
4976,49
7702,49
6698,389
7373,66
2531,5437
7574,66
3639,88
3648,66
111,1176
111,1244
111,1245
7129,2974
5642,66
49,3436
5437,8670
5437,8670
7701,66
5437,8670
5437,8670
549,66
2983,2984
5906,66
6400,49
2984,49
1525,1526
111,1245
1526,49
49,2449
2922,2923
6399,6400
2449,66
66,2780
9105,1358
3638,7342
8617,8618
2923,2922
2780,49
1196,7272
7342,49
7090,2138
2983,2984
8617,8618
22,26
2138,49
6399,6400
2922,2924
7701,7702
3436,66
6400,49
7702,49
111,1327
111,1035
111,1085
2984,49
49,3224
66,2780
8602,66
2924,49
5145,4659
2780,49
111,1035
2949,583
5145,4659
4659,49
49,3676
2922,2924
4516,26
4659,49
66,1281
7701,7702
7701,7702
7702,49
2924,49
583,111
9160,9161
111,1245
49,3676
1799,1800
9161,49
7702,49
9160,9161
849,850
9161,49
7701,7702
7702,49
850,49
3676,3403
6742,66
6683,1799
6683,1799
5112,5882
6556,2578
6683,1799
5882,49
49,1413
2578,49
1799,23
49,2661
1799,25
7752,66
111,1262
3537,4500
9031,66
2988,49
4500,49
49,66
35,33
66,2616
111,1165
33,49
49,3544
49,3676
66,2492
7283,38
7025,66
66,2898
8281,66
8772,8773
66,2492
66,2735
66,2382
7507,5306
66,2560
6556,2578
2560,49
7215,66
2578,49
5306,49
111,1092
49,3414
667,66
7987,5117
8498,66
2904,66
7097,2271
5117,49
7072,2271
111,1092
2459,25
152,60
2271,49
152,60
7283,1522
880,203
3537,4500
4500,49
1522,49
667,66
880,60
4423,4424
667,66
1778,66
7283,1522
4424,49
1522,49
3753,6769
1778,66
3753,6769
3537,4500
7090,2138
4134,66
4500,49
4134,66
2138,49
7696,2752
2752,49
7696,66
4601,66
5145,4659
3414,38
748,26
5202,4976
9067,3234
4976,49
4659,49
4068,4069
3414,1582
3234,49
8288,8291
3537,4500
8658,26
2428,2996
4069,49
4500,49
8288,8291
2428,2996
714,66
2996,26
667,66
49,3774
6743,203
7090,2138
8288,8291
2138,49
7572,2169
5399,584
2459,88
584,49
7507,5306
7507,5306
493,494
8288,8291
8300,7112
6743,60
5301,26
66,2539
7112,49
849,66
5306,49
494,49
1603,1603
8288,8293
4261,584
3414,811
584,49
2864,1001
4261,584
584,49
49,111
4544,3961
3537,4500
3961,49
4500,49
1949,66
2949,2951
5120,7248
7248,49
2951,49
849,850
6040,192
4261,584
3839,8568
584,49
192,49
850,49
66,324
111,1165
49,3367
8568,4374
2918,60
66,2595
9272,66
4261,584
7626,3582
9272,6028
8537,1361
1160,6856
584,49
324,60
3753,6769
2595,49
3582,49
1361,49
6028,49
6847,66
4261,584
66,2736
2114,66
3367,66
5364,9208
3676,26
8568,4374
3367,66
584,49
2736,49
9208,49
4261,584
5896,2308
584,49
857,66
111,998
2308,49
857,66
5679,3996
111,1144
324,2078
3996,49
4261,584
294,296
2078,60
111,1165
66,2620
111,570
49,111
584,49
4134,66
6615,60
2078,324
2620,49
1119,6167
324,5974
66,2826
296,1832
5974,60
5974,324
2918,4651
2918,6119
2918,6117
2918,6120
2918,6115
2918,6114
2918,6118
3475,2177
2918,6116
2918,2917
4423,4424
66,2577
7110,66
4651,60
6943,6944
324,5923
4424,49
2177,49
66,2620
2577,49
5923,60
5923,6339
6339,60
6339,324
1832,111
66,2665
2620,49
6119,60
6115,60
6118,60
6120,60
6116,60
6117,60
2917,60
6114,60
324,5992
5992,60
5992,7364
7364,60
324,705
324,845
7364,677
705,60
845,60
705,706
845,846
677,60
324,4841
324,2038
846,60
706,60
324,5969
677,678
4757,66
846,8118
706,1391
4841,60
2038,60
5969,60
8118,60
678,60
1391,60
4841,3967
2038,2039
5969,3120
8118,8514
678,4792
1391,1392
8514,60
1392,60
4792,60
3120,324
3967,324
2039,324
4792,4793
1080,1075
8514,603
1392,2206
4793,60
603,60
2206,60
603,604
2206,6641
4793,5586
604,60
5586,60
6641,60
604,1941
6641,4462
5586,5587
5587,60
4462,60
1941,60
1941,249
4462,912
5587,327
249,60
327,60
912,60
912,913
249,250
327,328
250,60
250,2012
2012,60
913,60
2012,324
328,60
913,3910
328,324
3910,60
3910,324
3400,5512
49,3671
3400,5512
324,955
955,60
49,3397
324,5968
5968,60
955,956
4757,66
324,5964
5968,3902
956,60
5964,60
956,5448
3902,60
324,3865
3537,4500
5964,2201
3865,60
324,5959
5448,60
3902,3903
2201,60
3903,60
5088,66
5959,60
49,1461
5448,5473
3865,3866
4500,49
111,1195
5473,60
3903,4237
3866,60
2201,2202
5959,2375
324,1739
3866,840
4237,60
5473,3162
2202,60
2375,60
1739,60
2375,2376
3162,60
4237,6963
840,60
2202,3149
1739,1740
324,5949
3149,60
2376,60
6963,60
5088,66
3162,3163
2376,6416
6963,6964
5949,60
1740,60
3149,6624
840,841
1740,6111
5949,7116
3163,60
324,5978
841,60
6624,60
6416,60
6964,60
5978,60
6624,6388
324,507
7116,60
3163,7219
6111,60
6416,6104
6964,8271
5088,66
841,3169
6104,60
6388,60
8271,60
6111,6112
5978,6939
3169,60
507,60
7116,5502
7219,60
6112,60
4465,66
6939,60
5502,60
3169,477
8271,4259
6388,6389
7219,7220
324,5918
6104,6105
507,508
3400,5512
6939,6940
6112,4112
5502,5503
6105,60
7220,60
508,60
6389,60
477,60
4259,60
5918,60
6940,60
4112,60
5503,60
508,4672
5503,8625
477,478
5918,6049
4112,4113
4259,4260
7220,5847
5512,355
6940,7781
6389,6279
6105,4345
1586,1587
4672,60
4345,60
478,60
7781,60
6279,60
5847,60
6049,60
4260,60
4113,60
8625,60
5202,4976
6781,66
6049,4505
8625,5842
4672,2956
49,111
4345,4346
478,2141
6279,1901
49,214
7781,6601
4346,60
4505,60
1901,60
5847,5848
4113,2268
2956,60
4260,6136
2141,60
5842,60
66,2616
6136,60
6601,60
5842,5843
5848,60
2956,175
4505,4506
1901,1902
4346,7016
2268,60
2141,2142
2142,60
1902,60
175,60
7016,60
5843,60
4506,60
4757,66
6136,4024
5848,6555
6601,6602
2268,2269
1902,6696
4506,8145
5843,6574
7016,2182
2142,6674
175,176
6602,60
6555,60
66,2663
4024,60
4976,49
2269,60
4059,1679
6674,60
2665,2441
6696,60
2182,60
6574,60
8145,60
176,60
6602,6672
6574,6680
2182,2183
4024,2315
2269,6243
8145,8382
6696,1927
6555,1657
6674,6675
6675,60
2183,60
2315,60
6243,60
6672,60
1657,60
8382,60
6680,60
1927,60
176,8299
2441,49
1525,1526
1679,49
1587,49
2663,49
66,1472
1526,49
4691,66
1657,324
6243,324
66,2398
66,2815
6672,324
111,450
2315,324
2815,49
1472,49
5373,49
6675,324
6680,324
49,3734
8382,324
2183,324
8299,324
1927,324
3777,6769
5364,9208
9208,49
3367,2894
324,5952
2894,49
3734,49
5952,60
5952,5894
5894,60
2082,6178
5894,5520
324,1696
5520,60
5520,5521
1696,60
5521,60
1696,1697
6178,49
66,2815
5521,8154
1697,60
1697,5506
8154,60
8154,8072
5506,60
66,2815
66,2815
8072,60
5506,6550
3367,2894
6550,60
8072,8073
6550,4583
8073,60
111,965
111,1165
4583,60
8073,8183
2585,66
3523,6769
8183,60
66,2815
4583,4584
2531,5436
4584,60
8183,3077
2894,49
2815,49
4584,7287
3077,60
66,2617
7287,60
3077,3078
3078,60
7287,6125
6125,60
3078,1355
6125,6126
1355,60
6126,60
1355,1356
6126,6223
66,2541
1356,60
6223,60
1356,5727
6223,6224
2815,49
6224,60
5727,60
5727,5482
6224,5735
5482,60
5735,60
1303,2267
5482,5483
5735,4219
5483,60
4219,60
2541,49
5483,4267
4219,4220
4220,60
4267,60
4267,4268
4220,4080
66,2510
4268,60
4080,60
8510,66
4268,2355
66,2547
4080,4081
294,296
2355,60
4081,60
2355,2356
4081,4696
2356,60
4696,60
2356,4849
4696,5621
5621,60
4849,60
2267,111
5621,3131
4849,4850
4850,60
3131,60
3131,3132
4850,8441
2547,38
8441,60
3132,60
6214,23
3132,4596
8441,7857
7857,60
2510,49
66,2770
4596,60
9182,6922
4596,5779
7857,1909
5779,60
1909,60
5779,5780
1909,1910
5780,60
1910,60
9182,9183
5780,1928
1910,324
1928,60
2616,38
2616,38
1928,1929
9182,3305
9182,3542
1929,60
1929,2047
9182,9184
9182,9185
2047,60
3415,5588
3415,5588
2047,2048
6347,6348
2770,49
2616,38
2048,60
2048,4718
66,2418
4718,324
2616,38
2127,2128
324,5993
324,1383
5993,60
66,2329
5993,931
1383,60
2418,49
1383,1384
931,60
1384,60
111,1112
931,932
932,60
932,6612
4095,3228
5373,49
6612,60
2127,2130
6612,6613
6613,60
6613,1753
1753,60
4095,4096
1753,1754
6752,4391
1754,60
1384,8063
8063,60
4391,49
4096,49
3228,49
1754,6245
8063,415
6245,60
4095,4096
415,60
6245,6246
415,416
6246,60
416,60
6246,6993
416,6592
6993,60
6592,60
6993,5461
6592,6327
7215,4398
4096,49
5461,60
6327,60
5461,4191
6327,5676
5676,60
4191,60
5676,4157
6347,6348
4191,3135
4157,60
3135,60
3135,3136
4157,4158
4158,60
3136,60
3136,6031
621,624
4158,2985
2985,60
6031,60
6031,6087
2985,2986
2986,60
6087,60
2986,1396
6087,6362
1396,60
6362,60
6362,6363
1396,1397
111,1192
1397,60
4398,49
6363,60
6363,6848
1397,6174
66,905
6174,60
6848,60
6848,6037
6174,6175
6175,60
6037,60
6037,2193
6175,6376
2918,4685
6376,60
2193,60
66,2329
905,49
2193,2194
6376,5565
4685,60
66,1272
5565,60
2194,60
5565,5566
2194,5633
5633,60
5566,60
5566,7298
5633,7242
7298,60
7242,60
7242,7801
7298,7299
7801,60
7299,60
111,1075
111,1192
7299,8012
7801,585
585,60
8012,60
3609,5466
8012,591
66,2420
585,371
591,60
371,60
1141,1974
6046,6047
371,372
591,592
49,1450
592,60
372,60
5817,617
372,4487
592,4336
4487,60
4336,60
4487,4477
4336,4599
4477,60
4599,60
4477,4478
4599,7975
6047,49
4478,60
7975,60
7975,1515
4478,6577
1515,60
6577,60
1515,1516
6577,6595
1516,60
6595,60
1516,4040
6595,6596
4040,60
6596,60
6596,154
4040,8070
8070,60
154,60
5466,49
8070,6150
154,141
6150,60
141,60
141,142
6150,1915
142,60
1915,60
142,4662
1915,1916
4662,60
1916,60
4662,7448
1916,1637
1637,60
7448,60
7448,8048
1637,1638
1638,60
8048,60
1638,7268
8048,7786
7786,60
617,49
7268,60
7268,4670
7786,2033
49,3763
2033,60
4670,60
4670,1881
2033,2034
5651,466
49,3668
1881,60
2034,60
1881,1882
2034,7597
7597,60
1882,60
6347,2875
1882,775
7597,7598
775,60
7598,60
5512,355
775,776
7598,7599
776,60
4651,2918
7599,60
6117,2918
4685,2918
6118,2918
6115,2918
7599,7670
6114,2918
2917,2918
776,6535
6116,2918
6120,2918
6119,2918
7670,60
6535,60
7670,9122
6535,7288
66,1141
2988,49
7288,60
9122,60
9122,6746
7288,283
6746,60
466,111
283,60
6746,2122
283,284
2122,60
284,60
4390,4391
7701,7702
2122,1528
284,2115
2115,60
1528,60
2115,2116
1528,439
2116,60
439,60
439,440
2116,4328
5817,617
440,60
4390,4391
4328,60
2875,6348
617,49
4328,3185
440,6218
4339,23
6218,60
3185,60
3185,3186
8731,6784
6218,225
4339,25
6742,66
3186,60
225,60
3186,7304
6347,2875
225,226
7702,49
4391,49
2988,49
7304,60
226,60
226,5450
7304,7118
5450,60
7118,60
5450,6691
7118,7119
6691,60
7119,60
6691,8781
7119,7120
7701,66
4339,24
6742,5457
7120,60
8781,60
7120,5819
8781,8135
8135,60
1450,49
5819,60
5819,903
8135,8136
8136,60
903,60
7701,66
903,904
8136,8008
8008,60
904,60
8008,7280
904,4486
7280,60
4486,60
7280,5702
4486,4256
1412,38
5702,60
4256,60
4256,4257
5702,5703
5703,60
5457,49
4257,60
5703,8120
4257,6337
4339,24
8014,26
6337,60
8120,60
6337,6338
8120,6653
6653,60
6338,60
6653,1802
6338,7750
7750,60
1802,60
7750,386
1802,1803
386,60
1803,60
66,2419
6046,6047
386,387
1803,6009
387,60
6009,60
6009,6844
387,7661
7661,60
6844,60
2419,49
6047,49
6796,6799
6844,463
7661,8414
463,60
2653,4263
8414,60
463,464
8414,8019
4263,30
6796,6799
6282,2332
464,5414
464,60
8019,60
5414,60
8019,6996
111,1165
5414,1813
6796,6799
6996,60
1936,66
1813,60
1813,1814
6996,6997
49,1605
6997,60
1814,60
66,2470
6997,8095
1814,9104
8095,60
9104,60
8095,8096
9104,7665
6796,6799
8096,60
7665,60
1605,5588
7665,7666
8096,8341
7666,60
8341,60
7666,4417
8341,6648
4417,60
6648,60
6648,6649
4417,4418
2332,49
6649,60
4418,60
66,2470
4418,6085
6649,8062
6085,60
8062,60
2329,2328
8062,7792
6085,1570
7792,60
1570,60
1570,1571
7792,219
9048,7758
66,2470
1571,60
219,60
1571,6800
219,220
220,60
6800,60
6800,8297
220,6154
8297,60
6154,60
2329,2328
6154,1829
8297,2921
66,2718
1829,60
2921,60
2329,2328
2921,1555
1829,1830
5896,2308
1555,60
2718,49
1830,60
7758,49
8507,5135
1555,1556
1830,7541
7541,60
1556,60
1556,4139
7541,3997
1605,5588
4139,60
3997,60
3997,3998
4139,2304
111,1165
3998,60
2304,60
3998,403
66,2663
2304,939
939,60
403,60
939,940
403,404
66,2419
404,60
940,60
2308,49
2663,49
940,6642
404,6249
6642,60
6249,60
6282,2332
6249,2090
4616,2104
6642,6643
2090,60
6643,60
6643,7863
2090,2091
2091,60
1603,4387
7863,60
111,1020
49,111
7863,6970
2091,5421
6970,60
5421,60
6970,6971
5421,5422
5422,60
6971,60
1603,4388
6971,7074
5422,1767
1767,60
66,2718
7074,60
5752,66
7074,8651
1767,1768
1605,5588
8651,60
1768,60
8651,324
1768,2071
2178,66
2071,60
2071,5717
2718,49
2419,49
5752,66
2278,66
5717,60
5717,436
4263,30
436,60
436,437
437,60
437,2976
2976,60
2976,324
5135,49
2332,49
2104,49
66,2898
3745,3745
66,2705
8107,128
128,49
111,1293
4616,2104
214,2702
2104,49
1192,6769
2596,66
111,1295
2596,66
111,1276
66,651
66,570
5273,23
66,2441
7481,66
66,2468
2441,49
651,49
49,3621
5512,355
5273,25
5273,24
3753,6769
7481,66
66,2672
5782,66
7481,66
2468,49
49,111
66,2706
5512,355
902,66
49,3621
5512,355
5512,355
9154,236
8438,2905
1192,6769
1192,6769
1192,6769
2905,111
2706,49
2672,49
236,49
111,1276
7290,4772
2988,49
111,1293
6046,6047
1192,6769
4772,49
6047,49
1192,6769
6282,2332
2332,49
1605,5588
66,2739
1192,6769
5512,355
2329,4682
5512,355
2739,3245
5588,49
3671,8027
2739,3245
9110,4096
9110,3228
111,152
1119,6167
4096,49
3245,49
3753,6769
9154,5206
214,2702
66,2854
1119,6167
8184,335
7024,66
1192,6769
8184,335
1605,5588
7290,4772
3228,49
5206,49
2854,49
335,49
2739,3245
9110,1563
111,1221
7290,4772
5588,49
4772,49
335,49
3245,49
2988,49
66,2441
9154,236
2441,49
66,2794
1358,944
111,1276
111,152
236,49
1563,49
944,49
66,2810
9110,4096
66,2665
9110,4096
4096,49
2810,49
49,3639
66,2838
9110,3228
3228,49
214,2702
2838,49
214,2702
66,2810
7256,66
3091,3092
5512,355
3091,3092
2810,49
7256,2663
2035,2036
3753,7228
2663,49
3092,49
3753,7228
214,2702
66,1427
214,2702
66,2508
1427,49
8133,66
111,1342
7228,6769
214,2702
2508,49
152,8358
214,2702
54,55
1653,23
2665,7077
111,1276
214,2702
9110,1563
66,2706
1591,1592
111,1266
7423,5232
66,2448
214,2702
7423,5232
7423,5232
9110,1563
2448,49
2706,49
1592,49
214,2702
5232,49
1563,49
214,2702
4274,4277
214,2702
111,1207
4277,49
7423,5232
398,399
7423,5232
5232,49
398,399
111,1038
399,398
7423,5232
398,399
5232,49
111,993
111,1276
1257,8114
66,2670
49,158
5145,4659
4659,49
7423,5232
7423,5232
49,111
66,2710
5232,49
1671,66
623,7106
1192,6769
1192,6769
5145,4659
681,682
681,682
5202,4976
4659,49
682,26
111,1342
111,1003
4976,49
7544,1654
66,2553
2665,66
2665,66
2553,49
49,3357
8643,7098
2670,60
7098,49
7228,6769
3067,66
849,850
850,49
111,1276
3537,4500
4500,49
8300,7112
6282,2332
66,152
7112,49
2332,49
49,3692
66,2826
66,152
111,1342
5145,4659
4659,49
66,152
8302,66
3067,66
152,8356
152,6614
9113,66
1552,24
202,60
661,66
49,3579
1552,24
1192,6769
111,202
1552,24
4544,3961
3961,49
1412,38
111,1151
4059,1679
1679,49
165,66
165,66
1412,73
3904,66
1107,6051
5512,355
3537,4500
9235,66
111,1045
1412,73
4500,49
1412,73
66,1496
9235,66
1192,6769
4347,1846
1496,49
1846,49
2103,2104
66,2885
2104,49
111,1048
76,73
2103,2104
2104,49
49,3619
5512,5511
8196,1693
8196,4396
1693,49
8708,6782
4396,49
5512,5511
73,38
73,74
8196,4396
4396,49
3426,5669
66,2145
6366,4374
5373,49
214,158
6366,4374
7507,5306
74,75
5306,49
214,158
4524,4525
8520,1592
66,2458
4525,772
1192,6769
5451,4374
2258,1592
4525,770
4525,770
214,158
1124,6239
1592,49
8006,4374
73,75
8006,4374
8708,6782
5451,4374
66,291
214,158
5120,7248
6239,49
2988,49
2538,4374
770,771
73,75
2538,4374
7248,49
332,66
214,158
772,49
291,49
2458,38
49,111
49,111
3537,4500
214,158
4500,49
111,1128
49,3753
49,2665
2988,49
111,1128
111,1018
49,111
111,1012
111,1128
7215,4398
2988,49
2665,7076
5896,2308
2308,49
4398,49
5373,49
111,1342
66,2393
49,111
1192,6769
3621,1809
7215,66
5373,49
4525,770
2949,2951
49,3668
111,1128
2951,49
1809,49
5755,66
49,2145
49,3692
49,111
111,1128
111,1342
2988,49
770,772
66,2541
5373,49
772,49
3621,1809
6825,6826
66,2747
2541,49
1809,49
6046,6047
5826,2108
6826,49
2108,49
111,1128
6047,49
8548,2420
771,770
49,2665
8548,2420
66,2441
66,2814
2441,49
49,111
5826,2108
111,1128
5755,66
4525,770
2108,49
1238,7846
4614,3929
4525,770
1238,7846
5145,4659
1192,6769
2665,223
4659,49
111,1128
6303,66
4614,3929
3929,49
9320,5728
5728,49
1238,7846
5490,5491
7228,6769
49,111
66,2617
8274,4772
4614,3929
2327,1592
8274,4772
111,1032
1592,49
4772,49
8274,4772
3972,1592
1592,49
4771,4772
111,1128
5373,49
4772,49
6040,192
1238,7846
111,1097
192,49
2927,66
1238,7846
1238,7846
49,111
111,1186
111,1097
111,1186
49,3597
1192,6769
3537,4500
3537,4500
111,1097
4500,49
7228,6769
348,66
49,3410
66,2593
2593,49
6040,192
192,49
3597,1605
8160,66
49,3597
4059,1679
1679,49
3597,1605
49,1153
1192,6769
7662,49
1674,66
3597,1605
3597,1605
3597,1605
4423,4424
49,3488
9105,1358
4424,49
1674,66
7978,223
9118,66
5202,5231
3488,1605
49,3454
1192,6769
4473,4475
4475,49
3995,3996
7978,223
7828,66
3996,49
214,158
3638,7342
214,158
7342,49
1358,944
214,158
944,49
111,1080
5563,66
6828,6829
324,5979
6829,49
7662,49
5979,60
5979,8193
8193,60
8193,324
324,5981
49,3841
49,111
5981,60
8657,66
5981,8217
8217,60
8217,324
6828,6829
8731,3825
66,1272
49,3591
1192,6769
6829,49
2851,66
324,4002
324,5982
4002,60
5982,60
4002,324
5982,324
4843,66
324,5977
324,5973
5977,60
5973,60
5973,8042
5977,6808
8042,60
6808,60
5438,944
6808,324
3591,66
2851,66
8042,324
5725,66
49,3367
324,2167
324,5966
324,5925
324,5961
324,3969
324,5951
324,2200
324,1764
944,49
49,3367
324,1899
3841,1605
324,5999
324,5851
324,5936
324,1934
5851,60
1899,60
5936,60
5999,60
1934,60
1899,1900
5999,1668
324,5943
3367,66
5851,5852
324,524
5936,6202
324,5934
1934,1935
5943,60
524,60
5934,60
1900,60
6202,60
1935,60
1668,60
5852,60
524,525
5943,6024
1900,6103
5934,6657
1160,6871
1668,1669
3367,66
324,329
3367,66
324,5998
324,5963
329,60
5998,60
5963,60
49,3591
49,2665
2200,324
5961,324
5951,324
5966,324
1764,324
2167,324
5925,324
6103,324
1935,324
6202,324
329,324
1669,324
525,324
5852,324
6657,324
5998,324
3969,324
6024,324
5963,324
1160,6861
3591,66
2665,66
1160,6861
324,4042
324,5873
324,5967
5873,60
4042,60
5967,60
5967,5617
5873,5874
4042,4043
880,60
7662,49
2665,66
4043,60
5617,60
5874,60
4043,8090
5617,4204
5874,7346
4204,60
8090,60
7346,60
8090,324
7346,324
4204,324
324,5920
324,5940
324,5525
324,3236
324,3227
324,5944
324,6000
324,5954
324,5926
324,4844
324,5933
324,5938
324,3894
324,5987
324,6006
324,1924
324,2073
324,5950
324,5941
324,3861
1653,1654
324,5947
324,5965
1653,1654
324,5957
324,5990
3400,5511
324,5956
5940,60
5920,60
5956,60
3236,60
5990,60
2073,60
5954,60
3861,60
4844,60
5933,60
5987,60
5950,60
5938,60
5926,60
5944,60
5525,60
5947,60
3227,60
6006,60
5965,60
3894,60
6000,60
5941,60
5957,60
1924,60
1160,6861
5920,6140
3236,3237
5525,5526
5940,2930
5926,6131
6000,4452
3227,952
1924,1925
5944,6933
3894,3895
4844,4845
5987,4707
5938,6727
2073,2074
6006,4296
5954,5479
5933,6638
5941,1911
5950,5785
3861,117
5990,6086
5957,4127
5965,6258
5956,6098
5947,787
1831,430
1653,1654
2074,60
6727,60
5526,60
4845,60
952,60
4707,60
5479,60
6638,60
6933,60
5785,60
4296,60
1925,60
6140,60
1911,60
3895,60
4452,60
2930,60
3237,60
6131,60
787,60
4127,60
117,60
6086,60
6098,60
6258,60
1653,1654
2930,2931
5526,6644
6140,6141
3237,6027
952,953
4452,4453
3895,3999
6638,8753
5479,5480
4707,4708
6131,6132
6727,7156
6933,6408
4845,1541
6258,292
4296,4297
1925,5680
6086,1852
2074,479
787,788
4127,4128
1911,1912
5785,5786
117,118
6098,6099
1192,6769
1653,1654
953,60
6099,60
5786,60
9287,6013
7156,60
6027,60
1852,60
5680,60
6408,60
8753,60
1541,60
2931,60
6132,60
479,60
4128,60
5480,60
3999,60
1912,60
292,60
4708,60
118,60
6141,60
4453,60
788,60
6644,60
4297,60
1653,1654
1653,1654
324,5487
6141,7279
953,2944
6408,6251
6027,8488
430,30
5480,7231
4453,5815
2931,9098
6644,4284
8753,2211
479,480
4708,4012
1541,1542
5680,1951
4297,7176
6132,3202
788,3931
118,9100
3999,7590
7156,2150
1912,1950
5786,7343
6099,915
3676,1654
292,293
4128,9279
324,4667
1852,1853
1653,1654
66,2871
7176,60
1951,60
1950,60
324,1999
4284,60
6251,60
8488,60
7590,60
9098,60
480,60
915,60
7343,60
3202,60
1542,60
2944,60
1853,60
3931,60
9100,60
2211,60
7279,60
7231,60
9279,60
293,60
5815,60
4012,60
2150,60
324,5916
8488,7584
7231,6728
5815,1736
6251,4033
7279,6138
9098,6448
4284,4285
2944,7005
324,5937
2211,2212
1542,5899
1653,1654
2150,2151
3202,3203
4012,4013
7176,7606
1951,1952
9100,5507
7590,7591
1950,526
7343,3988
3931,3932
480,6737
7155,2256
293,1755
9279,8678
1853,6301
324,6005
430,30
915,916
1653,1654
324,5924
1653,1654
4285,60
4033,60
5899,60
526,60
2212,60
7005,60
4013,60
7606,60
6138,60
1736,60
3203,60
916,60
3988,60
2151,60
1952,60
6448,60
8678,60
6737,60
6728,60
7591,60
3932,60
5507,60
1755,60
6301,60
7584,60
3676,1654
324,5984
4285,7981
7005,6216
6138,6139
7584,4146
6728,3200
6448,6449
2212,2312
7606,1375
3400,5511
4033,4034
1952,6312
7591,7734
3400,5511
3400,5511
2151,8457
4013,4373
5899,6588
3203,1373
1736,1737
3400,5511
6737,4194
324,5953
526,527
3988,3989
8678,4239
916,8195
3400,5511
5507,5508
6301,6302
1755,1756
3932,7738
324,6002
1653,1654
1756,60
6588,60
5508,60
4146,60
1375,60
6139,60
7981,60
2312,60
4034,60
8457,60
4239,60
4373,60
1737,60
8195,60
6302,60
6216,60
1373,60
7738,60
6449,60
6312,60
7991,7993
324,5997
3989,60
7734,60
3200,60
527,60
4194,60
2871,49
2256,49
6139,4574
2312,4150
355,5511
3200,3201
4034,7456
4146,4147
7981,7818
6588,6589
1373,1374
6449,6747
1737,4228
324,3113
6216,5401
4194,4195
6312,6225
5508,7241
3989,7066
8457,8752
527,5808
5512,5511
7738,7972
1375,1376
7734,5697
4373,2280
8195,5601
6302,1620
324,5930
1756,4016
4239,4240
7066,60
5697,60
324,5983
5601,60
5401,60
4150,60
5808,60
4240,60
6225,60
4228,60
4574,60
3201,60
1620,60
6589,60
1374,60
7241,60
4147,60
2280,60
7456,60
4016,60
6747,60
7972,60
8752,60
7818,60
4195,60
1376,60
5512,5511
4228,1573
7456,7457
1653,1654
5401,5402
4147,7326
324,5976
7818,5677
4574,4575
6747,2977
6589,4208
3201,3085
1374,1377
324,5989
5697,4563
5808,7632
2280,2281
4150,4151
6225,6226
8752,8192
1376,864
4195,7858
7066,6012
7972,4698
324,4663
4016,8066
4240,5431
7241,1386
1620,1621
5601,2363
1653,1654
324,4017
7632,60
5431,60
4698,60
7457,60
4208,60
8066,60
1386,60
1573,60
8192,60
864,60
3085,60
4575,60
5677,60
1621,60
7326,60
1377,60
4563,60
6012,60
6226,60
7858,60
4151,60
2281,60
2363,60
2977,60
5402,60
5677,5678
1377,6294
2977,1918
324,85
4151,5576
4575,5698
7457,7866
7326,228
5402,279
3085,3086
4208,4209
1573,1574
8192,8064
4563,3971
6226,7059
864,865
2281,8447
324,3115
7858,1850
6012,2085
8066,1698
1386,1387
7632,7633
4698,2319
2363,2364
1621,8102
324,5962
4585,4586
5431,6838
1160,6861
7866,60
324,5935
5576,60
6838,60
279,60
3971,60
1387,60
3086,60
8064,60
8447,60
228,60
7059,60
865,60
5678,60
2319,60
1850,60
5698,60
1918,60
8102,60
2085,60
4209,60
2364,60
1698,60
7633,60
6294,60
1574,60
5698,6020
324,5975
5678,3068
1918,1919
865,1939
7866,6168
6838,7683
279,280
8064,5572
1387,4293
1487,8533
2364,8017
6294,6295
1698,1699
1850,1851
3971,1914
3676,1654
7059,7060
4209,6186
8447,4355
2085,2086
1574,7084
7633,6166
228,229
3086,8560
1653,1654
5576,8399
8102,8103
2319,2320
3068,60
324,5994
1919,60
6020,60
324,5942
1919,324
6020,324
3068,324
3113,60
5487,60
85,60
5983,60
3115,60
1999,60
4667,60
5994,60
5976,60
5953,60
5975,60
5916,60
4663,60
5997,60
9274,4037
6002,60
5984,60
6005,60
4017,60
5942,60
5989,60
5930,60
5935,60
5924,60
5962,60
5937,60
1914,60
1851,324
2320,60
1851,60
4355,60
1939,324
1914,324
6166,324
6295,324
280,60
6166,60
8399,324
8017,60
2086,60
4293,324
8560,60
6186,60
8103,60
1939,60
280,324
6168,60
7683,60
8399,60
4293,60
229,60
6295,60
6186,324
7084,60
7084,324
7060,60
5572,60
229,324
1699,60
5572,324
8103,324
8560,324
6168,324
7683,324
2086,324
2320,324
1699,324
7060,324
4355,324
8017,324
1999,2000
4667,4668
5487,5488
5937,6726
5916,5610
5953,7235
6002,364
3113,3114
5997,338
6005,9151
5924,5574
5930,6554
5984,7570
5983,7360
5989,7554
4663,4664
5976,8121
4017,4018
5975,1366
5962,5569
5994,1398
3676,1654
5942,6810
85,86
5935,3057
3115,3116
6507,4586
7360,60
9151,60
338,60
6554,60
4668,60
5574,60
7235,60
5610,60
4018,60
364,60
7570,60
3114,60
5488,60
4664,60
2000,60
86,60
8121,60
6726,60
7554,60
1398,60
3116,60
6810,60
1366,60
3057,60
5569,60
2000,7650
5610,5611
4668,4622
5488,5829
5574,5575
6726,3042
9151,8218
7570,7571
7360,7361
324,4230
8427,66
338,339
6554,5731
364,365
7235,8158
3114,4514
9132,4321
3057,3058
86,1557
4664,2968
7554,7555
4018,4705
3116,7531
8121,8112
5569,5570
324,1593
1398,1399
1366,1367
6810,8172
2968,60
8172,60
4622,60
8112,60
5570,60
324,5927
7531,60
1557,60
8158,60
8218,60
1367,60
339,60
5829,60
365,60
5611,60
7361,60
3042,60
7571,60
4514,60
5731,60
3058,60
4705,60
5575,60
7555,60
7650,60
3676,1654
1399,60
324,5928
5829,5830
7650,5415
4037,49
5611,6999
4622,816
3042,3043
324,4646
8218,6208
5575,5729
8112,183
4514,4515
5731,3876
8158,8159
4705,5804
7555,4656
3058,7876
324,5635
7571,740
5570,8395
49,2863
1557,3193
2968,2969
7361,432
7531,5481
365,6839
339,4538
1367,6342
324,5917
1399,2214
9132,4321
3676,1654
8172,8569
324,5972
1653,1654
5415,60
4656,60
432,60
740,60
6839,60
2214,60
5481,60
3193,60
4538,60
2969,60
816,60
8395,60
7876,60
6342,60
5804,60
5830,60
3043,60
8159,60
8569,60
183,60
6999,60
3876,60
4515,60
6208,60
5729,60
816,817
5830,7013
6999,8206
5415,5416
324,3008
8159,3970
4515,7122
4656,4657
2969,5455
2214,2215
8395,7213
3193,7048
7876,7877
3876,3877
5481,2939
183,184
432,433
1653,1654
9132,4321
3043,1994
6208,6209
4586,49
8569,4280
5511,355
5729,7169
740,741
324,6003
6839,6761
5804,5805
4538,946
6342,4403
9132,4321
184,60
7877,60
324,5919
433,60
4657,60
2939,60
741,60
946,60
5455,60
6761,60
7213,60
4403,60
5416,60
7169,60
7122,60
1994,60
2215,60
7013,60
4280,60
3970,60
8206,60
817,60
3877,60
6209,60
5805,60
7048,60
1653,1654
741,6016
8206,6458
7122,4300
6761,1643
1487,8530
7169,4518
3877,923
946,947
3970,3046
324,4202
1653,1654
817,8641
1994,1995
5416,3882
6209,7522
7013,7014
7213,7214
184,4612
5805,7742
4657,7247
4403,4404
324,4343
5455,7365
2939,2940
7877,2064
4280,4281
7048,8057
2215,9159
433,6941
1995,60
7365,60
324,5995
4404,60
6458,60
3882,60
923,60
8641,60
3046,60
7522,60
7247,60
6016,60
7214,60
1643,60
2064,60
7742,60
4518,60
947,60
9159,60
8057,60
6941,60
4281,60
4300,60
2940,60
7014,60
4612,60
324,5946
7014,6121
6458,6459
8641,8117
3882,3883
7522,4354
4518,4519
1995,6078
324,5980
4612,4613
947,6948
6941,2159
4404,3063
2940,5550
7214,6285
7247,862
923,924
1643,1644
8057,8058
2064,2065
6016,6017
4300,4301
7742,7743
7365,6694
3046,3047
9159,3945
324,1824
4281,6536
6459,60
3883,60
3047,60
3063,60
6121,60
324,5922
6536,60
1644,60
8117,60
2065,60
6694,60
3945,60
6285,60
4613,60
4354,60
4301,60
7743,60
2159,60
6078,60
6948,60
6017,60
862,60
924,60
8058,60
4519,60
5550,60
6121,6122
6459,8141
3883,5749
324,5955
8117,933
6078,7069
1644,5784
862,863
3047,7878
2159,2160
6948,6949
4613,4741
924,5440
324,2306
6017,4855
4519,8332
4301,4124
7743,4088
6694,6695
4354,2309
6536,6537
1653,1654
2065,4197
3063,2982
6285,393
5550,1835
8058,7141
3945,3946
324,5939
49,3822
8141,60
5784,60
5440,60
6537,60
2982,60
4855,60
8332,60
1835,60
3946,60
2309,60
2160,60
393,60
6122,60
933,60
4124,60
7069,60
4741,60
6695,60
5749,60
6949,60
7141,60
4088,60
863,60
7878,60
4197,60
324,5856
933,934
7069,8693
5749,1872
6122,8039
8141,6057
4855,4856
4088,4089
5440,2286
2309,2310
4124,4125
7878,6368
4741,3212
1653,1654
863,4250
6949,670
8332,8110
2160,1864
6695,6380
324,5991
5784,5766
1835,1836
393,394
2982,1816
6537,837
7141,442
4197,7243
3946,4573
4089,60
4573,60
6380,60
2310,60
837,60
5766,60
394,60
7243,60
6057,60
934,60
4856,60
6368,60
4125,60
1864,60
8693,60
324,5945
3212,60
8039,60
8110,60
1816,60
2286,60
1836,60
1872,60
670,60
4250,60
442,60
6380,5625
394,2362
4856,6030
5766,5767
3212,3213
1836,6845
8693,7255
6368,3872
2310,7955
5821,7209
1816,1817
324,6004
2286,2287
4125,8079
1864,1865
4089,337
670,671
4250,4251
8039,6793
1872,1680
6057,5629
934,1855
442,443
7243,4820
8110,8111
4573,1744
837,838
5927,60
5991,60
5922,60
1593,60
2306,60
4646,60
5635,60
5955,60
5995,60
5917,60
1824,60
6003,60
5945,60
5928,60
6004,60
4230,60
3008,60
5946,60
5919,60
4343,60
5980,60
4202,60
5939,60
5972,60
5856,60
1817,60
1680,60
7255,60
6793,60
3213,60
443,60
1855,60
6030,60
4251,60
5767,60
8079,60
2287,60
5625,60
1744,60
2362,60
337,60
8111,60
1865,60
5629,60
3872,60
838,60
7955,60
4820,60
6845,60
671,60
1593,1594
4230,4231
5927,6431
8111,324
8079,324
5629,324
4820,324
5972,8032
5767,324
1680,324
5946,3138
671,324
5995,1762
4202,4203
5625,324
337,324
2362,324
7255,324
1744,324
3872,324
4251,324
1855,324
1817,324
1865,324
2287,324
5919,5883
6793,324
3008,1641
4343,4344
5635,5636
4646,4647
5928,4094
3213,324
6845,324
5917,6038
6003,8792
6030,324
838,324
7955,324
443,324
1824,1825
5980,8210
5922,6335
5955,4652
5856,5857
5939,6753
2306,2307
5945,6355
6004,9245
5991,7159
3138,60
4231,60
4647,60
8210,60
8792,60
1762,60
6335,60
4203,60
5857,60
9245,60
1641,60
111,1106
8032,60
5883,60
7159,60
6355,60
1825,60
4652,60
6753,60
5636,60
4344,60
6431,60
4094,60
1594,60
6038,60
2307,60
1653,1654
6431,4425
1594,6898
4231,4684
4094,723
7159,4501
5636,1537
8210,7663
6335,7940
4647,3939
4652,4653
5883,5884
5857,7140
1641,1642
1825,6095
6753,209
4344,234
4203,854
8792,5407
1487,8533
1762,1763
3138,3139
8032,1775
1653,1654
2307,7958
6038,6543
9245,6088
6355,6356
3939,60
6356,60
5884,60
1642,60
6088,60
1537,60
4501,60
234,60
4684,60
4425,60
5407,60
6543,60
209,60
1775,60
7663,60
723,60
7940,60
4653,60
7958,60
3139,60
6095,60
854,60
6898,60
1763,60
7140,60
1537,1538
6543,6544
5884,7039
4684,4029
1775,1776
1642,4044
3939,3940
5407,5408
854,855
723,724
4425,4426
1653,1654
6898,6041
1763,8044
7663,2052
3139,3958
234,235
7958,6340
6095,6358
4653,6281
209,210
1487,8529
7940,7985
7140,5649
4501,3900
6356,7224
6088,6089
1538,60
6089,60
6544,60
3940,60
6358,60
5649,60
6340,60
6281,60
3958,60
4029,60
1776,60
7224,60
855,60
4426,60
724,60
8044,60
7039,60
235,60
6041,60
5408,60
7985,60
4044,60
3900,60
210,60
2052,60
49,2665
1776,7303
7039,5593
4044,5595
6041,6042
1538,1677
3940,1651
4029,544
6544,9230
1653,1654
5408,5661
724,4649
4426,5510
8044,4569
855,7180
3958,7730
2052,2053
235,5536
6358,6359
6281,7573
7985,4083
6340,6341
1653,1654
5649,4611
210,957
6089,7936
7224,4419
3900,3901
7303,60
4649,60
1653,1654
957,60
4419,60
6042,60
4569,60
4611,60
2053,60
5510,60
7573,60
5661,60
5593,60
3901,60
6341,60
1677,60
9230,60
7730,60
7936,60
5595,60
544,60
7180,60
1651,60
4083,60
6359,60
5536,60
2665,66
544,545
1677,6573
6042,7949
1651,1652
4649,7091
9230,4445
5510,4763
5595,5596
7573,330
4569,4154
4083,4084
5661,357
5536,4747
7180,3898
5593,237
2053,2217
6341,6771
4611,896
7730,5555
6359,320
7303,7314
957,8005
3901,5664
7209,49
4419,4420
7936,7937
49,3591
4747,60
1652,60
7091,60
7937,60
8005,60
6573,60
7314,60
2217,60
3898,60
4420,60
357,60
4763,60
330,60
5555,60
320,60
4445,60
4084,60
5596,60
7949,60
4154,60
6771,60
896,60
5664,60
237,60
545,60
330,331
6573,5739
5596,9164
6771,6772
7949,793
3898,3899
4154,4155
357,358
8005,708
1652,6701
5664,5665
4747,4748
237,238
4445,4446
4763,4764
5555,352
320,321
896,897
4084,5818
545,1625
2217,3190
7091,7092
7314,7315
4420,5861
7937,7293
7092,60
352,60
358,60
1625,60
897,60
708,60
4155,60
331,60
4446,60
5818,60
6701,60
793,60
9164,60
5739,60
321,60
4748,60
5665,60
3899,60
238,60
4764,60
7315,60
7293,60
5861,60
3190,60
6772,60
793,794
1625,3265
4764,7779
66,2863
7092,9141
7315,8432
6701,6702
4446,625
5739,5740
9164,9166
358,311
4748,3052
4155,8123
238,6656
3899,4234
352,353
3190,3191
331,5736
321,1577
5818,3263
6772,4777
708,709
1487,8533
7293,7294
5861,5862
5665,7099
897,721
8432,60
4234,60
3263,60
709,60
3191,60
5740,60
353,60
9166,60
5736,60
6702,60
7099,60
3265,60
794,60
721,60
1577,60
625,60
311,60
8123,60
7779,60
9141,60
3052,60
5862,60
7294,60
4777,60
6656,60
9141,6777
7779,6018
5740,6029
3265,3266
3591,66
7532,5324
2988,49
625,626
6702,6989
794,6692
9166,8789
311,312
1653,1654
8123,5809
3052,3053
8432,8207
6656,2028
3191,7765
4234,4235
353,4449
5736,5737
709,4783
4777,4778
7099,6397
5862,5751
1577,1804
7294,8363
8621,66
721,722
3263,3264
722,60
3266,60
1804,60
4235,60
312,60
5751,60
4449,60
8789,60
626,60
6692,60
7765,60
5737,60
4783,60
6777,60
1653,1654
5809,60
8363,60
3053,60
8207,60
6018,60
6989,60
6397,60
3264,60
6029,60
2028,60
4778,60
6692,6693
6777,5732
3266,4131
6018,6019
8789,1695
6989,6990
2028,193
626,5467
6029,6582
5809,5810
4235,7687
3053,7083
1653,1654
8207,7619
312,5827
3264,4678
1804,7988
5737,5604
4449,8094
7765,8033
4783,4483
4778,1827
722,6669
5751,3074
6397,6398
1653,1654
8363,8364
5732,60
8033,60
5467,60
6669,60
6693,60
8094,60
7687,60
1695,60
4483,60
6398,60
4131,60
7988,60
6990,60
6019,60
4678,60
6582,60
1827,60
5827,60
193,60
5810,60
8364,60
7083,60
5604,60
7619,60
3074,60
4131,4132
6019,6791
1653,1654
6693,6054
6990,168
5732,2297
8094,4785
7619,6557
193,194
6582,6538
5467,1769
5827,7038
7544,1654
5810,4023
7083,7009
1695,710
7687,8540
8033,5547
1653,1654
1827,1828
7988,8559
6669,2932
4483,4415
6398,5778
5604,5605
4678,6411
1653,1654
8364,8059
3074,3075
6791,60
5605,60
194,60
6557,60
710,60
6054,60
4415,60
6411,60
8559,60
8540,60
168,60
6538,60
7038,60
1828,60
2932,60
1769,60
4785,60
7009,60
5547,60
4132,60
5324,49
2297,60
4023,60
5778,60
3075,60
8059,60
8540,2262
6054,6055
4023,1884
710,711
4132,2050
5547,5548
168,169
1769,1770
6538,6539
194,4356
6411,6412
6557,195
4415,3217
2297,2298
5605,5614
1828,5643
6791,7225
7038,7172
4785,4786
7009,5432
8559,6461
3075,8757
8059,6527
2932,2933
5778,4526
2050,60
6539,60
169,60
1770,60
195,60
711,60
6055,60
7225,60
2298,60
7172,60
4786,60
4526,60
4356,60
5614,60
6527,60
1884,60
5643,60
6461,60
5548,60
2262,60
6412,60
8757,60
1653,1654
7987,5117
2933,60
5432,60
3217,60
2050,2051
6055,5513
6461,6010
2298,5464
5548,6607
169,7919
4786,8725
6539,7036
1770,4392
1884,1885
7225,1400
5432,5433
7172,610
711,119
195,196
2262,2105
4356,4357
6412,5701
5614,5615
2933,8446
3217,3218
4526,4527
8757,8045
6527,6528
5643,5644
5117,49
1653,1654
5513,60
6010,60
8446,60
5701,60
196,60
119,60
5464,60
6607,60
7036,60
5433,60
2051,60
6528,60
7919,60
8045,60
3218,60
2105,60
4392,60
1400,60
5644,60
4527,60
610,60
1885,60
5615,60
8725,60
4357,60
5513,5514
4392,7675
5464,5465
610,611
119,120
196,1749
2051,7019
7919,7920
4357,4706
7036,9099
1400,1401
1885,5637
5615,6123
6010,6011
5433,5662
2105,2106
3218,7741
6528,6763
5644,8023
5701,4746
1192,6769
8045,6961
8725,322
4527,5792
6607,7706
8446,7512
5511,7719
6123,60
120,60
5637,60
1401,60
6961,60
8023,60
5514,60
322,60
4746,60
7675,60
611,60
1749,60
7920,60
4706,60
6763,60
9099,60
5662,60
7741,60
6011,60
5465,60
2106,60
7706,60
5792,60
7019,60
7512,60
5662,5663
322,323
4746,1727
5514,5560
6011,7673
6123,6231
7019,469
4706,6676
2106,7660
5637,6645
9099,8567
1401,4130
7706,7707
7675,7676
7741,6954
611,1388
5465,4048
1749,5907
120,6256
8023,8013
7920,4534
5792,5793
6961,6962
7512,7513
6763,4593
5907,60
6256,60
5560,60
7673,60
1388,60
7660,60
6676,60
323,60
6231,60
469,60
4593,60
7707,60
4130,60
4534,60
7676,60
5793,60
8013,60
1727,60
5663,60
6954,60
8567,60
6645,60
4048,60
7513,60
6962,60
4048,4049
5560,5561
4534,4122
4130,7930
469,470
5907,6972
7676,516
8567,7556
1727,1728
6231,6823
8013,7943
6645,6655
6256,4091
7707,5807
1388,8574
5663,6505
7660,5645
323,1720
6676,4450
7673,6233
6962,4439
7513,7764
6954,6955
4593,4594
5793,6886
5561,60
6955,60
5807,60
4450,60
6823,60
4091,60
7930,60
6972,60
4122,60
516,60
4049,60
6655,60
6886,60
1728,60
6505,60
7764,60
7943,60
470,60
7556,60
4594,60
6233,60
5645,60
8574,60
1720,60
4439,60
4049,7926
4122,4123
470,6754
5561,5667
7930,8629
6972,6666
516,517
4091,1672
7556,7557
4439,4440
7943,7378
1653,23
6233,4458
4450,4451
1720,2077
8574,5577
5807,5659
7764,4781
4594,1843
7544,1654
6505,4560
5645,5646
1653,23
6823,6817
6955,7625
6655,8372
1728,7831
6886,6887
6817,60
1672,60
4560,60
5646,60
4440,60
6754,60
4781,60
5659,60
7926,60
2077,60
7831,60
4458,60
1843,60
6887,60
4451,60
7625,60
517,60
8372,60
5577,60
7557,60
8629,60
6666,60
7378,60
4123,60
5667,60
5577,5578
1653,1654
7557,7137
7831,7832
7926,7927
517,5693
5646,6432
7625,6101
8629,4363
8372,7094
2077,7527
4123,4428
7378,6532
4458,4459
1672,1673
6754,6755
1653,1654
4560,1879
6817,6818
6666,6667
4451,4602
5667,5668
5659,5660
6887,7805
4440,1888
1843,1844
4781,4782
4459,60
7832,60
1844,60
7805,60
6755,60
1879,60
4428,60
7094,60
1888,60
4782,60
5578,60
7137,60
7527,60
6532,60
6667,60
5693,60
6101,60
7927,60
1673,60
5660,60
6818,60
4602,60
5668,60
4363,60
6432,60
1653,1654
5693,6904
7927,2264
4428,4676
5668,5534
6755,7924
6667,2083
7137,7138
4363,4364
4602,7804
5578,7612
5660,9111
7094,6541
1673,8352
1879,1880
7527,8426
6432,4092
7832,4730
4459,1996
6818,6924
6532,832
4782,2165
1844,5647
66,2569
7805,1381
1888,1889
6101,6102
8426,60
832,60
7612,60
7804,60
4676,60
4092,60
6541,60
1880,60
2083,60
2264,60
7138,60
5534,60
8352,60
6924,60
4730,60
9111,60
1996,60
7924,60
6904,60
4364,60
1889,60
1381,60
2165,60
6102,60
5647,60
8352,7458
7215,66
7138,8653
7612,7613
6904,8040
4364,4597
2264,2265
2083,2084
7924,6790
4676,4677
5534,5535
9111,6328
7804,7190
6541,6542
1996,1997
4092,4093
8426,5442
1880,4762
6102,8628
4730,4731
6924,8035
832,833
2165,2166
1381,1382
5647,5648
1889,7183
2922,2924
7190,60
4762,60
7613,60
6542,60
2265,60
6328,60
8040,60
7458,60
2084,60
4093,60
8653,60
4677,60
5535,60
5442,60
6790,60
4597,60
2166,60
5648,60
4731,60
1382,60
8628,60
8035,60
833,60
1997,60
7183,60
7613,324
4093,324
7190,324
7458,324
2084,324
2265,324
6790,324
4677,324
8653,324
8040,324
4597,324
5535,324
6542,324
5648,324
833,324
2166,324
5442,324
8035,324
1997,324
1382,324
4762,324
6328,324
8628,324
7183,324
4731,324
6699,944
2924,49
2988,49
7719,49
944,49
2569,49
49,1748
1487,8533
1487,8529
152,1654
152,1654
152,1654
7662,49
152,1654
152,1654
152,1654
152,1654
7544,1654
9160,9161
152,1654
7317,60
5511,355
152,1654
152,1654
9161,49
152,1654
6561,66
6404,836
152,1654
152,1654
49,3654
152,1654
152,1654
9160,9161
7993,6600
6600,30
111,1176
6600,30
5788,795
836,49
111,1097
9161,49
6600,5695
152,151
9090,7246
7662,49
355,3497
66,2747
49,3654
2988,49
7246,49
35,33
324,852
324,4244
324,5932
324,5929
324,5970
324,4665
324,3006
324,1666
324,1579
5120,7248
33,49
795,49
66,2683
324,1715
7544,1654
324,5986
324,6001
324,5867
324,5931
324,5971
324,4126
324,5921
324,2992
5145,4659
324,5996
324,4807
7215,4398
324,5985
324,5948
324,5988
324,4236
324,1920
4665,60
4236,60
5971,60
5996,60
5867,60
5921,60
1666,60
5929,60
5988,60
1579,60
5985,60
6001,60
5932,60
5970,60
3006,60
1715,60
5986,60
4244,60
4807,60
852,60
2992,60
4126,60
5948,60
5931,60
1920,60
1579,1580
5986,7809
4126,818
3006,3007
4665,4666
4244,4245
5932,3221
1715,1716
5867,5868
5970,4246
7248,49
5929,2042
852,853
4659,49
5931,4053
1666,1667
6001,5795
5971,7979
5985,7678
5996,1818
4236,601
2992,2993
5921,6325
1920,390
4807,4808
5948,5557
5988,7163
5795,60
4245,60
2993,60
7678,60
4666,60
390,60
4808,60
5557,60
2042,60
7163,60
1580,60
7809,60
6325,60
818,60
853,60
3221,60
7979,60
4246,60
1818,60
4053,60
5868,60
1716,60
1667,60
3007,60
601,60
1667,7234
7809,7585
3007,4633
7979,8056
4053,4054
2042,2043
5795,5796
4246,4247
5868,9264
4245,7980
853,4361
4666,1894
3221,456
1716,7859
1580,2203
818,819
6325,7139
2993,4481
7678,2288
4808,6382
1818,1819
5557,2111
390,391
7163,7164
601,602
2111,60
4481,60
2043,60
602,60
9264,60
2203,60
5796,60
7585,60
456,60
391,60
1819,60
7164,60
2288,60
4361,60
6382,60
7980,60
7234,60
4247,60
7859,60
4054,60
4633,60
819,60
1894,60
8056,60
7139,60
2043,3909
4361,7726
456,457
7980,7856
4247,4466
1894,1895
7234,5753
4633,7569
2203,8201
9264,1379
8056,7160
7585,7586
7859,4290
4054,7782
819,7063
5796,4066
1819,4416
2288,2252
2111,2112
602,5905
391,5504
7164,4769
7139,1820
4481,4482
6382,703
7160,60
4066,60
4482,60
1820,60
703,60
7726,60
111,1097
4416,60
1895,60
5905,60
4769,60
2252,60
457,60
8201,60
5753,60
1379,60
7586,60
3909,60
7063,60
7569,60
2112,60
5504,60
7856,60
4290,60
4466,60
7782,60
7726,7515
7856,4554
457,6729
3909,262
1895,2371
5753,5754
8201,764
7569,950
4466,8756
4290,4291
4482,9228
4769,4770
7063,6234
5504,8631
7782,3038
2112,6269
7586,5543
7160,7161
4066,4067
1379,1380
4416,2259
1820,1821
703,704
5905,7308
2252,2253
2259,60
9228,60
6729,60
2371,60
7308,60
7515,60
4770,60
6234,60
4398,49
2683,49
2988,49
2253,60
8756,60
262,60
1821,60
764,60
4554,60
8631,60
5754,60
6269,60
950,60
4291,60
704,60
7161,60
3038,60
4067,60
1380,60
5543,60
4554,4555
262,263
7515,7516
6729,6571
8642,66
7161,7798
1380,1750
3038,637
2253,3097
4067,9129
6269,446
7308,6984
8631,7850
1821,3118
4770,7477
2259,2260
4291,6262
5754,7529
9228,5891
950,951
8756,6511
764,765
6234,4442
2371,5626
704,808
5543,5544
4347,1846
7516,60
637,60
6984,60
5891,60
5544,60
3097,60
7529,60
765,60
7850,60
6511,60
808,60
9129,60
7798,60
5626,60
1750,60
263,60
6262,60
2260,60
6571,60
4555,60
446,60
7477,60
3118,60
951,60
4442,60
263,1822
4555,6318
6571,6572
7516,130
6511,5623
951,8504
5626,5627
637,638
1750,5460
765,8635
7529,4589
5544,1781
9129,4436
7798,369
6262,3011
4442,4443
3118,4035
2260,4107
3097,4609
5891,1530
446,447
808,777
6984,6364
7477,8346
7850,2994
6318,60
130,60
1822,60
6572,60
8346,60
6364,60
1530,60
5460,60
447,60
369,60
2994,60
4107,60
8504,60
3011,60
4589,60
4443,60
4609,60
777,60
1781,60
5623,60
4035,60
5627,60
4436,60
8635,60
638,60
130,131
6318,6319
3011,3012
8504,6552
8635,509
4436,3231
5623,215
638,7354
4443,172
5627,8419
4589,4590
5460,6107
6572,8705
369,370
1822,58
1781,1782
777,778
4107,7582
1530,1531
447,8608
1846,49
2994,2995
4609,4410
4035,4036
6364,6365
8346,7680
509,60
8419,60
8705,60
7354,60
215,60
370,60
58,60
3231,60
6552,60
131,60
172,60
3012,60
6319,60
4590,60
1782,60
6107,60
8608,60
4036,60
4410,60
7582,60
7680,60
1531,60
2995,60
778,60
6365,60
131,7772
8705,6309
6319,7033
58,59
8419,3887
6107,8061
4036,5761
778,4641
3012,8078
3231,3232
370,552
7354,8185
4410,4411
8608,3027
215,216
509,510
1782,7350
2995,6093
172,173
6365,7577
1531,317
7680,7681
7582,4565
6552,6553
4590,7728
552,60
7350,60
4641,60
173,60
216,60
4411,60
7772,60
7681,60
510,60
59,60
7577,60
5761,60
3232,60
8061,60
3887,60
6093,60
6309,60
3027,60
4565,60
317,60
6553,60
8078,60
7728,60
7033,60
8185,60
59,1989
3887,2954
173,1544
317,318
8061,781
552,553
5761,4298
7350,4110
3232,530
216,6320
8185,2154
7728,4773
6309,6310
8078,3056
7033,3181
4411,3159
4565,4566
6553,9076
7772,7773
510,4377
4641,4642
7681,8396
3027,3028
6093,5444
7577,7578
3181,60
7773,60
3056,60
781,60
3028,60
4642,60
4298,60
3159,60
2954,60
6310,60
1989,60
1544,60
4566,60
4110,60
8396,60
7578,60
5444,60
9076,60
6320,60
4773,60
4377,60
553,60
318,60
2154,60
530,60
7773,7319
3181,3182
781,782
530,531
9076,8495
1989,1990
1544,1545
2154,2155
3056,2938
2954,2955
6320,6321
4773,4774
4110,4111
553,882
6310,8580
4377,4378
3159,3160
4566,869
3028,2911
318,5860
4642,5423
4298,4299
8396,7165
7578,9081
5444,5445
882,60
3160,60
2155,60
7319,60
4299,60
5445,60
7165,60
2955,60
5860,60
4111,60
869,60
8495,60
6321,60
531,60
782,60
2911,60
9081,60
2938,60
8580,60
3182,60
1545,60
5423,60
111,1097
1990,60
4378,60
4774,60
4378,6957
882,883
3182,4804
5860,2958
7319,7320
4774,536
8580,8581
2938,1389
2955,7187
1990,653
4299,6565
8495,6032
6321,6460
1545,4493
2155,3935
869,870
782,4138
531,7124
4111,5694
5423,4699
2911,2912
3160,3862
9081,888
5445,5760
7165,7166
3935,60
4804,60
536,60
6032,60
6565,60
4138,60
8581,60
4699,60
2958,60
7124,60
5760,60
653,60
6957,60
870,60
2912,60
1389,60
3862,60
5694,60
4493,60
888,60
7166,60
6460,60
883,60
7320,60
7187,60
6460,7685
8581,4847
4804,1681
7187,3170
653,654
7320,9115
6032,1645
5694,4833
536,537
1389,1390
6957,6958
7124,8595
7166,898
3935,3936
6565,6566
4138,7049
883,6909
2912,3919
2958,2959
4699,4700
3862,3863
4493,4494
870,3147
5760,4694
888,889
9115,60
1681,60
4700,60
654,60
6566,60
1390,60
4847,60
4833,60
6909,60
1645,60
2959,60
7685,60
537,60
4494,60
7049,60
898,60
6958,60
3919,60
3170,60
8595,60
3147,60
3863,60
3936,60
4694,60
889,60
654,4160
9115,9116
4847,4848
1681,1682
7685,7686
3170,3171
1645,1646
6958,8173
537,7475
1390,4671
6909,8500
6566,7167
7049,7050
4494,8506
8595,5653
4833,4834
3936,3073
2959,5395
898,899
4694,4695
3863,6190
889,4061
3147,3148
3919,2001
4700,5797
49,3403
2001,60
9116,60
899,60
7686,60
3073,60
4671,60
4160,60
7475,60
5395,60
4061,60
3148,60
5797,60
4695,60
7050,60
5653,60
3171,60
1682,60
4834,60
4848,60
7167,60
8173,60
8500,60
8506,60
6190,60
1646,60
9116,3270
1682,3873
8506,7760
4160,4161
3073,3030
4671,6177
7050,1675
7167,7168
8173,7127
7686,8002
1646,8497
4834,8557
4848,5598
8500,8501
7475,6720
5653,5654
3171,5900
4061,4062
5797,718
3148,8761
5395,538
6190,6191
899,4041
2001,2002
4695,7103
718,60
8761,60
7127,60
8557,60
2002,60
8501,60
4041,60
1675,60
7760,60
7168,60
3030,60
4161,60
4062,60
8002,60
6720,60
6191,60
3270,60
8497,60
6177,60
538,60
5598,60
5654,60
3873,60
5900,60
7103,60
1675,1676
3873,5454
6177,7007
8497,5549
4161,6453
5654,401
8002,7669
8557,7306
7127,1707
5598,4078
5900,7523
3270,3271
6720,6108
538,539
3030,3031
7168,7950
8761,8636
718,719
7760,7761
8501,7720
6191,6263
4041,7946
2002,8412
4062,4690
7103,5655
7761,60
719,60
6453,60
5549,60
7946,60
3031,60
6108,60
6263,60
7523,60
7669,60
4690,60
7950,60
5454,60
1707,60
7306,60
8636,60
7007,60
7720,60
539,60
5655,60
1676,60
4078,60
401,60
8412,60
3271,60
6108,532
7669,504
6453,6106
4078,4079
7306,7307
3271,7465
5454,5452
5549,4326
1707,1708
1676,6586
7523,8038
3031,9190
7720,7721
401,402
7007,7011
7950,4376
7946,5902
7761,5528
8412,7222
8636,8637
719,701
4690,2316
539,8586
6263,7605
5655,4479
9190,60
6106,60
4079,60
2316,60
5452,60
402,60
5902,60
8586,60
4326,60
4376,60
7605,60
8637,60
701,60
7011,60
504,60
7465,60
6586,60
5528,60
4479,60
7307,60
1708,60
8038,60
7222,60
532,60
7721,60
4079,5409
8038,9133
7011,3128
5452,5453
1708,4490
7465,7466
6106,4019
532,533
504,505
4326,4327
7307,417
402,6062
5528,5529
8586,8587
7171,5157
6586,1394
9190,6888
7721,8524
4376,1833
8637,7113
7605,7935
701,702
4479,4480
5902,5903
2316,2317
7222,7223
2317,60
5453,60
702,60
5903,60
4480,60
8587,60
6888,60
5529,60
505,60
4327,60
417,60
9133,60
8524,60
3128,60
7223,60
4490,60
5409,60
4019,60
533,60
1394,60
7466,60
7935,60
6062,60
7113,60
1833,60
6040,192
7466,3009
5453,7843
5409,5410
4019,4020
505,6080
6062,6063
6888,894
4327,5539
533,4163
1394,784
8587,4558
4490,4491
5529,6750
8524,8525
3128,3129
417,418
9133,1862
1833,1805
7935,7922
4480,7123
702,7482
7113,7114
5903,340
7223,5418
2317,4624
8215,192
3129,60
5418,60
6080,60
340,60
5539,60
7114,60
8525,60
6750,60
418,60
3009,60
1862,60
6063,60
7123,60
7843,60
894,60
4163,60
7922,60
4020,60
4624,60
5410,60
5157,49
192,49
4491,60
1805,60
4558,60
784,60
7482,60
3009,3010
5410,2227
6080,1622
4163,4164
1862,1863
4020,4152
5539,7447
7843,8775
894,895
784,785
3129,4736
6750,4264
6063,4552
8525,5397
4491,434
418,7808
7922,7261
4558,2339
7114,6212
1805,1806
7482,1717
7123,6578
340,341
5418,5419
4624,4625
341,60
7261,60
2227,60
1806,60
1622,60
4552,60
3010,60
6578,60
8775,60
6212,60
1863,60
4164,60
895,60
785,60
7447,60
2339,60
5419,60
7808,60
5397,60
4264,60
4152,60
4625,60
1717,60
4736,60
434,60
1622,1623
7808,7273
7447,7610
4736,6581
8775,8416
4164,791
4552,4553
1863,5833
4152,3986
3010,6058
434,435
2227,2228
785,5493
2339,2340
4264,4265
895,1660
1806,3944
6212,6213
5397,5398
5419,2272
4625,6603
7261,7262
341,441
1717,1718
6578,6579
6058,60
6603,60
3986,60
4265,60
7262,60
6581,60
5833,60
791,60
6579,60
435,60
1623,60
2272,60
8416,60
4553,60
2340,60
7273,60
5493,60
1718,60
6213,60
5398,60
3944,60
1660,60
2228,60
7610,60
441,60
6058,6059
2228,8068
8416,8417
3986,3987
1623,2172
5833,5834
791,792
7610,7236
6581,3937
435,6840
6213,8418
2340,5721
1660,1661
1718,7455
2272,2273
441,6159
5493,1596
7273,7274
3944,4512
4265,6854
7262,7347
6603,1942
192,49
4553,5915
5398,8022
6579,2014
3987,60
6059,60
6840,60
2172,60
792,60
8068,60
3937,60
8417,60
5834,60
7236,60
6159,60
4512,60
5721,60
1942,60
1661,60
7455,60
7274,60
8418,60
8022,60
1596,60
2273,60
6854,60
7347,60
5915,60
2014,60
6840,324
2273,324
8022,324
1661,324
4512,324
3937,324
8417,324
2014,324
5915,324
6159,324
1942,324
792,324
8068,324
2172,324
7274,324
7347,324
6059,324
8418,324
7455,324
1596,324
5834,324
6854,324
7236,324
5721,324
3987,324
324,5958
324,5960
5960,60
5958,60
5958,7521
5960,7705
7705,60
7521,60
7521,4727
7705,3133
3133,60
4727,60
4727,1987
3133,3134
3134,60
1987,60
1987,1988
3134,1967
1988,60
1967,60
1988,4591
1967,1968
1968,60
4591,60
4591,551
1968,7000
551,60
7000,60
7544,1654
7000,324
551,324
7865,7780
2278,66
7780,49
5399,584
584,49
2240,1520
111,1191
7662,49
66,2653
66,2683
2683,49
5399,584
584,49
49,2435
2653,4
2377,2379
621,624
4521,1592
621,624
1592,49
5541,1592
3892,3893
7356,6892
66,2493
7356,8493
7356,4610
7356,2081
7356,9001
7356,8862
7356,6396
7356,3234
7356,5120
7356,8895
7356,6708
7356,3328
7356,8968
7356,8907
7356,4817
7356,3719
7356,7398
7356,3290
7356,770
7356,8943
7356,3101
7356,8227
7356,1283
7356,8973
7356,6706
7356,5101
7356,5715
7356,5171
7356,2964
7356,5268
7356,5175
7356,2357
7356,5516
7356,6608
7356,623
7356,9008
7356,6585
7356,2370
7356,8857
7356,496
7356,8894
7356,7986
7356,5817
7356,617
7356,8940
7356,3480
7356,5231
7356,43
7356,3588
7356,3329
7356,1684
7356,8129
7356,8088
7356,8890
7356,7626
7356,1522
7356,6583
7356,8393
7356,7400
7356,4615
7356,8930
7356,1358
7356,8805
7356,1413
7356,2256
7356,8065
7356,8912
7356,8384
7356,4513
7356,2916
7356,5133
7356,8891
7356,2846
7356,5466
7356,9000
111,1097
5715,49
4817,49
5175,49
1592,49
3234,49
7356,233
7356,7662
7356,6172
7356,8937
7356,4253
7356,294
7356,5040
7356,8105
7356,4742
7356,5491
7356,5223
7356,5324
7356,336
7356,8355
7356,4360
7356,2978
7356,3224
7356,7766
7356,4632
7356,9027
7356,7861
7356,7780
7356,8126
7356,9010
7356,3960
7356,359
7356,4559
7356,8486
7356,4815
7356,7939
7356,1887
7356,8272
7356,5349
7356,5287
7356,7956
7356,5112
7356,8873
7356,1038
5399,584
7356,8949
7356,4614
7356,8041
7356,8435
7356,2680
7356,1907
7356,5878
7356,2225
7356,5285
7356,6779
7356,4108
7356,8859
7356,7757
7356,5178
7356,6083
7356,4585
7356,5202
7356,4069
7356,1706
7356,192
7356,204
7356,5148
7356,5098
7356,2240
7356,8143
7356,7507
7356,5074
7356,4500
7356,6232
7356,5018
7356,4391
7356,1709
7356,4424
7356,6421
7356,2308
7356,9015
7356,5117
7356,5321
7356,5354
7356,6766
5287,49
7780,49
2370,49
7356,2278
1522,49
8486,49
7356,5880
5466,49
3960,49
1887,49
7356,5007
7356,1599
7356,4243
5324,49
7986,49
4615,49
5133,49
2256,49
8355,49
8088,49
233,49
1684,49
2653,4
7356,4846
4632,49
8065,49
6172,49
7356,7057
7356,5146
5223,49
7356,6815
336,49
7939,49
7356,8660
2978,49
7662,49
7956,49
2653,4
2653,4
8143,49
4391,49
6421,49
1706,49
8660,49
5354,49
4069,49
4500,49
2308,49
5285,49
1599,49
8041,49
192,49
5321,49
5178,49
4424,49
5878,49
5007,49
6232,49
4846,49
7057,49
66,2493
6083,49
4108,49
5146,49
6779,49
7356,3168
7356,2054
7356,5373
2653,5
7356,2425
7356,8814
7356,8967
7356,8787
7356,8951
7356,6508
3839,8568
2653,5
2653,5
9015,49
4513,49
4243,49
5117,49
617,49
5018,49
6815,49
584,49
1709,49
9027,49
1907,49
5373,49
9269,66
2054,49
6508,49
6766,66
9269,66
5399,584
8300,7112
111,1203
9286,66
5040,66
584,49
7112,49
3199,66
7662,49
5145,4659
5399,584
2922,2924
584,49
111,1097
4321,8777
3822,4709
1203,49
2924,49
4659,49
849,850
7125,7126
4143,4144
7861,66
4143,4144
66,376
2653,3
850,49
376,49
4709,4709
4544,3961
1284,6429
3961,49
111,1097
7572,2169
4709,4709
4614,3929
4640,66
4463,66
4640,66
2988,49
3929,49
294,296
4709,4709
111,1337
4709,4709
2988,49
49,111
4709,4709
5616,1592
8215,192
4709,4709
49,3552
296,298
298,49
111,1083
66,2825
6282,2332
2332,49
111,1076
192,49
1799,1801
1801,49
1592,49
2825,49
66,1854
4853,298
298,49
111,1301
5403,66
2278,66
8722,66
3475,2177
7215,66
49,111
7215,66
6193,6194
2177,49
66,2620
6739,6740
2653,3
3,4
4853,4854
5202,4976
5817,617
3,4
3,5
4976,49
6740,49
4854,111
617,49
2620,49
49,3367
49,1461
3367,66
111,1223
2936,2436
7662,49
1586,1587
1799,1801
66,2840
111,965
7237,7238
1587,49
1801,49
7507,5306
2936,2436
9121,1743
5817,617
5306,49
1743,49
617,49
2840,49
7238,49
6730,1520
7626,3582
3582,49
1520,49
251,252
187,188
252,30
111,1316
3,4
111,1176
49,3563
66,2826
1223,7688
3,4
3,4
3822,2706
2706,49
5620,3996
8538,66
111,1223
3,4
2225,66
9057,66
9050,66
3996,49
6350,66
1316,49
9030,66
188,49
9054,66
111,1223
6708,66
2145,6922
1519,1520
111,1216
111,1342
111,1076
3,4
252,30
8498,66
66,2406
3537,4500
8393,2308
4500,49
66,2894
1520,49
2894,49
66,2470
2308,49
66,2406
8771,66
111,1316
66,2894
1316,49
49,111
111,1076
1368,1369
6600,30
49,3692
5826,2108
1369,49
2435,2424
2894,49
2108,49
6403,6404
2424,49
49,3626
5037,6406
1368,1369
4473,4475
8187,5146
4475,49
1369,49
3,4
6406,49
5146,49
5037,6406
2435,2424
3626,1605
251,253
7548,7549
7549,49
6406,49
2424,49
66,2894
111,1047
253,30
66,2713
2894,49
9328,2347
49,3307
7215,4398
7229,6149
4059,1679
9328,471
4398,49
111,1047
49,1461
2713,49
6149,49
1679,49
111,1076
66,2894
3654,355
2894,49
355,4587
2066,2069
111,1097
4587,49
49,3440
49,111
2124,2125
111,1342
3440,1605
66,2580
7987,5117
1605,5588
5588,49
5117,49
2580,49
6583,6585
2124,2126
66,2804
8082,6513
2804,49
2126,49
5511,355
3552,355
1854,355
3563,355
3654,355
1748,355
3497,355
8435,66
6513,49
49,3484
66,2758
2124,2126
7329,7332
2124,2126
111,1278
9048,7758
7758,49
2758,49
7332,49
49,3692
111,979
111,1264
3418,66
2126,49
7155,2256
111,1076
111,1278
3,5
3418,2673
7757,7758
2256,49
6185,4603
3,4
49,3824
111,1332
7758,49
49,3594
7544,1654
4603,49
2673,49
187,188
66,2868
7329,7332
188,49
7332,49
111,302
2868,49
7662,49
66,2161
6435,66
2128,6429
49,3441
1497,66
2128,6429
7544,1654
3441,49
6647,875
3235,1369
9235,60
3140,1369
875,49
8769,4765
1369,49
3638,7342
6647,875
9110,3228
9110,3228
875,49
7342,49
49,1748
49,3824
9227,5511
9227,5511
4765,49
3228,49
5511,355
1748,355
3824,355
66,2478
66,1854
111,1076
2478,49
1303,628
66,2498
716,1687
2498,49
9034,2271
3091,3092
628,111
3092,49
66,2779
2271,49
3,5
1687,49
3,4
111,1278
2779,49
5470,66
66,2837
8769,4765
5037,66
5470,66
8769,4765
66,2894
66,2684
4765,49
8769,4765
8769,4765
3070,3071
4454,3228
4454,4096
8769,4765
1688,1689
111,1076
3235,1369
3140,1369
1854,355
66,2500
66,1690
7933,66
2224,66
9160,9161
1689,49
9161,49
4765,49
1369,49
4096,49
7662,49
3228,49
3071,6198
49,3763
9090,7246
111,1267
7246,49
6198,49
49,1604
111,1278
2684,49
2894,49
2500,49
2837,49
5509,66
66,2663
1604,1605
7572,2169
2663,49
5037,6406
5474,5475
7662,49
6406,49
8731,66
7933,7934
6185,4603
8184,335
7987,5117
4603,49
6201,66
7934,49
111,1057
4454,4096
8282,66
5117,49
7933,7934
66,2626
66,2413
66,2437
9140,66
6272,5175
4096,49
5475,49
7934,49
335,49
9252,5007
49,3788
66,1395
2922,2924
5175,49
5007,49
2924,49
9160,9161
49,3788
8392,7982
1558,66
4660,597
5474,5475
111,1172
6272,5175
7982,49
5475,49
5175,49
9161,49
1395,49
66,376
359,360
360,49
1172,49
111,966
2157,2158
6404,836
4588,66
7662,49
597,49
2437,49
2626,49
3810,5538
49,3328
2158,66
8493,851
7419,4273
7423,5232
5756,66
111,1025
376,49
5538,49
851,49
9235,25
5112,5882
5232,49
9235,25
836,49
6703,66
9235,88
5101,7020
1653,1654
5112,5882
49,111
1434,4383
7966,7266
1653,1654
7423,5232
3810,5538
1653,1654
66,376
1653,1654
1653,1654
4454,4096
7423,5232
5538,49
7020,49
5882,49
5232,49
1653,1654
7266,49
1653,1654
1653,1654
7283,1522
1653,1654
1653,1654
1653,1654
4096,49
1522,49
1653,1654
5232,49
5101,7020
6893,6894
1653,1654
8187,5146
1653,1654
7020,49
8194,4353
7662,49
1653,1654
49,3779
7419,4273
1653,1654
6026,5573
66,2874
1653,1654
9049,2408
4810,4811
1653,1654
5146,49
4273,49
5573,49
1653,1654
4353,49
6893,6894
1653,1654
49,1748
4660,597
1653,1654
66,2794
1653,1654
111,1221
6893,6894
6893,6894
6893,6894
4811,49
9154,236
1653,1654
49,3045
9154,5206
1653,1654
9049,2408
6893,6894
1653,1654
7472,5573
1653,1654
9049,2408
5206,49
236,49
7472,5573
66,1635
49,3668
6026,5573
1653,1654
1653,1654
1653,1654
2948,3982
3870,3871
2874,23
1653,1654
8187,5146
2948,3981
1653,1654
2874,23
7345,66
1653,1654
1653,1654
7965,2408
1653,1654
5573,49
7662,49
5146,49
5831,3234
1653,1654
7965,2408
1653,1654
1653,1654
1653,1654
7965,2408
7965,2408
1635,49
1653,1654
1653,1654
1653,1654
3234,49
597,49
1653,1654
1653,1654
49,2347
1653,1654
1653,1654
1653,1654
1653,1654
1653,1654
1653,1654
1653,1654
1653,1654
1653,1654
1653,1654
1653,1654
2874,7519
1653,1654
7519,25
1653,1654
461,6597
1653,1654
1653,1654
2874,7519
111,1050
66,2441
111,1267
111,1093
4551,42
6894,3233
8194,4353
6894,3233
1653,1654
6021,5806
6894,3233
6894,3233
7519,23
6894,3233
66,2723
8029,66
2441,49
4353,49
42,49
5806,49
3233,49
2988,49
2874,26
7519,26
66,2577
2577,49
49,3273
66,2718
1653,1654
1653,1654
1653,1654
2874,7519
7519,7520
7519,6296
111,966
2718,49
8187,5146
7519,7520
7519,6296
7520,26
5146,49
6296,26
6203,223
111,966
1653,1654
1983,1985
5040,66
6272,5175
1519,1520
6282,2332
8787,8788
1519,1520
7229,6149
1653,1654
5756,5758
8787,8788
2332,49
1520,49
1983,1985
5175,49
49,111
1653,1654
1519,1520
5758,111
6203,223
6296,6297
1653,1654
7520,6297
7519,6297
1653,1654
2874,6297
66,772
1520,49
1653,1654
6149,49
111,999
1653,1654
1653,1654
1653,1654
1653,1654
1653,1654
1519,1520
1653,1654
111,1100
1653,1654
49,999
1653,1654
1653,1654
1653,1654
772,49
1520,49
1653,1654
1653,1654
1653,1654
1983,1985
1653,1654
111,999
111,966
66,273
1653,1654
1653,1654
1653,1654
66,2556
1653,1654
1653,1654
1653,1654
1653,1654
273,49
1985,49
2556,49
1653,1654
9126,66
49,3788
1653,1654
1653,1654
5756,5757
1653,1654
111,570
1653,1654
1653,1654
5145,4659
111,1076
1653,1654
111,1172
4659,49
5757,49
272,66
1653,1654
1653,1654
49,66
66,746
1653,1654
1653,1654
1172,49
1653,1654
1653,1654
1653,1654
66,2556
1653,1654
1653,1654
6931,6932
1653,1654
1653,1654
111,1074
1653,1654
1653,1654
1653,1654
111,966
1653,1654
6931,6932
1653,1654
7662,49
2556,49
1653,1654
7155,2256
1653,1654
5171,1956
1653,1654
1956,49
1653,1654
2256,49
1653,1654
1653,1654
1653,1654
1653,1654
1653,1654
1653,1654
1653,1654
1653,1654
8642,66
111,570
111,966
1653,1654
9213,66
1653,1654
3981,38
1653,1654
49,3357
1653,1654
1057,4755
3981,38
1653,1654
1653,1654
1653,1654
7662,49
1653,1654
1653,1654
3981,38
1653,1654
6587,66
1653,1654
1653,1654
1653,1654
49,3292
1653,1654
1653,1654
66,2556
1653,1654
1653,1654
1653,1654
1653,1654
2556,49
1653,1654
1653,1654
1653,1654
4274,4277
66,2145
1653,1654
1653,1654
1653,1654
2145,6922
3981,38
1653,1654
3915,3917
1653,1654
4277,49
1653,1654
1653,1654
3917,49
1653,1654
9121,1743
1653,1654
7237,7238
1653,1654
1653,1654
3537,4500
4500,49
7238,49
1743,49
1653,1654
111,1197
111,1332
1653,1654
1653,1654
1653,1654
1653,1654
1653,1654
111,1046
1653,1654
1653,1654
1653,1654
1653,1654
1653,1654
1653,1654
1653,1654
7544,1654
1653,1654
1653,1654
1653,1654
1653,1654
3130,66
1653,1654
1653,1654
1653,1654
1653,1654
1653,1654
1653,1654
1653,1654
1653,1654
1653,1654
1653,1654
66,2748
1653,1654
111,966
111,570
1653,1654
1653,1654
6272,5175
1653,1654
1653,1654
4528,6821
1653,1654
3879,66
1653,1654
1653,1654
5175,49
7662,49
1653,1654
3879,66
1653,1654
66,1472
3123,66
1653,1654
1653,1654
1653,1654
1472,49
1653,1654
4559,66
1653,1654
111,966
1653,1654
7544,1654
1653,1654
1653,1654
8300,7112
1653,1654
1653,1654
2948,26
7112,49
1653,1654
4559,66
1653,1654
8429,4368
111,1187
1653,1654
49,3396
4367,4368
66,2406
4368,49
4074,1592
49,3560
1592,49
49,2347
49,907
6272,5175
6825,6826
2948,3979
8455,2277
5175,49
6826,49
5301,8709
66,2471
3112,66
66,2572
2471,49
2277,49
3112,66
4559,66
1653,1654
4559,66
3112,66
1653,1654
1653,1654
1653,1654
1653,1654
1653,1654
9320,5728
1653,1654
1653,1654
9320,5728
1653,1654
5728,49
1653,1654
1653,1654
1653,1654
1653,1654
1653,1654
1653,1654
1653,1654
1653,1654
111,1244
1653,1654
1653,1654
1653,1654
1653,1654
1653,1654
1653,1654
1653,1654
1653,1654
1653,1654
1653,1654
1653,1654
111,980
1653,1654
2240,1520
1653,1654
111,974
1653,1654
8203,2191
1653,1654
8203,2191
1653,1654
2191,49
5728,49
1520,49
1653,1654
1653,1654
1653,1654
1653,1654
2191,49
8137,66
7110,66
1653,1654
1653,1654
4752,66
1653,1654
1653,1654
1653,1654
1653,1654
8568,1597
1653,1654
1653,1654
1653,1654
1653,1654
1653,1654
1653,1654
1653,1654
5145,4659
1597,49
1653,1654
49,3588
49,3692
7507,5306
1653,1654
1653,1654
7215,4398
1653,1654
4659,49
5306,49
5695,5695
7662,49
2903,66
4398,49
111,974
1653,1654
1653,1654
1653,1654
1653,1654
1653,1654
115,66
1653,1654
1653,1654
3609,5466
1653,1654
1653,1654
2903,66
5120,7248
5466,49
7248,49
3896,3897
3897,49
111,1220
2180,7973
1721,1723
3896,3897
66,2881
2864,9174
1936,66
7419,4273
3897,49
1653,1654
9160,9161
1653,1654
1653,1654
7215,4398
1653,1654
1653,1654
1653,1654
1721,1725
1653,1654
9161,49
1653,1654
1653,1654
1653,1654
1653,1654
1653,1654
1653,1654
5695,5696
1653,1654
1653,1654
1653,1654
4398,49
4273,49
1653,1654
5695,5696
1653,1654
1653,1654
1653,1654
1721,1725
1653,1654
1653,1654
1653,1654
1653,1654
1653,1654
1653,1654
1653,1654
1653,1654
1653,1654
1653,1654
7604,743
1653,1654
1653,1654
1653,1654
1653,1654
1032,25
1032,25
1653,1654
1653,1654
1653,1654
2864,38
1653,1654
1653,1654
1653,1654
1653,1654
1653,1654
1653,1654
1653,1654
1653,1654
1653,1654
1653,1654
1653,1654
1653,1654
1653,1654
1653,1654
1653,1654
1653,1654
1653,1654
1653,1654
1653,1654
1653,1654
1653,1654
1653,1654
1653,1654
1653,1654
1653,1654
1653,1654
1653,1654
1653,1654
1653,1654
1653,1654
1653,1654
1653,1654
1653,1654
1653,1654
1653,1654
1653,1654
1653,1654
1653,1654
1653,1654
1653,1654
1653,1654
1653,1654
1653,1654
1653,1654
1653,1654
1653,1654
1653,1654
1653,1654
1653,1654
1653,1654
1653,1654
1653,1654
1653,1654
1653,1654
1653,1654
1653,1654
1653,1654
1653,1654
1653,1654
1653,1654
1653,1654
1653,1654
1653,1654
1653,1654
1653,1654
49,111
4544,3961
66,2447
3961,49
6622,1520
8340,6149
6149,49
1520,49
49,3694
3014,3015
3040,936
3040,936
6622,1520
3040,936
3015,49
1520,49
3040,936
3040,936
3040,936
6622,1520
3040,937
8548,2420
1520,49
3040,937
3040,937
49,2665
3040,937
2665,66
2665,223
3694,60
3040,937
3040,937
3040,937
3040,937
3040,937
3040,937
3040,937
3040,937
3040,937
3040,937
3040,937
937,222
2224,66
937,222
111,1114
111,974
7604,743
49,3322
7450,874
6417,38
937,1483
937,1437
66,153
937,1501
223,4312
1483,49
937,1092
937,1406
937,550
937,1432
153,49
550,49
3040,937
7148,7149
9018,6172
937,1439
6172,49
7149,49
9018,6172
6172,49
2447,3256
2447,3256
9252,5007
3810,5538
5538,49
2447,3256
111,1231
5007,49
4433,4434
2447,3258
4473,4475
4475,49
4434,49
8116,7588
5136,6172
8549,4644
111,987
5136,6172
111,1002
111,1054
6172,49
7588,49
4644,49
1721,1725
49,3367
49,3367
3367,66
3367,66
152,1654
4484,4485
8711,66
2447,3251
3367,66
4485,49
2447,3251
3779,38
7662,49
214,158
2447,3251
49,111
6272,5175
111,969
111,1279
2447,3251
8007,1725
5175,49
4433,4434
8187,5146
2447,3251
2447,3251
5146,49
4434,49
111,1279
7604,743
5817,617
111,1021
2447,3251
7749,66
617,49
49,3837
87,103
2447,3251
6272,5175
214,158
2447,3253
2447,3253
2447,3253
5175,49
4528,6821
2988,49
4580,944
944,49
6282,2332
2332,49
223,4312
3040,937
2851,66
2447,3253
223,4312
5037,6406
2447,3253
6406,49
223,4312
111,1021
111,1175
4528,6821
103,90
937,1504
7709,1520
49,111
223,4312
87,90
7662,49
152,151
103,90
164,1489
223,4312
3040,937
1520,49
87,90
223,4312
4528,6821
2447,3253
937,1454
4473,4475
66,2747
66,2574
111,984
5145,4659
2447,3253
6284,66
4475,49
2447,3254
2447,3259
6284,66
223,4312
4659,49
2447,3259
7771,7474
2447,3259
103,90
66,2408
2447,3259
2237,2239
7662,49
7474,49
49,3620
2447,3259
2447,3259
2232,1725
2447,3259
2447,3259
9320,2232
4065,3990
2232,1725
3990,49
49,3825
2447,3259
223,4316
9320,2232
3254,3259
49,3825
3254,3259
3254,3259
3254,3259
3254,3259
2447,3259
2066,2070
2447,3261
3825,1271
2070,49
2447,3261
2447,3261
111,1282
8371,3526
2447,3261
3254,3261
3825,1271
3825,1271
2447,3261
3254,3261
49,3793
7572,2169
355,4489
4489,49
66,2697
9138,6370
2697,49
4059,1679
49,3825
7942,66
6370,49
1679,49
111,1269
49,3642
87,104
7662,49
2232,1725
66,2691
103,104
6688,6689
5399,584
3825,2702
66,2636
3825,2702
87,96
103,96
2691,49
7662,49
3825,38
103,96
2636,49
87,96
584,49
103,96
49,3565
66,376
376,49
9248,1592
8735,1592
8539,2565
8539,2565
1592,49
8539,2565
66,2698
5120,7248
7662,49
2698,49
6625,2418
5399,584
6625,2418
8338,66
7248,49
66,2823
5782,66
584,49
2418,49
66,1757
49,3793
49,3530
49,3679
49,3322
49,3590
49,493
103,96
4106,4105
1757,49
49,3363
49,3599
111,1134
4105,49
2237,2238
49,3390
49,3571
103,91
49,3827
49,3289
9341,66
87,91
111,1341
103,91
2238,49
49,3313
3560,7111
8621,66
35,33
3560,7111
49,3486
3560,7111
66,1650
103,91
33,49
66,1650
111,66
111,1176
49,3606
49,2784
49,3560
3642,2850
3638,7342
2850,49
7662,49
9138,6370
8187,5146
9138,6370
7342,49
5146,49
49,3367
6370,49
3537,4500
3367,66
9138,6370
4500,49
6370,49
355,6147
355,8265
2237,2238
5364,9208
3396,355
3045,355
1748,355
2572,355
3367,66
9208,49
2238,49
8265,49
6710,1592
1592,49
49,3682
66,2830
2830,49
66,1757
66,1757
1757,49
1153,3885
1757,49
1153,3885
6203,223
3885,1153
7662,49
3885,1153
1634,66
2988,49
4059,1679
1634,66
1679,49
7548,7549
6147,66
111,974
111,1114
7549,49
6147,66
7544,1654
49,3290
1780,66
6272,5175
3885,1153
6404,6547
5175,49
3885,1153
3885,1153
8422,66
8275,1679
6547,49
1153,4329
7148,7149
1679,49
66,2784
7662,49
7149,49
4329,111
49,2784
111,1114
111,974
1603,30
2565,2753
1603,30
8778,2589
7587,2589
7925,2589
5741,66
9160,9161
5887,2589
9161,49
2753,49
2589,49
8438,7640
6942,2589
6157,2589
49,3290
111,1153
2589,49
111,1114
111,1153
111,974
8187,5146
7640,111
5146,49
7662,49
223,4319
7662,49
9160,9161
4319,49
7460,49
3091,3092
5403,66
8722,66
7356,2879
7356,8821
3092,49
7356,8184
7356,6053
7356,2357
7356,1926
7662,49
7356,9062
7356,8864
7356,3693
7356,5325
9161,49
7356,8814
7356,8961
7356,875
7356,9055
7356,1124
7356,5252
7356,5175
7356,9008
7356,8930
7356,8989
7356,9034
7356,3101
7356,6616
7356,1734
7356,5139
7356,8946
7356,2098
7356,4900
7356,8868
7356,4504
7356,6531
7356,2458
7356,8847
7356,6346
7356,8875
7356,8885
7356,8948
7356,8907
7356,751
7356,8898
7356,8609
7356,2957
7356,5738
7356,9009
7356,1684
7356,9007
7356,8969
7356,8890
7356,811
7356,4544
7356,8953
7356,399
7356,4166
7356,8886
7356,1283
7356,6580
7356,9003
7356,8634
7356,9005
7356,7246
7356,8880
7356,8967
7356,2974
7356,2585
7356,7471
7356,7826
7356,8270
7356,6396
7356,8633
7356,8878
7356,72
7356,7026
7356,2026
7356,6892
7356,8876
7356,1735
7356,2964
7356,465
7356,623
7356,2680
7356,1101
7356,8734
7356,7836
7356,4973
7356,8940
5136,6172
7356,2436
7356,5715
7356,9016
7356,8902
7356,4253
7356,2916
7356,3329
7356,7398
7356,324
7356,8247
7356,8857
7356,8920
7356,5120
7356,6303
7356,8384
7356,8912
7356,4360
7356,8973
7356,5171
7356,8963
7356,8842
7356,9000
7356,770
7356,4843
4504,49
5325,49
1926,49
8270,49
6053,49
5738,49
6531,49
7356,5317
7356,460
7356,8787
7356,9040
7356,35
7356,8846
66,2771
66,2894
7356,4815
7356,43
7356,5178
7356,5491
7356,8805
7356,1413
7356,4963
7356,8272
7356,8873
7356,4816
7356,3168
7356,5146
7356,496
7356,8937
7356,8435
7356,3588
7356,8420
7356,8486
7356,5783
7356,4610
7356,8122
7356,5068
7356,8936
7356,5004
7356,5101
49,2771
7356,5268
7356,2434
7356,1038
7356,3290
7356,453
7356,2425
7356,5287
7356,4615
7356,2927
7356,8951
7356,8883
7356,5324
7356,5399
7356,918
7356,8126
7356,5254
7356,4513
7356,6172
7356,1887
7356,7626
7356,9010
7356,2013
7356,5360
7356,7780
7356,5294
7356,3960
7356,5354
7356,8949
7356,1522
7356,9002
7356,212
7356,3719
7356,5878
7356,1945
7356,8894
7356,4102
7356,7035
7356,4823
7356,5040
7356,8874
7356,2056
7356,5286
7356,3188
7356,4409
7356,8129
7356,786
7356,7766
7356,5470
7356,8227
7356,5074
7356,233
7356,7662
7356,4559
7356,8003
6172,49
5004,49
7356,4632
7356,5031
7356,5260
1734,49
1684,49
7356,7115
7356,5879
2894,49
7356,6375
7356,9027
7356,6608
72,49
5175,49
453,49
7356,8943
7356,2054
7356,4585
7356,8893
7356,1706
7356,300
7356,5148
7356,5223
7356,7956
8486,49
7356,8354
5287,49
7356,395
7356,4742
5178,49
5715,49
4816,49
7356,41
875,49
5146,49
7047,66
7356,3224
7356,5516
5068,49
8420,49
5317,49
7356,5109
8122,49
7356,9029
6580,49
5783,49
7356,6779
7356,7507
7356,5202
7356,3234
7356,5117
7356,6232
7356,4614
7356,5098
7356,9038
7356,1709
7356,5179
7356,4817
7356,5262
7356,4511
7356,5172
7356,5242
7356,4069
7356,6585
7356,7757
7356,7506
7356,6606
7356,8105
7356,359
7356,5349
7356,5321
7356,7861
7356,5231
7356,6508
7356,9014
7356,4391
7356,8507
7356,795
7356,2308
7356,4995
7356,7939
7356,5133
7356,7648
7356,4424
3254,3261
7356,5106
7356,4108
5354,49
4069,49
7356,7057
3234,49
233,49
5117,49
4632,49
5254,49
7356,8618
7356,204
7356,5880
5242,49
7356,192
3188,49
7356,8041
7356,5018
7356,5007
7356,9053
7356,5306
7356,2256
7356,4693
7356,7423
7356,8660
7356,6083
7356,4846
7356,2103
6606,49
7356,9015
7356,1907
7356,2978
7356,2240
7356,7460
7780,49
2013,49
5364,9208
4615,49
6172,49
8003,49
7356,2278
7356,1704
1522,49
7356,5011
7356,336
7356,7966
7356,6766
7356,8143
7356,6815
7356,5466
66,2496
7356,1599
7356,584
7356,5373
7356,6421
1887,49
3960,49
4391,49
1706,49
7356,3194
5321,49
2054,49
8354,49
7356,8498
5878,49
7956,49
6779,49
795,49
7662,49
4513,49
7939,49
5223,49
9029,49
9027,49
5179,49
6232,49
1709,49
4817,49
4823,49
5879,49
5172,49
300,49
6375,49
4102,49
7506,49
786,49
465,49
4409,49
5360,49
4511,49
7246,49
6508,49
9014,49
5286,49
5294,49
5262,49
5260,49
2056,49
5109,49
212,49
3254,3255
8660,49
5324,49
584,49
6815,49
8041,49
3254,3255
192,49
2308,49
5466,49
6421,49
8143,49
9015,49
5373,49
5133,49
5306,49
7057,49
5007,49
1599,49
2256,49
4108,49
7460,49
5018,49
336,49
9053,49
4846,49
7648,49
2978,49
1907,49
6083,49
5106,49
3254,3255
6766,66
6204,6205
1704,49
5011,49
111,1201
7356,8831
7356,8975
7356,8862
7356,3797
7356,7400
7356,3480
7356,33
7356,8884
7356,6706
7356,8906
7356,2661
7356,8088
7356,5180
7356,6522
7356,8859
7356,5285
7356,2225
7356,8355
7356,8065
4424,49
6205,49
4693,49
7423,5232
7356,565
7356,294
7356,7986
1223,7688
9117,3161
6204,6205
111,974
111,1114
66,1504
111,1342
4052,66
9117,3161
8498,66
5285,49
3161,49
33,49
9208,49
8065,49
7986,49
2496,49
565,49
8355,49
5232,49
4585,4586
2447,3255
7662,49
6204,6205
5180,49
3254,3255
8658,492
66,2545
8088,49
3161,49
1124,6239
2447,3255
3254,3255
6204,6205
2447,3255
111,1223
6205,49
4586,49
6239,49
3254,3255
8187,5146
49,1482
8589,66
2653,7002
2015,2016
7662,49
5146,49
6205,49
2447,3255
2653,7002
3254,3255
7002,2653
2447,3255
3254,3255
111,1114
111,1223
7460,49
2016,49
492,49
2545,49
2447,3255
2447,3255
6204,6205
3254,3255
2447,3255
7460,49
5101,7020
6205,49
2447,3255
8589,66
3254,3255
1303,7969
111,1281
31,36
9018,4069
4263,30
4473,4475
36,49
4069,49
7020,49
111,1200
8152,66
7969,111
4475,49
4551,4551
8648,66
111,1330
6786,6789
31,36
8152,66
5491,66
6689,825
36,49
31,35
6600,30
66,2684
111,1114
4614,3929
66,2621
6204,6205
49,3432
31,35
31,35
6786,1089
3929,49
6789,49
6282,2332
31,36
1089,111
6205,49
2684,49
7662,49
2332,49
6987,6988
3606,5318
36,49
6600,30
6786,6789
31,36
2088,529
6789,49
36,49
6988,49
111,1114
529,49
49,3432
31,36
49,3474
6530,6531
5202,4976
6531,49
111,1114
36,49
2088,529
49,3474
8129,1369
6204,6205
4976,49
529,49
9348,4243
49,3302
9348,4243
6204,6205
7836,7751
1369,49
5364,9208
6205,49
9208,49
7751,49
6272,5175
4243,49
49,1264
6040,192
5175,49
192,49
7460,49
6204,6205
5031,554
3194,1369
6205,49
4843,66
1369,49
554,49
49,3502
49,111
7733,66
49,3422
3839,7147
2066,2068
2447,3252
7147,49
4015,1038
49,3655
4015,1038
5031,554
8767,66
554,49
6346,66
3655,49
7662,49
7460,49
7757,7758
6346,66
7758,49
6040,192
8187,5146
8568,7147
5146,49
7662,49
192,49
7147,49
49,3290
66,2642
5474,5475
5762,2333
2333,2335
7460,49
2642,49
9347,38
3254,3255
5475,49
4551,42
4551,42
3254,3260
4551,42
9347,66
49,3474
1788,4288
49,3474
2068,2066
111,1267
7551,66
7460,49
2270,2271
49,3367
5120,7248
111,1330
2271,49
7248,49
2927,66
7767,38
111,1330
3004,529
66,2844
49,111
2447,3260
4815,4816
3254,3260
2447,3260
3254,3260
529,49
3367,66
3367,66
2278,66
7215,4398
2844,49
5880,5881
5881,49
4398,49
2447,3260
6244,72
6244,72
72,49
5880,5881
5881,49
5880,5881
72,49
2447,3260
3254,3260
5863,5864
7215,66
3907,66
5864,49
9038,5581
66,2447
111,1089
2447,208
5137,7376
5881,49
5581,49
111,1279
6040,192
7376,49
2447,208
3254,208
192,49
2447,208
3254,208
1089,111
2447,208
49,3443
111,1266
49,1847
3254,208
3422,2767
2447,208
7747,66
2447,208
3422,2767
258,6266
2447,208
2447,208
2767,49
3254,208
6266,1940
2447,208
4021,66
6266,2935
1940,49
1191,4722
7861,66
8187,5146
1191,4722
4722,208
6266,259
66,2885
4021,66
2935,49
5146,49
3254,208
6266,257
1191,208
3490,136
3254,208
4815,4816
259,49
257,49
7603,66
136,49
6417,6419
2447,208
111,1299
3254,208
6266,258
66,2474
8275,1679
4815,4816
111,570
2447,208
6821,6822
3254,208
8300,7112
2447,208
2447,208
1679,49
4816,49
9280,66
2447,208
2447,208
2447,208
2447,208
2447,208
2447,208
2447,208
5134,6381
6821,6822
7861,66
66,2784
49,3366
4815,4816
6381,49
6821,6822
2447,208
3254,208
66,2863
7987,5117
111,974
2447,208
9038,5581
3254,208
4816,49
7112,49
2447,208
9078,66
6013,6014
3490,136
5826,2108
1038,4269
9252,5007
5117,49
5581,49
9078,66
395,396
2185,2186
2108,49
5007,49
3254,3260
2447,1191
136,49
2447,208
3254,208
9078,66
2186,49
6014,49
2903,66
2447,208
3254,208
6526,4073
2447,208
2447,208
9200,66
4073,49
3254,208
66,2620
2447,208
1368,1369
2620,49
7662,49
1369,49
3235,1369
1191,208
3254,208
1191,208
3254,208
1369,49
3140,1369
49,3510
49,3668
2447,208
3254,208
2447,208
7460,49
1369,49
3490,136
111,1022
66,2778
136,49
2447,728
728,208
3254,208
728,208
2778,49
111,1064
2447,1191
1847,1848
5620,3996
3996,49
728,208
3254,208
728,208
3254,208
1191,208
3254,208
2447,208
1191,208
49,3560
7460,49
49,3510
6396,6725
8184,335
9328,1036
1936,66
8507,5135
2447,208
6725,49
7788,66
3254,208
335,49
2447,208
2240,1520
2240,1520
49,2232
49,3836
1520,49
2447,208
5135,49
7963,1859
3254,208
49,3692
3366,501
2447,208
3254,208
111,974
2948,2828
1160,6878
1859,49
728,208
3254,208
1160,6878
7460,49
1191,208
3254,208
9160,9161
1191,208
6594,66
1191,208
2948,2828
3254,208
9161,49
1191,208
3254,208
1191,208
1160,6868
7662,49
2367,7057
7826,149
2948,2828
7057,49
149,49
2447,208
3254,208
752,208
3254,208
752,208
5364,9208
5699,5700
9208,49
2948,2828
152,208
2447,208
7826,149
680,66
3254,208
1195,4025
148,149
2828,49
149,49
4025,49
752,208
111,1228
3254,208
752,208
5630,66
1453,66
7662,49
149,49
49,3510
1983,1986
6040,192
152,208
2447,208
3254,208
192,49
575,576
576,49
2447,208
3254,208
2447,208
2447,208
3254,208
2447,208
6417,6419
3254,208
2447,208
7923,66
9134,5850
5850,49
6419,49
49,111
87,66
8384,7636
2447,208
3254,208
66,2576
7636,49
111,1034
2447,208
5756,5757
3254,208
3254,208
1034,49
2447,208
8384,7636
2576,1654
2576,1654
7636,49
5757,49
49,3504
2447,208
3254,208
2447,208
1488,66
3254,208
66,2638
4473,4475
2447,208
1488,66
623,2656
7604,743
2638,49
4475,49
4556,4557
4557,49
1191,208
3254,208
1191,208
49,3658
368,66
623,2656
1191,208
3254,208
3123,66
66,2748
1191,208
3254,208
2447,208
3254,208
7727,66
1191,208
3254,208
111,974
7662,49
66,2324
111,1132
7460,49
111,1025
66,2470
8205,5872
3090,66
111,1114
5872,49
8275,1679
7662,49
9154,236
6748,66
1679,49
236,49
223,4321
2232,1725
827,828
5040,66
1132,6409
1191,208
3254,208
1191,208
827,828
111,1243
9108,66
9154,5206
575,576
5206,49
111,963
827,828
576,49
9108,66
827,828
111,1138
66,2791
49,1264
7923,66
8162,6829
6829,49
66,1133
4050,66
111,963
5817,617
111,1138
3125,5855
3125,5855
9131,66
5855,49
8577,8578
617,49
8577,8578
3125,5855
7460,49
5855,49
49,3569
1434,4383
1434,4382
6417,158
5631,66
811,38
111,1087
6417,158
8444,66
3125,5855
152,38
5855,49
1434,4382
736,737
6916,66
1434,66
737,49
66,535
66,2761
111,1340
111,1120
6013,6014
3569,7201
5516,1758
7662,49
49,3732
535,49
6014,49
827,829
152,208
66,2620
49,3658
2620,49
1758,49
7662,49
355,8266
827,828
1133,6443
152,208
7662,49
8266,49
829,828
829,828
829,828
7349,5380
5380,49
4383,223
827,829
4383,223
827,828
1721,1725
9090,7246
1603,30
7246,49
7349,5380
5145,4659
5380,49
4659,49
66,2874
2874,6297
111,1087
822,66
2874,6297
2874,6297
827,828
111,1132
827,828
829,828
1982,66
6297,6349
6349,208
3254,208
2232,1725
66,2836
6349,208
3254,208
829,828
829,828
829,828
829,828
6349,208
827,828
829,828
1705,1706
829,828
6349,208
3254,208
1706,49
66,2500
6349,208
6349,208
3254,208
3254,208
6349,208
2500,49
49,111
827,828
111,1299
1721,1725
3475,2177
111,1278
2177,49
66,2676
6349,208
3254,208
6349,208
6349,208
6706,66
3254,208
1944,1592
66,2783
1592,49
9198,1592
49,3560
4274,4277
1592,49
4277,49
5895,66
5895,66
3723,7704
6349,208
7704,49
6349,208
3254,208
2783,8198
2670,60
111,1025
7460,49
49,3594
66,2656
66,2783
6825,6826
6826,49
66,2860
7524,1592
1705,1706
1705,1706
1592,49
1706,49
5364,9208
1586,1587
9208,49
1587,49
49,3542
49,3511
49,1152
9346,1587
111,1244
6349,208
3254,208
49,3594
1587,49
6349,208
3254,208
6349,208
6349,208
3254,208
3254,208
3254,208
6349,208
6349,208
3254,208
6349,208
6369,6370
66,2881
6370,49
6349,208
3254,208
3836,66
6349,208
6349,208
3254,208
3254,208
6349,208
3836,66
111,1114
49,3783
5491,66
5491,66
49,3588
4544,3961
3961,49
7460,49
7460,49
811,1582
7963,1859
1859,49
6369,6370
3569,7201
6370,49
3569,7201
3569,7201
6303,66
6369,6370
7460,49
49,3533
5491,66
7821,5439
1133,2325
5439,49
7460,49
4065,3990
111,1062
3990,49
66,2484
2484,49
7662,49
66,459
6272,5175
9160,9161
5175,49
9161,49
5364,9208
1133,2325
8052,66
9208,49
49,3386
9084,66
8590,66
111,1174
7171,5157
5157,49
111,1113
2948,3980
9084,66
111,1062
223,4316
49,3668
66,2620
9338,66
7460,49
2620,49
111,1036
7987,5117
6417,6419
6419,49
5117,49
6417,6419
7987,5117
7460,49
6419,49
8248,66
6417,38
6417,38
5117,49
1248,66
6417,38
8708,6782
6659,5179
6417,38
7987,5117
5179,49
6417,38
6417,38
3723,7704
998,1991
5117,49
7704,49
8275,1679
6417,158
1679,49
1991,49
8275,1679
1000,2023
6782,6783
1000,2023
6782,6783
3337,3447
998,1991
1679,49
1000,2021
3447,49
1991,49
7423,5232
5232,49
6417,158
111,1142
1246,1991
1991,49
1142,49
49,3549
1144,1991
1293,1991
6417,158
6417,158
6417,158
49,3386
49,2044
301,301
1991,49
7484,7503
7484,7488
7662,49
7484,7487
7484,7501
49,2665
49,3367
7484,7491
7484,7498
7484,7495
7484,7493
7484,7499
7484,7502
7484,7497
6417,158
7484,7492
7484,7494
2947,2948
7484,7490
7484,7489
49,3783
66,2613
6272,5175
2665,223
5175,49
7484,7496
7484,7500
7484,7485
7484,3126
7484,7486
49,3367
7484,301
3367,66
66,2467
302,4174
3367,66
6272,5175
9252,5007
5175,49
5007,49
49,2665
2665,223
2055,66
2665,223
9338,66
49,2821
7460,49
5120,7248
7248,49
8275,1679
2055,66
2680,6719
49,3433
1679,49
2947,2948
49,2354
111,1284
6719,2680
187,188
188,49
49,2232
5364,9208
2447,208
2232,1725
3254,208
9208,49
3537,4500
7987,5117
6719,2680
66,2763
7729,1592
4500,49
1592,49
5117,49
5145,4659
6719,2680
7215,4398
9343,548
3164,3165
3783,145
7460,49
4398,49
4659,49
548,49
49,3491
49,3731
9343,548
548,49
6272,5175
66,2728
66,2461
2728,49
7460,49
5175,49
111,1328
66,2747
8444,66
2367,7057
7057,49
49,2784
3783,145
3386,145
3533,145
103,97
8275,1679
87,97
103,97
87,97
5364,9208
1679,49
9208,49
49,3736
49,3760
103,97
87,97
7460,49
145,6778
103,97
49,3386
6659,5179
49,3711
7987,5117
6778,49
5117,49
5179,49
4544,3961
49,3386
3961,49
7662,49
49,3386
7662,49
49,1264
49,3386
103,97
3004,529
1898,1780
7572,2169
6040,192
192,49
7662,49
529,49
49,3711
7460,49
308,66
936,937
937,1454
937,1454
66,116
116,49
49,3763
49,3763
355,772
772,49
3386,145
2044,145
5145,4659
7460,49
4659,49
8187,5146
49,2742
937,1411
8187,5146
5146,49
87,99
103,99
820,66
3537,4500
1411,49
49,3301
66,2840
6272,5175
5826,2108
5301,66
2840,49
5175,49
4500,49
2066,2068
7046,66
2988,49
49,3678
355,4489
9150,66
4489,49
2108,49
87,99
2526,4831
2333,2334
87,99
111,1153
355,772
820,66
66,2543
49,3301
4831,49
2128,6430
2128,6428
7662,49
5364,9208
7987,5117
9208,49
49,3674
35,33
5117,49
66,856
2128,6427
33,49
5724,66
2821,145
2011,66
3825,4620
3825,4620
3825,4620
3825,4620
772,49
3825,4620
1721,1724
2011,66
49,66
2354,145
87,101
1153,1121
4321,223
3207,3208
3026,66
103,101
4577,66
3026,66
5817,617
9117,3161
9117,3161
5231,4976
8275,1679
2128,6428
4976,49
3207,3209
49,3386
49,3553
3161,49
9117,3161
87,101
7662,49
3209,49
3161,49
617,49
1679,49
66,2433
87,101
111,964
5120,7248
5231,7151
7151,49
4473,4475
1898,1780
3491,145
3731,145
355,772
355,772
355,8270
7248,49
4475,49
49,3788
772,49
8270,49
222,223
111,1067
1153,1121
223,4320
4320,49
1721,1725
66,2542
111,1176
2367,7057
87,98
7057,49
7460,49
49,3386
103,98
1721,1725
111,1067
5364,9208
66,2567
4166,3229
223,2665
3224,3226
7662,49
9208,49
3229,49
103,98
7662,49
9090,7246
49,3386
2367,7057
87,98
8124,66
187,188
3226,49
7246,49
66,2747
7057,49
49,3787
408,409
3760,145
3736,145
667,66
8731,6785
8731,8732
409,49
188,49
49,2821
7662,49
66,2773
2773,49
3386,145
3386,145
3711,145
49,2737
223,937
6784,6785
6784,6785
3386,145
4620,4621
3386,145
49,2354
4620,4621
66,452
127,66
127,66
127,66
87,100
452,49
7460,49
3117,66
87,100
3711,145
103,100
1834,452
3117,66
1206,66
1206,66
452,49
7460,49
7460,49
127,66
49,3463
7662,49
6609,6610
6608,581
9246,6903
3658,355
3443,355
6040,192
49,3775
6609,6610
49,3832
6272,5175
192,49
5175,49
49,3710
6609,6610
66,2875
3822,208
49,3787
6386,66
2742,145
6272,5175
5175,49
49,3398
3224,3226
3226,49
8184,334
7548,7549
7549,49
6609,6611
7356,3797
7356,3425
7356,8990
7356,8968
7356,839
7356,8816
7356,2574
7356,6679
7356,9004
7356,8932
7356,3594
7356,1213
7356,1564
7356,8866
7356,8891
7356,8912
7356,6396
7356,5738
7356,8898
7356,8928
7356,2357
7356,8596
7356,1426
7356,8826
7356,8975
7356,5386
7356,9007
7356,9046
7356,347
7356,8953
7356,8836
6609,6611
7356,8835
7356,3101
7356,8941
7356,8956
7356,5260
7356,1283
7356,1494
7356,5563
7356,8864
7356,3480
7356,8880
7356,3378
7356,3588
7356,8907
7356,9025
7356,8839
7356,490
7356,6426
7356,8887
7356,8988
7356,4360
7356,8993
7356,8734
7356,4758
7356,8831
7356,5031
7356,8886
7356,8914
7356,8966
7356,8973
7356,7246
7356,8800
7356,5545
7356,2974
7356,4973
7356,9010
7356,2099
7356,1719
7356,770
7356,6239
7356,8862
7356,7405
7356,3229
7356,8900
7356,564
7356,1926
7356,6662
7356,8906
7356,2916
7356,420
7356,6892
7356,7536
7356,5252
7356,4504
7356,1166
7356,6706
7356,2879
7356,8108
7356,7826
7356,8876
7356,9000
7356,5007
7356,2964
7356,2676
7356,6978
7356,8940
7356,8799
7356,2661
7356,6311
7356,9040
7356,3329
7356,5210
7356,5134
7356,8833
7356,6077
7356,8963
7356,918
7356,6580
7356,9061
7356,5892
7356,1735
7356,4843
7536,49
7356,8857
5386,49
7356,8996
3425,49
5738,49
3229,49
1426,49
1926,49
7356,5074
7356,2436
7356,8354
7356,5715
6679,49
7356,5120
6239,49
7356,8852
7356,1684
7356,9003
7356,811
5007,49
7356,460
8596,49
564,49
7356,2434
7356,8977
9025,49
7356,192
7356,4900
839,49
7356,7026
7356,7398
7356,8970
7356,8247
347,49
7356,5085
7356,7881
3678,145
7356,4253
7356,5101
7356,5632
7356,8936
5260,49
1494,49
7356,8845
7356,736
7356,152
7246,49
4504,49
7356,5378
7356,5189
7356,720
7356,8878
7356,9005
7356,8227
7356,3290
7356,8270
7356,2040
7356,3719
7356,8949
7356,9064
7356,5139
7356,8937
7356,4610
7356,8805
7356,9016
7356,8787
7356,2301
7356,2013
7356,5184
7356,693
7356,5878
7356,43
7356,5171
7356,496
7356,5865
7356,8486
7356,5317
7356,8088
7356,8883
7356,5324
7356,294
7356,4828
7356,3960
7356,8806
7356,9033
7356,8272
7356,5360
7356,4818
7356,5178
7356,7626
7356,8873
7356,8294
7356,4944
7356,5146
7356,7771
7356,5001
7356,2927
7356,8951
7356,4513
7356,733
7356,6766
7356,5268
7356,3188
7356,3606
7356,8920
7356,3168
7356,1887
7356,5581
7356,8342
7356,3929
7356,1706
7356,917
7356,9002
7356,635
7356,4816
7356,6531
7356,8943
7356,8126
7356,7766
7356,4823
7356,9055
7356,7533
7356,4615
7356,6232
7356,4984
7356,5254
7356,7956
7356,8894
7356,8003
7356,8902
7356,8122
7356,5491
7356,5251
7356,5354
7356,3672
7356,5179
7356,7780
7356,617
7356,4817
7356,2054
7356,774
7356,5223
7356,8874
7356,4614
7356,395
7356,8634
7356,8105
7356,5276
7356,6585
7356,668
7356,5516
7356,453
7356,4585
7356,9029
7356,1734
7356,5068
7356,9027
7356,5776
7356,5879
7356,4742
7356,5285
7356,7662
7356,233
7356,4669
7356,4963
7356,6522
7356,7057
7356,8065
7356,4102
7356,204
7356,6303
7356,5098
7356,6608
7356,5117
7356,7035
7356,7276
7356,554
7356,5040
7356,5004
7356,9023
7356,4511
7356,6375
7356,859
7356,7757
7356,5172
7356,5262
7356,8355
7356,3234
7356,8893
7356,8308
7356,5197
7356,2056
7356,8844
7356,5148
7356,4500
7356,300
7356,1709
7356,6606
7356,2103
7356,8946
7356,1811
7356,5783
7356,795
7356,3224
7356,2248
7356,5175
7356,9014
7356,6508
7356,5362
7356,8875
7356,5349
7356,4391
7356,359
7356,9034
7356,7506
7356,5286
7356,5109
7356,5321
7356,7861
7356,7017
7356,7115
7356,7939
7356,2225
7356,2308
3414,1582
7356,212
7356,5202
7356,1976
6609,6611
7356,5180
7356,8507
7356,6421
7356,4556
7356,2278
7356,5011
7356,9015
7356,1907
7356,4995
7356,4424
7356,465
7356,4108
7356,1368
7356,9038
7356,4839
7356,5018
8486,49
7356,5106
4500,49
7356,5242
1734,49
5324,49
7356,7966
5117,49
7356,8041
5354,49
3188,49
111,1330
3960,49
1706,49
7356,5880
5581,49
3234,49
7356,7423
453,49
5254,49
1887,49
1684,49
5004,49
7780,49
6531,49
5285,49
2054,49
4615,49
7356,2256
7356,1599
7356,1704
7356,5306
7356,336
7356,3194
8355,49
7356,6083
7356,4846
3929,49
7356,9053
7356,6766
7356,6815
4944,49
7356,8143
8354,49
7356,5373
233,49
7356,8618
7356,5231
7356,8498
7356,7648
4984,49
5178,49
2013,49
8065,49
192,49
8088,49
7356,8660
7356,4693
8003,49
7356,8859
7356,2978
7356,5294
5878,49
4513,49
4823,49
7956,49
7662,49
5715,49
1709,49
617,49
6232,49
5223,49
5251,49
7057,49
5146,49
6659,1704
9029,49
5172,49
4816,49
9027,49
5360,49
5179,49
5879,49
5865,49
5262,49
5085,49
6375,49
5632,49
5276,49
6659,5179
7881,49
5378,49
7276,49
733,49
2056,49
5317,49
4669,49
5776,49
3672,49
7533,49
8294,49
49,3491
2308,49
6421,49
8143,49
8660,49
6606,49
9015,49
6815,49
1976,49
8041,49
5175,49
4839,49
5321,49
2256,49
5306,49
5179,49
4846,49
5018,49
7939,49
6083,49
4424,49
5242,49
5373,49
1599,49
336,49
4817,49
795,49
9014,49
6508,49
1907,49
300,49
8270,49
465,49
5011,49
5109,49
5294,49
7017,49
1704,49
4102,49
5783,49
2248,49
8122,49
111,1330
212,49
7506,49
7648,49
9053,49
5106,49
6580,49
5068,49
4693,49
4511,49
554,49
5180,49
5286,49
9064,49
4391,49
6609,6611
5362,49
4108,49
2978,49
5456,5457
7032,6564
2543,145
7460,49
6564,49
7356,5200
7356,1038
7356,1986
7356,8930
7356,2957
7356,8967
7356,9021
7356,7751
7356,9009
7356,1413
7356,8897
7356,7620
7356,5287
7356,1522
7356,7986
7356,4186
7356,6053
7356,7460
7356,4409
7356,4069
7356,41
6609,6611
7356,565
7356,786
7356,2240
7356,7925
7356,6779
7356,5466
7356,5133
4556,4557
5457,49
4069,49
1522,49
5466,49
7751,49
5287,49
4409,49
7460,49
7620,49
6779,49
6053,49
565,49
786,49
4186,49
5133,49
7986,49
7356,8420
7356,4632
111,1206
111,1328
4557,49
4632,49
8420,49
6609,6611
355,2742
7953,66
3674,145
856,145
3526,6776
822,66
6622,1520
2240,1520
6776,49
5098,66
5202,4976
49,3692
1206,66
4976,49
49,3526
9044,7800
2927,66
7800,49
49,3832
49,3526
103,100
66,2406
87,100
7460,49
5364,9208
49,3602
6290,6291
8300,7112
2565,2753
8300,7112
111,500
9208,49
7112,49
2753,49
3553,145
3386,145
3143,66
9117,3161
3161,49
66,2894
2433,145
2894,49
49,3635
49,2089
49,713
3026,66
3026,66
49,3759
9160,9161
66,2500
7423,5232
9161,49
2500,49
3026,66
49,3838
5232,49
8498,66
7923,66
6282,2332
7757,7758
49,2742
87,102
103,102
6659,5179
2332,49
5179,49
7758,49
49,3742
49,3747
5120,7248
7662,49
7248,49
49,3747
66,2433
5349,656
66,2536
656,49
3386,145
49,2902
49,3742
3537,4500
1195,5532
103,102
5349,656
6392,6394
4500,49
656,49
5532,49
87,102
49,3553
49,3747
49,2536
49,3703
7987,5117
2329,38
66,2663
4464,192
2663,49
7460,49
5117,49
2329,4680
2367,7056
49,3321
66,2643
2329,4680
2329,4680
252,30
8566,3536
8682,66
192,49
7056,49
3321,3321
49,3598
49,3430
66,2453
6712,1368
4383,223
2301,2302
355,3575
5148,66
2278,2279
2302,49
103,95
7460,49
4129,66
49,3551
49,3730
66,2536
7171,5157
7604,743
2278,2279
5157,49
2279,49
49,3658
49,3683
3536,6895
3321,129
2821,145
3386,145
3787,145
2279,49
1099,5835
9160,9161
49,261
49,2326
49,3445
4614,3929
3929,49
7662,49
103,95
9161,49
7460,49
49,3145
1917,135
743,49
5340,1358
49,572
111,1067
49,3501
49,2742
49,3321
9154,9125
9154,7655
2278,66
66,2555
3536,6895
2018,135
49,3581
49,2145
49,3321
49,3481
66,2821
6282,3703
2737,145
66,2678
87,95
9105,1358
2678,49
49,1576
49,2354
49,3688
87,103
49,2057
49,3710
6712,66
5400,66
5037,6406
6712,1368
2354,145
7460,49
6406,49
5301,66
87,89
3254,3260
3254,3260
66,772
7460,49
7966,7266
103,89
3254,3260
185,66
3569,7200
6712,66
772,49
7266,49
8275,1679
66,2894
5101,3445
87,92
49,3778
49,3481
2894,49
1679,49
66,2737
3224,2031
355,4103
66,2433
66,2161
3254,3260
6255,3554
3254,3260
3254,3260
49,3736
49,1860
66,2536
3463,145
252,30
6712,66
2367,7056
3254,3260
355,3575
66,2557
66,2667
252,30
581,145
6903,145
6255,3554
629,631
103,92
3832,145
3710,145
3254,3260
103,92
3254,3260
66,2388
87,92
3254,3260
6436,3554
3254,3260
3254,3260
3254,3260
6436,6437
3254,3260
3787,145
1674,66
66,2388
7828,66
3254,3260
3254,3260
9118,66
3254,3260
3254,3260
9246,6903
4379,467
3254,3260
66,2675
3254,3260
3016,3017
3254,3260
7861,66
355,713
66,2668
7548,7549
66,2786
3537,4582
2119,7697
3337,3722
66,2668
111,1207
3491,145
7549,49
7056,49
66,2792
7460,49
49,3538
49,3321
49,467
49,3501
49,3702
49,3581
49,3705
49,1435
49,3474
49,111
49,467
49,3845
49,3332
49,3557
49,2361
49,3557
49,3787
49,2361
49,3467
49,3420
49,3474
49,3474
49,3705
5491,66
66,2833
49,3670
49,2361
49,3575
49,3722
8187,5146
49,3432
49,3570
87,95
8747,66
2676,66
103,95
5146,49
49,3432
49,3557
493,495
103,89
87,89
2434,1725
7757,1588
355,1860
49,3736
49,2354
49,3803
49,3733
49,729
49,2646
655,656
66,2659
2742,145
3537,4500
103,93
111,1207
656,49
49,3722
49,3725
49,3371
49,3509
49,3025
2676,66
2240,1520
2240,1520
6622,1520
8747,66
6622,1520
6622,1520
1520,49
49,712
49,2087
430,30
6745,38
2367,7056
7757,1588
3172,66
1520,49
7056,49
4500,49
7460,49
9038,5581
49,3711
3254,3260
6745,38
5231,7151
2434,3060
3254,3260
87,93
66,2894
3254,3260
7987,5117
3254,3260
6745,223
3254,3260
3254,3260
5581,49
49,566
7460,49
7151,49
3254,3260
49,3437
49,3402
4473,4476
3254,3260
87,94
3254,3260
66,2684
9252,5007
5117,49
2684,49
111,66
3832,145
3254,3260
6206,1585
3254,3260
5892,5893
3254,3260
3254,3260
6206,1585
7459,7460
3254,3260
2894,49
5007,49
1585,49
7460,49
5893,49
49,3581
3254,3260
49,3604
3254,3260
3254,3260
4473,1937
3254,3260
1585,49
752,1725
7460,49
111,1328
7460,49
49,3832
2434,1725
9197,66
7345,66
9197,66
6291,145
3602,145
49,3736
9197,66
1057,66
49,1972
5364,9208
49,3668
111,1206
8710,66
3254,3260
9208,49
2526,1743
103,94
1743,49
3254,3260
49,3787
49,1860
713,145
3635,145
2089,145
8451,8453
3254,3260
3254,3260
49,3669
9038,5581
49,3465
49,2742
3254,3260
8451,8453
3254,3260
7941,135
3838,145
3759,145
6237,135
49,2742
49,3543
1206,66
355,6639
5581,49
5310,465
66,2434
3254,3260
66,2690
3254,3260
66,2742
3254,3260
66,2742
2742,145
111,1328
111,1096
2690,49
465,49
3254,3260
49,3787
6526,4073
3254,3260
5189,3933
8082,6513
2459,66
3837,8553
4073,49
6513,49
3933,49
8451,8452
3742,145
3254,3260
355,5559
3254,3260
3254,3260
2459,26
3254,3260
8553,49
8452,49
49,1972
3254,3260
2902,145
2433,145
3742,145
253,30
2536,145
3254,3260
3254,3260
3254,3260
253,30
5411,66
3254,3260
49,3596
3254,3260
8275,4976
3254,3260
66,2894
3254,3260
6286,6090
252,30
6600,30
6394,145
3254,3260
7756,1236
3243,3244
3837,8553
6090,49
2894,49
4976,49
3254,3260
7215,4398
3254,3260
3254,3260
3254,3260
3703,145
3553,145
3254,3260
2536,145
3254,3260
8553,49
783,49
3244,49
4398,49
3254,3260
3254,3260
6910,71
66,2642
66,2618
66,2454
3254,3260
5136,2063
3254,3260
49,3668
3254,3260
3598,145
3430,145
49,3668
783,49
3575,145
430,30
3254,3260
3254,3260
5136,2063
490,491
3243,3244
3254,3260
430,30
8388,6199
8001,66
8208,7302
3244,49
71,49
2642,49
2536,145
49,3325
3254,3260
3730,145
3254,3260
8215,192
8388,6199
6659,5179
3254,3260
6199,49
192,49
7302,49
6600,30
8001,66
3254,3260
49,3429
49,3617
49,3025
49,191
35,6986
3551,145
3683,145
3254,3260
3254,3260
3254,3260
6199,49
5179,49
49,3594
783,49
49,1264
3254,3260
8388,66
5679,3996
3254,3260
261,145
2326,145
3445,145
3254,3260
3254,3260
3254,3260
3996,49
8275,1679
49,3429
3254,3260
3501,145
9125,145
7655,145
2742,145
2555,145
9038,5581
3254,3260
3145,145
3254,3260
111,1199
3839,4374
5581,49
1199,49
49,3669
1679,49
3254,3260
3254,3260
5911,66
111,1236
3254,3260
7826,149
3254,3260
6659,5179
355,3575
9252,4350
3254,3260
5768,66
3688,145
3254,3260
3703,145
2354,145
2821,145
3481,145
3581,145
5179,49
149,49
3254,3260
49,3594
49,3429
9347,66
3254,3260
3254,3260
5911,66
3254,3260
4620,4621
3254,3260
3254,3260
49,2032
3254,3260
5911,66
3254,3260
3254,3260
5911,66
2377,422
3254,3260
3254,3260
5911,66
66,2396
3254,3260
5911,66
49,3759
5911,66
3254,3260
4508,1236
5911,66
7923,66
3254,3260
5911,66
3254,3260
5911,66
3254,3260
422,423
3254,3260
3254,3260
49,3658
66,2680
811,1582
3254,3260
3254,3260
8300,7112
3254,3260
3254,3260
7737,1236
103,94
3254,3260
66,2454
3254,3260
5364,9208
3254,3260
3254,3260
3254,3260
3254,3260
3254,3260
4211,66
3254,3260
5411,66
3254,3260
7115,66
3254,3260
3254,3260
3254,3260
3254,3260
3569,7201
3254,3260
1861,66
3254,3260
7799,7800
87,94
7112,49
1582,49
9208,49
2454,49
7201,49
7460,49
7800,49
5474,5475
3254,3260
66,2495
4211,66
3254,3260
9233,223
3254,3260
3254,3260
9090,7246
3254,3260
3254,3260
3254,3260
5475,49
7246,49
2185,2186
3254,3260
3254,3260
111,1217
2192,66
3254,3260
4211,4212
3254,3260
3254,3260
2186,49
783,49
4212,49
3254,3260
1586,1587
3254,3260
3254,3260
3254,3260
2057,145
3254,3260
2643,145
1576,145
3710,145
572,145
66,2673
1587,49
2031,145
3481,145
3254,3260
9346,1587
3736,145
2737,145
3445,145
2433,145
1860,145
3778,145
2557,145
4103,145
2667,145
3575,145
631,145
3254,3260
3254,3260
5474,5475
87,93
3254,3260
3254,3260
3254,3260
2192,66
1587,49
3254,3260
2673,49
5475,49
49,481
49,3547
2493,66
3254,3260
3254,3260
3254,3260
49,2347
49,3152
9216,743
49,2354
49,3491
3004,529
3254,3260
3254,3260
3254,3260
3254,3260
2192,66
4211,4212
3254,3260
467,145
2675,145
6903,145
3017,145
7587,2589
748,1725
3254,3260
743,49
529,49
3254,3260
3254,3260
2916,201
3254,3260
3254,3260
3254,3260
9233,38
713,145
2589,49
3254,3260
4212,49
49,3545
3254,3260
7925,2589
3254,3260
6942,2589
3254,3260
103,93
5887,2589
3254,3260
66,2604
3254,3260
2589,49
201,49
7697,145
49,3790
3254,3260
2786,145
49,2447
4582,145
6272,5175
3254,3260
3722,145
6766,66
66,2716
3254,3260
3254,3260
3254,3260
5175,49
3254,3260
49,3710
49,3429
66,2716
2792,145
3254,3260
9233,38
6314,66
2654,66
3332,145
9233,1640
2361,145
3538,145
3420,145
3557,145
1435,145
467,145
3581,145
3501,145
3705,145
111,1288
3845,145
3705,145
783,49
49,3373
3467,145
3787,145
467,145
2665,2441
2361,145
3670,145
3575,145
3575,145
2833,145
2654,66
2361,145
4258,66
2441,49
1640,49
66,2847
66,827
3722,145
3570,145
1588,145
783,49
1860,145
3557,145
49,3394
5120,7248
2354,145
3733,145
2646,145
3736,145
3803,145
3536,6896
1670,66
9233,1640
103,93
3725,145
3371,145
6659,5179
2659,145
3025,145
145,1815
3722,145
1640,49
7248,49
501,500
111,1337
1780,66
783,49
5179,49
6100,66
49,3692
3536,6895
6100,66
3536,6895
712,145
1588,145
2087,145
7460,49
4614,3929
1815,49
8275,1679
3536,6895
111,1068
4818,4819
1679,49
3929,49
3711,145
66,2812
66,887
66,2760
4585,4586
66,1973
66,2470
6250,66
4544,3961
111,1008
8713,3961
500,501
500,501
3402,145
4476,145
3437,145
566,145
5768,66
4819,49
1973,49
3961,49
887,49
783,49
2812,49
49,3692
111,1000
7215,4398
8186,66
811,1582
6272,5175
3961,49
4586,49
4398,49
4288,6061
7089,1946
575,576
9155,2550
576,49
1946,49
6061,49
1582,49
5175,49
5522,66
7954,1619
49,3852
6260,2550
3581,145
3604,145
1937,145
9347,8336
49,3513
6807,38
49,111
7089,1946
111,1229
6855,66
66,2460
811,1582
49,3775
6855,809
111,796
66,2830
3832,145
3736,145
6847,66
6689,825
66,2587
9210,6329
66,2830
809,49
2830,49
1619,49
1945,1946
1582,49
1946,49
2460,49
8336,49
49,2646
66,2747
355,3391
1670,66
6824,4823
2716,355
5559,355
6250,66
3509,355
3658,355
2329,66
66,316
1972,145
2587,49
4823,49
2830,49
3391,49
6847,66
7775,6927
796,801
49,767
49,3398
825,49
49,767
1946,49
49,3444
49,3829
49,3391
1062,5443
1062,5443
2329,66
1945,1946
5522,66
66,2577
66,2601
66,772
3444,355
1633,66
6329,49
316,49
5443,49
2988,49
3152,3153
66,2883
66,2873
111,1342
111,746
111,746
2577,49
2601,49
66,2830
9210,6329
66,2629
2830,49
783,49
6329,49
8001,66
1946,49
66,753
6994,66
66,2480
3787,145
1860,145
111,996
8001,66
66,2883
66,1757
1757,49
66,481
3543,145
2742,145
6404,6515
3669,145
3465,145
2742,145
6639,145
3829,49
767,49
2873,49
753,49
3391,49
2629,49
2883,49
772,49
6515,49
8702,66
66,2507
6712,3033
1633,66
111,1172
5542,4714
3787,145
2742,145
2742,145
66,2685
1172,49
4714,49
3033,49
6927,49
258,7374
66,2687
66,2490
1788,4289
111,1087
111,746
111,746
8778,2589
2490,49
6160,2175
2687,49
66,2858
1972,145
66,481
2589,49
2858,49
111,1052
2175,49
5542,4714
3596,145
6357,66
7374,1940
1633,66
111,1352
7374,2935
1940,49
2988,49
4714,49
111,1351
7374,259
6689,825
66,2727
66,2703
111,1179
8451,6757
6689,825
1358,944
66,2893
111,1041
66,2707
7374,258
6689,825
2935,49
944,49
825,49
259,49
1041,23
1634,66
6357,66
2063,145
66,2892
111,1351
66,2847
2618,145
8451,6757
1041,23
2703,49
2893,49
6757,49
3354,1923
1633,1634
9210,6329
66,2558
66,2469
66,2830
2063,145
1633,1634
6272,5175
2469,49
6689,825
2892,49
2558,49
6329,49
1923,49
2830,49
6757,49
1368,1369
1634,66
6526,4073
3235,1369
3140,1369
4629,4630
6282,2332
1369,49
4821,4822
3325,145
7701,66
7701,66
1634,66
2608,66
66,2658
111,1172
2596,66
5175,49
2658,49
4630,49
4073,49
7662,49
825,49
4822,49
2332,49
3617,145
3429,145
2596,66
6986,145
3025,145
191,145
4580,944
5831,3234
66,2424
5831,3234
6950,1536
2424,49
944,49
1172,49
2596,66
3234,49
6282,2332
3429,145
7701,7702
111,1351
7215,4398
66,2786
66,2468
2468,49
7702,49
4398,49
1536,49
2332,49
7460,49
7775,6927
66,2737
66,753
66,2742
66,1551
3669,145
4350,145
6659,5179
111,1351
4629,4630
6927,49
753,49
1551,49
6211,66
1207,1289
7701,7702
2032,145
1467,38
7702,49
5179,49
4630,49
1467,38
66,1333
4629,4630
1467,38
1467,7647
111,1206
3429,145
9347,66
66,2828
2828,49
7460,49
3759,145
2948,2948
3166,3167
6219,66
2145,6923
3167,49
4367,4368
1206,66
4630,49
6923,49
66,2892
66,2692
6219,66
66,753
66,2696
66,2679
2145,1395
5168,7583
5817,617
2892,49
1395,49
753,49
49,2326
49,1172
49,290
49,3604
49,66
49,3628
49,3849
49,111
49,3715
49,3388
49,2618
49,3469
49,3752
49,3740
49,3471
49,3275
3081,3082
6526,345
49,3520
49,3384
4047,3072
49,605
811,1582
49,3663
49,3474
49,111
49,3450
66,2828
8187,5146
7703,4772
2828,49
4047,57
3663,49
1582,49
4368,49
3082,49
66,2479
66,2592
66,1757
3934,66
617,49
2948,2828
6824,4823
66,2507
2828,49
6203,223
66,316
2679,49
4772,49
5146,49
3072,49
66,2847
4823,49
1757,49
1172,49
3450,49
3628,49
2479,49
7583,49
2692,49
7070,66
2596,6229
66,2555
2596,6229
7467,4385
3934,66
316,49
2696,49
2592,49
66,2792
66,2720
422,423
57,49
2720,49
6229,49
4385,49
49,3714
49,3429
408,409
1243,7960
111,1099
4292,66
5168,7583
66,2811
66,2753
409,49
111,1351
5826,2108
7467,4385
7647,1467
66,2886
7647,1467
422,423
2753,49
2108,49
66,2679
4385,49
7583,49
2608,66
1721,38
1243,7960
4660,597
5821,7209
6214,6215
2679,49
5474,5475
597,49
66,1559
1052,355
605,355
2707,355
49,111
7701,7702
1243,7960
2608,66
1303,8097
7701,7702
3957,2271
5475,49
7702,49
66,2565
66,2753
66,2793
7209,49
49,3762
7701,66
49,3766
7701,66
66,2408
2271,49
2793,49
3547,145
481,145
3491,145
49,3742
2354,145
111,1268
187,188
66,2679
66,2800
1721,1722
7701,66
188,49
783,49
66,2802
66,2666
66,2586
66,2828
9156,66
3957,66
66,1326
66,2708
7987,5117
2666,49
2679,49
2753,49
2828,49
49,3491
7572,2169
49,1984
3762,4116
5474,5475
3545,145
2708,49
5117,49
783,49
5475,49
49,3762
422,423
66,2480
5310,465
783,49
49,3398
252,30
1983,1984
7679,66
111,963
1721,1726
111,1084
111,1342
7830,66
111,1351
111,1352
3852,9324
3429,145
3710,145
66,2433
7679,66
111,1306
2367,7056
3373,145
49,3491
49,3444
3852,9324
7056,49
111,1351
783,49
66,2679
8454,4732
66,2423
4836,38
4836,38
4836,69
465,49
66,2501
4732,49
2679,49
49,3668
8723,66
2847,145
422,423
49,3830
4473,1937
5364,9208
3852,9324
9341,66
66,1467
9208,49
1721,1726
69,49
111,1351
111,1166
4473,4475
66,1694
1721,1726
66,1467
4475,49
5364,9208
4836,68
4758,4358
1983,1984
9208,49
49,3485
7735,66
66,2850
111,972
5145,4659
49,3659
3485,49
1268,8278
111,1319
111,1351
2850,49
4659,49
49,111
2145,2392
66,2353
4836,69
156,66
66,2411
68,69
156,157
66,2800
3513,145
49,3553
49,3422
111,997
69,49
157,49
2646,145
3775,145
4050,66
9038,5581
3422,66
6659,5179
49,3382
5364,9208
49,3125
5581,49
4050,66
1628,1630
3398,145
8782,5890
66,2433
5179,49
9208,49
6040,192
66,1559
3422,66
66,2859
3246,3247
192,49
49,3658
3246,3247
111,1351
1166,6973
5890,49
3247,49
49,3787
111,989
66,2556
4728,445
2480,145
49,3477
49,3429
6270,66
253,30
66,2618
5040,66
2556,49
445,49
49,3369
8782,5890
481,145
66,2480
111,1333
5890,49
3246,3247
3247,49
623,37
3246,3247
6040,192
49,3844
49,111
66,2741
481,145
111,1061
3247,49
2329,4681
49,3542
4717,66
8630,3082
1061,49
3082,49
2741,49
1690,1595
111,972
111,1261
111,1351
4717,66
7035,693
66,2392
2377,2379
8124,66
2727,145
796,800
6270,66
7035,693
4717,66
6270,66
4717,66
66,1690
2847,145
6735,6736
801,796
5184,693
4963,4992
2329,4681
66,2894
2988,49
8640,66
8782,5890
7460,49
6040,192
111,1244
2894,49
5890,49
783,49
49,3743
4963,4992
843,844
8433,6293
66,2894
844,49
2894,49
3743,49
6293,49
2786,145
5892,5893
6735,6736
2737,145
2742,145
6796,6799
35,6986
6796,6797
5893,49
6796,6798
843,844
1333,145
6748,66
2015,2016
796,798
6748,66
35,6986
7662,49
49,3281
796,798
6748,66
796,798
2062,66
796,798
783,49
844,49
2016,49
66,2518
796,798
796,798
796,798
152,151
796,798
66,2713
420,151
6077,151
796,798
6659,5179
2713,49
49,2901
2062,66
796,798
3248,3249
796,798
796,798
796,798
3621,7636
5179,49
7636,49
3248,3249
290,145
345,145
2326,145
3604,145
2618,145
3249,49
66,1712
49,3375
3040,3041
5037,6406
2847,145
49,3429
827,828
2377,828
8144,66
2062,66
6406,49
2555,145
2792,145
287,828
9348,4243
4243,49
3714,145
3429,145
1000,2023
7136,66
287,828
827,828
2377,828
8275,1679
9338,2850
1679,49
287,828
49,2354
3537,4500
7136,66
8728,66
9348,4243
2850,49
4500,49
1000,2024
2886,145
4243,49
7460,49
1559,145
4509,66
3040,3041
8144,66
3766,145
66,2500
1000,2022
590,13
66,2830
5145,4659
2500,49
2830,49
8144,66
66,1757
3742,145
546,66
1757,49
66,2624
4659,49
8620,66
2453,3922
2080,1599
2802,145
9285,66
8620,66
2800,145
66,2740
2624,49
1599,49
1062,5443
6292,6293
9199,2092
1984,145
1326,145
3491,145
6293,49
2740,49
5443,49
9202,135
7735,66
2357,2358
7367,135
2480,145
3398,145
7735,66
66,2521
2357,2359
1984,145
2433,145
1984,145
1586,1587
783,49
2521,49
1587,49
7460,49
3491,145
6523,5718
1937,145
3830,145
5718,49
49,2742
111,1351
111,1339
111,1055
41,43
2501,355
3444,355
2518,355
3658,355
1694,145
4358,145
49,3517
5364,9208
49,3612
49,3332
9208,49
1937,145
49,1937
6807,6374
1359,1361
9139,5747
49,3666
1361,49
8730,6370
41,42
8730,6370
1359,1360
3659,145
2092,2093
6374,49
42,49
1360,49
6370,49
145,772
2353,145
5145,4659
2093,49
5171,1956
4614,3929
772,49
2800,145
145,1738
3553,145
9160,9161
8640,66
111,1268
6807,6374
66,805
9161,49
4659,49
3929,49
6374,49
9038,5581
6622,1520
3382,145
6622,1520
1956,49
5581,49
2988,49
7662,49
1738,49
805,49
8342,2301
2859,145
2433,145
1559,145
1760,1761
1520,49
111,1351
6622,1520
111,1036
4454,3228
49,3668
3228,49
145,8242
3787,145
6622,6623
145,2790
2617,66
4454,3228
1520,49
2790,49
3228,49
1761,49
7507,5306
8342,2301
8342,2301
8342,2301
3477,145
8342,2301
145,1618
7460,49
5306,49
8209,66
1618,49
111,1210
7089,1946
2618,145
3369,145
1333,145
3429,145
2480,145
145,1738
6456,2301
8576,66
6456,2301
1760,1761
8576,66
49,729
9231,66
223,684
223,2445
223,937
223,2665
7662,49
1761,49
1738,49
1001,798
1946,49
2301,2302
2301,2302
66,2731
3844,145
6825,6827
729,38
7662,49
2302,49
2731,49
49,2205
783,49
7460,49
111,995
8342,2301
5747,5748
2550,5580
3442,5853
70,72
8576,66
70,71
5748,49
71,49
72,49
2550,5551
37,39
37,40
66,1702
8576,66
2550,5580
8713,3961
66,2522
7698,128
4544,3961
6303,66
4992,145
2522,49
66,2655
2550,5580
128,49
2655,49
3961,49
7460,49
49,3480
49,3615
49,2957
7051,66
6745,223
111,1265
6745,223
111,1351
6986,145
7051,66
6986,145
1608,223
6745,223
6745,223
223,4311
995,1866
4311,49
7662,49
49,3562
995,1866
995,1866
2901,145
995,1866
7777,66
7073,66
995,1866
114,112
1712,145
145,3383
3429,145
112,113
7827,66
7694,7552
111,1286
113,49
9347,66
2311,66
2948,3983
783,49
2354,145
2311,66
7694,7552
995,1271
995,1271
1342,1119
995,1271
7662,49
49,3668
2988,49
111,1252
7460,49
995,1271
729,731
4737,4430
7662,49
187,188
5120,7248
7987,5117
2909,4606
111,1279
8499,66
7248,49
5117,49
49,3706
66,2542
4430,49
7662,49
188,49
8499,66
995,1870
2359,145
9038,5581
995,1870
111,1166
5581,49
2909,4701
2962,66
7662,49
49,3510
49,3106
7473,66
995,1867
995,1867
7460,49
3414,1582
7662,49
1582,49
3106,49
4737,4430
7963,1859
1859,49
4430,49
111,1279
6180,66
2742,145
9090,7246
7246,49
8577,8579
3537,4500
4500,49
49,3367
3367,3632
145,223
2964,2966
111,1062
6292,6293
5310,465
3332,145
783,49
6293,49
811,1582
6908,66
2367,7056
3367,3632
1582,49
3666,145
7662,49
49,3482
7056,49
783,49
465,49
3442,5853
752,1725
7095,7096
729,730
5364,9208
66,772
9208,49
5853,49
8519,66
1735,66
2964,2965
49,3562
772,49
49,3510
49,3562
66,598
1062,5443
66,2353
5443,49
598,49
49,3482
9252,5007
5007,49
6272,5175
5175,49
8577,2809
8577,2809
6188,4283
8577,2809
6272,5175
3194,1369
7509,7510
6188,4283
4283,49
5175,49
7460,49
1369,49
8275,1679
6851,6852
1299,24
214,158
145,885
8176,66
111,1112
1679,49
885,49
2445,145
49,3689
2205,145
4522,66
214,158
4283,49
7662,49
145,2534
9117,3161
7987,5117
1299,24
2809,8591
3161,49
5117,49
2534,49
4522,4523
9334,7478
7987,5117
66,2589
111,500
49,2809
5117,49
2589,49
66,2809
5551,145
7478,49
49,2809
66,2199
7785,66
1702,145
66,2809
7662,49
2199,49
49,2809
66,2589
111,1121
9334,7478
7460,49
2589,49
49,2809
2927,66
7478,49
49,2447
8187,5146
8176,66
9334,7478
5146,49
7478,49
2665,223
6659,5179
49,2596
3334,1812
6956,66
6219,6220
49,3526
1812,49
5179,49
7662,49
6956,66
152,8357
49,3763
152,8357
2299,2300
9266,51
9266,51
7662,49
5606,3268
49,3305
1586,1587
7460,49
6417,158
66,1365
8275,1679
1587,49
3268,49
2565,2753
214,158
1365,49
7662,49
1679,49
2753,49
783,49
6056,66
49,2661
6040,192
7205,38
66,2620
3983,145
7552,145
2620,49
192,49
7460,49
1364,4759
6417,158
3779,8751
7552,145
4253,877
4371,4370
1742,1743
877,49
4371,4370
9270,5790
4473,1937
4370,4371
111,1242
5790,49
4473,4475
66,2747
4370,4372
1333,145
66,1333
4372,4370
5145,4659
9266,51
6509,1765
3779,8750
4659,49
1242,7852
4475,49
7002,30
783,49
145,884
152,8357
152,8357
8674,4372
111,1042
7359,66
783,49
8155,8156
8674,4372
7532,7533
6622,1520
31,32
1743,49
7359,66
7533,49
6509,1765
4097,66
7739,4372
3706,145
66,2800
9270,5790
5495,66
5364,9208
9266,4725
1520,49
5790,49
8156,49
7739,4372
2585,66
66,2742
9208,49
3615,4733
9229,66
6282,2332
783,49
4733,49
9229,66
66,2480
9234,135
4097,66
111,1294
66,1559
2332,49
8275,1679
8674,4370
752,8720
3716,689
3716,689
346,66
7739,4370
8720,49
689,49
1679,49
49,231
49,3706
49,375
4371,4370
49,3813
49,685
49,3808
49,2031
49,3601
49,2480
5364,9208
49,3640
49,3651
3716,689
3716,689
3716,689
66,2821
3716,689
3716,689
3716,689
9208,49
1489,163
3716,689
3716,689
9223,9224
3716,689
7460,49
689,49
49,3620
66,2501
66,2517
3716,689
3716,689
3716,689
111,1253
783,49
689,49
49,3564
9224,49
7623,6832
66,2894
3716,689
5762,2336
2894,49
3321,129
49,3770
689,49
3716,689
5762,2336
2517,66
375,382
689,49
3716,689
9223,9224
2336,9152
8627,66
186,5301
2336,9152
111,1182
9224,49
129,49
5301,185
408,409
689,49
6832,49
1182,49
111,1103
4843,66
7662,49
409,49
185,66
7662,49
49,3398
884,158
5704,66
8082,6513
49,994
7757,1588
382,375
375,382
408,409
111,1103
6513,49
49,3658
3694,8190
382,375
111,1253
49,1972
186,8709
8155,8156
409,49
8156,49
49,3614
375,382
2851,158
7021,6953
8760,66
1364,4760
66,2491
7460,49
3241,66
3048,66
6360,6361
8704,66
7579,66
7021,6953
1963,66
127,66
3048,66
66,2416
111,1013
7623,6832
66,2353
2353,145
6832,49
35,6986
7987,5117
3442,5853
66,2456
4614,3929
5853,49
5117,49
49,3350
3717,158
6697,4846
66,2537
3717,158
783,49
4846,49
1963,66
3929,49
3048,3049
111,1253
7579,66
111,963
66,2800
145,38
7356,5014
7356,4166
7356,8887
7356,3039
7356,3229
7356,1719
7356,9007
49,3532
7356,8086
7356,8981
7356,5628
7356,5060
7356,8882
7356,4958
7356,3664
7356,8734
7356,7437
7356,8816
7356,1897
7356,3480
7356,9071
7356,9073
7356,6462
7356,7405
7356,8984
7356,8907
7356,8969
7356,8152
7356,8900
7356,4823
7356,8663
7356,8880
7356,7097
7356,5892
7356,497
7356,1283
7356,6892
7356,7411
7356,8989
7356,3810
7356,7751
7356,8968
7356,6795
7356,7439
7356,7026
7356,8896
7356,4543
7356,7400
7356,1259
7356,9011
4614,3929
7356,733
7356,9009
7356,8942
7356,3069
7356,564
7356,8886
7356,5715
7356,8966
7356,8862
6697,4846
7356,8868
7356,2964
7356,3222
7356,920
7356,7072
7356,8891
7356,8809
7356,8973
7356,5031
7356,4964
7356,3693
7356,7951
7356,5176
7356,7210
7356,7536
7356,9021
7356,2916
7356,4758
7356,1926
7356,3329
7356,3055
7356,8831
7356,1166
7356,4358
7356,5545
7356,9063
7356,918
7356,454
7356,6396
7356,7626
7356,8088
7356,7035
7356,7986
7356,8486
7356,8847
7356,2458
7356,8108
7356,8926
7356,4828
7356,6311
7356,9062
7356,8857
7356,875
7356,9040
7356,5358
7356,8967
7356,8834
7356,7994
7356,6580
7356,1213
7356,8758
7356,1735
7356,4818
7356,4843
7356,2974
7356,7276
7356,8871
7356,7398
7356,7246
7356,4186
7356,5047
7356,4162
7356,5865
7356,770
7356,7358
7356,5318
7356,736
7356,9036
7356,8848
7356,5128
7356,5689
7356,7471
7356,8856
7356,2099
7356,6346
7356,7435
7356,8825
7356,4504
7356,7757
7356,8940
7356,7620
7356,33
111,1294
7356,8893
7356,4610
7356,619
7356,8852
7356,6706
7356,8936
7356,3606
7356,9010
7356,5256
7356,8917
7356,8899
7356,8270
7356,8162
7356,8609
7356,9000
7356,4253
7356,839
7356,3371
7356,7826
7356,4255
7356,5101
7356,5120
7356,7317
7356,2040
7356,6616
7356,2026
7356,8928
7356,8876
7356,7285
7356,8272
7356,8354
7356,1413
7356,8906
7356,7553
7356,2434
7356,7836
7356,72
7356,871
7356,8884
7356,8342
7356,3960
7356,8897
7356,9052
7356,2661
7356,5632
7356,5325
7356,8247
7356,5134
7356,8814
7356,5035
7356,496
7356,9033
7356,7550
7356,43
8486,49
4162,49
7356,692
7356,8864
7751,49
3929,49
7356,7080
7356,9008
7356,420
7356,8633
7356,5389
7356,623
7356,8787
7356,399
7356,2107
7356,8883
7986,49
4823,49
7356,2581
8088,49
7356,2680
3048,66
33,49
7356,2585
7356,2436
7356,7422
7356,3290
7356,5189
7356,3101
7356,6053
7356,2328
7356,4819
7356,7390
7246,49
7356,8965
7356,8067
7276,49
9063,49
7620,49
875,49
7356,9016
7356,9020
7356,4600
5318,49
3229,49
7356,7966
8270,49
5256,49
6580,49
7356,260
7356,152
1926,49
4186,49
7356,3672
5865,49
4846,49
7356,7881
7356,8889
7356,1706
7356,8937
4504,49
7356,8805
7356,4004
7356,8970
5715,49
5014,49
7356,324
7356,774
7356,5184
7356,1101
7356,6779
7356,6163
5060,49
5628,49
7356,3582
7356,8842
5047,49
6568,4749
3055,49
7356,826
733,49
7356,8873
7356,6077
7536,49
7356,1953
7356,3321
7356,8054
7356,5178
7356,5223
8758,49
7356,8800
7356,3168
8663,49
7356,8890
7951,49
7356,4266
7356,460
49,2354
7356,5386
7356,6608
7356,8977
7356,5317
7356,4997
7356,7025
7356,5360
7356,8951
7356,7838
7356,8828
7356,8872
7356,4742
7356,751
7356,4816
7356,811
7356,4981
7356,8878
7356,8920
7356,6679
7356,9005
7356,3188
7356,5056
7356,9025
7356,8902
7356,5378
7356,617
7356,4513
7356,8122
7356,5066
7356,1426
7356,2054
7356,5287
7356,1758
7356,1522
7356,7618
7356,8294
7356,3638
7356,9055
7356,635
7356,5200
7356,5001
7356,8894
7356,5254
7356,5878
7356,9046
7356,7654
7356,4585
7356,9069
7356,360
7356,6766
7356,35
7356,8384
7356,9002
7356,8949
7356,554
7356,786
7356,5133
7356,5146
7356,8874
7356,395
7356,4957
7356,9061
7356,2095
7356,693
7356,4963
7356,3719
7356,5112
7356,8943
7356,6522
7356,1517
7356,7780
7356,8435
7356,5582
7356,8846
7356,2209
7356,8126
7356,6303
7356,720
7356,5085
7356,2425
7356,9064
7356,4615
7356,1887
7356,5171
7356,7885
7356,7771
7356,6172
7356,8999
3541,158
7356,8922
7356,4102
7356,4632
7356,7956
7356,5399
7356,5491
7356,859
7356,917
7356,1766
7356,8003
7356,8778
7356,3526
7356,8802
66,2613
7356,668
7356,7171
7356,9022
7356,5068
7356,1945
7356,5354
7356,9027
7356,7925
7356,465
7356,5470
7356,7460
7356,5040
7356,7819
7356,8043
7356,4559
7356,3725
7356,4409
7356,8065
7356,3962
7356,6662
7356,1734
7356,8512
7356,5262
7356,9029
7356,2676
1887,49
7356,7662
7356,3234
7356,1811
3960,49
7780,49
7356,9038
7356,5879
7356,2278
7356,1709
7356,2056
7356,4069
7356,3025
7356,6375
7356,8355
7356,3929
7356,8844
7356,4669
72,49
7356,8859
360,49
7356,6585
7356,5172
5287,49
7356,4511
5133,49
5254,49
4615,49
1706,49
3188,49
6172,49
7356,7507
7356,5197
7356,8155
5223,49
7356,2301
7356,7939
5878,49
3582,49
4513,49
5178,49
617,49
7356,6508
5146,49
6779,49
7356,8485
7356,5276
7356,8596
7356,7186
7356,6606
1758,49
7356,8875
7356,7312
7356,2256
4981,5746
7356,5139
7356,795
7356,4391
7356,3224
2054,49
7356,2131
8354,49
7356,9034
7356,300
7356,4990
7356,344
7356,8946
7356,2308
9025,49
7356,6232
5386,49
2301,2302
5325,49
7356,5180
7356,618
7356,2013
7838,49
7356,4866
7356,5783
7356,5285
7356,5321
7356,7506
7356,2248
7356,8105
5317,49
7356,7115
7356,8420
7356,1704
7654,49
5360,49
8122,49
7356,9035
7356,2225
6053,49
7356,9014
3672,49
7356,8129
7356,7017
554,49
5632,49
5389,49
7356,7708
7356,5204
7356,5135
7356,8634
7356,3425
7356,1907
7356,5362
7356,4108
7356,8845
7356,5109
4997,49
7356,5349
839,49
7356,5286
7356,3034
7356,5011
7356,4022
7356,6421
9069,49
7356,3194
5085,49
564,49
7356,914
7356,6457
8294,49
4957,49
1426,49
4600,49
5378,49
7356,1976
7881,49
1517,49
7356,212
8054,49
8067,49
5066,49
7356,4424
7356,9015
7356,1599
7356,453
7356,5880
3321,129
7356,5157
7356,5210
66,1979
7356,7861
7356,5306
7356,1368
7356,5466
7356,6510
7356,8507
7356,5373
8275,1679
7618,49
5056,49
9064,49
4819,49
7356,4556
7356,5018
7356,4693
7356,4715
7356,7648
7356,4839
4255,49
7356,3243
7356,4978
7356,6083
4749,49
7356,1700
111,1013
7356,5106
7356,5231
7356,4846
7080,49
7356,8660
7356,4592
7356,8041
7356,2978
7885,49
7356,8143
7356,5776
7356,2196
7356,8498
7356,5775
8081,66
7356,8618
7356,6815
7356,565
7356,5294
7356,6766
66,2830
6227,5853
2308,49
5354,49
5135,49
6421,49
4391,49
4069,49
3234,49
1522,49
8660,49
1734,49
5285,49
8143,49
5157,49
1979,49
5466,49
6815,49
1679,49
1976,49
4632,49
453,49
8041,49
9038,5581
8065,49
6606,49
3929,49
4424,49
129,49
8003,49
5306,49
5373,49
1599,49
4839,49
2256,49
565,49
2013,49
8355,49
5321,49
7956,49
7460,49
9029,49
66,2491
4846,49
5018,49
6232,49
4108,49
1709,49
9027,49
7662,49
7939,49
6679,49
795,49
5172,49
1907,49
6508,49
4693,49
4843,66
2978,49
786,49
5262,49
5180,49
4816,49
9014,49
465,49
5879,49
7648,49
7506,49
6375,49
5294,49
4409,49
5106,49
5011,49
4511,49
5068,49
300,49
8420,49
1704,49
5109,49
8596,49
5286,49
4669,49
5783,49
7017,49
5276,49
4592,49
914,49
5775,49
8043,49
1766,49
4978,49
3425,49
7312,49
5362,49
4022,49
2302,49
618,49
5776,49
2196,49
344,49
2830,49
212,49
2056,49
3962,49
4102,49
5581,49
9015,49
7662,49
6083,49
2248,49
4556,4557
4803,1494
9035,49
7708,49
2131,49
8620,4427
5853,49
4427,49
1494,49
111,1253
7684,206
5898,66
7684,206
7684,206
4557,49
66,2583
3537,4500
9266,51
1552,1554
5171,1956
4725,51
6227,5853
8155,8156
5898,66
66,1393
66,2737
8620,4427
7684,207
7356,3751
7356,8389
7356,1358
7356,3734
7356,9019
7356,294
7356,8833
7356,8996
7356,8799
8620,4427
7356,2098
7356,4900
7356,8993
4500,49
7356,8963
4427,49
7356,4815
7356,1403
7356,359
7356,4992
7356,6664
7356,6531
7356,8806
7356,1684
7356,5202
7356,233
1956,49
7356,8366
7460,49
8156,49
5853,49
7356,4984
7356,5251
2583,49
7356,5148
49,2354
7356,5242
1393,49
7356,7766
7356,5175
7356,5098
7356,3915
7356,7423
7356,812
7356,204
7356,336
6766,66
66,2433
5898,66
6568,4749
7356,1564
7356,9053
7356,4360
66,2505
66,2665
1554,49
3734,49
5175,49
4427,49
6531,49
1684,49
5242,49
9053,49
233,49
4749,49
9019,49
7460,49
7684,207
336,49
4984,49
1403,49
5251,49
66,1890
4818,4819
8620,4427
4819,49
8300,7112
6227,5853
1552,1554
1552,1554
8749,7725
4815,4816
66,2557
66,2665
2665,223
2665,223
8515,743
7112,49
207,49
1554,49
8728,66
7460,49
4816,49
4427,49
5853,49
1890,49
5202,4976
1552,1554
111,963
6077,151
152,151
420,151
4004,4005
5684,66
4266,362
743,49
4976,49
2665,2441
66,2441
5120,7248
3606,5318
3606,5318
5030,6343
7248,49
1554,49
2441,49
5318,49
9188,66
66,2862
49,3111
7662,49
1953,949
3779,8750
7994,7995
66,772
772,49
3111,49
619,620
783,49
7995,49
9210,6329
9188,66
3224,2031
1937,145
3779,8750
8119,7583
7358,1948
7583,49
6329,49
949,49
4232,3704
6282,2332
3995,3996
3779,8750
5491,6153
66,2659
5145,4659
5364,9208
2988,49
7548,7549
620,49
49,3697
3697,2702
3537,4500
355,8267
4500,49
3996,49
9208,49
2800,145
7549,49
4659,49
2585,66
1948,49
2332,49
4004,4006
49,3508
66,607
5817,617
3704,7189
2742,145
32,145
1042,145
1765,145
617,49
49,3697
66,607
3039,620
9210,6329
6272,5175
7662,49
620,49
5175,49
6329,49
8267,49
4006,49
9217,4495
49,607
5618,5619
5684,66
2197,66
3799,8588
3868,66
49,3346
49,2225
6081,6082
2031,145
1294,145
685,145
1559,145
2480,145
6568,4749
5816,66
3808,145
3601,145
3706,145
2480,145
6618,6619
3868,66
8272,6374
111,978
4749,49
4495,49
8588,49
111,1323
49,3604
7215,4398
6142,223
66,2742
6558,6559
3868,66
2088,529
4398,49
529,49
6559,49
6374,49
49,2742
111,1253
49,3706
3813,355
3350,355
3658,355
8242,355
2501,355
6558,6560
111,1148
223,2505
49,3573
66,1559
1148,49
49,3569
6558,6560
49,3741
111,978
3564,145
6272,5175
6142,4461
49,3429
5175,49
49,3429
49,3515
66,2894
66,2433
5411,66
6130,2152
66,2800
4473,1937
8272,6374
2894,49
2152,49
6374,49
4461,49
66,2821
7942,66
4473,4474
3682,2152
66,1712
66,2886
66,2518
3770,208
3254,208
2152,49
3682,2152
7249,7248
374,66
3770,208
3697,2702
3254,208
5136,2063
7248,49
2152,49
3697,2702
3697,2702
2145,3429
5898,66
9096,66
374,66
49,3703
49,3021
49,3845
49,2031
66,2734
9160,9161
3682,2152
3697,2702
66,2786
7250,66
49,3668
3682,2152
3697,2702
49,3775
66,2673
9161,49
2152,49
4474,49
920,921
8498,66
3697,2702
7115,66
111,1311
3398,145
3697,2702
485,66
7535,66
2673,49
921,49
111,1253
49,3854
49,632
49,3845
49,3742
1953,949
7953,66
2585,66
49,2902
4507,66
66,2501
9134,5850
8485,8156
4544,3961
8713,3961
5912,5913
7662,49
8156,49
3961,49
5850,49
949,49
4725,51
49,2087
1588,145
5912,5913
8342,2302
66,1559
3048,66
3537,4500
8252,38
111,1116
9038,5581
49,3657
2988,49
2302,49
8252,38
6130,2152
111,1059
1972,145
3614,145
66,2466
66,958
8384,7636
3697,2702
3697,2702
4500,49
49,3369
2466,49
7636,49
2152,49
6934,5913
6934,5913
6934,5913
6934,5913
49,3806
6934,5913
5581,49
49,3474
111,1116
6953,145
4725,51
3475,2177
49,3601
392,66
5620,3446
66,2800
9336,7478
111,1326
2177,49
49,3546
49,3666
3387,2466
2466,49
7478,49
6361,145
49,3016
49,3540
4302,4303
5101,3445
66,2515
5620,3446
7662,49
3537,4500
8704,66
6271,66
4500,49
4303,49
49,1860
1013,145
6953,145
66,2520
355,158
375,379
111,1323
375,379
111,1181
379,49
2585,66
49,1423
3098,66
8612,8613
6986,145
379,49
8143,49
7662,49
7460,49
2520,49
7309,66
8612,8615
8612,8613
66,2589
2278,66
9154,9125
2800,145
3049,145
66,2607
2589,49
9154,7655
1700,1701
4620,4621
9160,9161
3371,145
1701,49
7553,145
49,1534
49,3613
4358,145
9242,66
3532,145
1294,145
497,145
9020,145
7422,145
2354,145
6163,145
260,145
2145,6920
4620,4621
6920,49
66,2613
9161,49
8537,1360
49,3713
5746,145
3025,145
8512,145
7281,7282
6160,6161
3725,145
8001,66
1013,145
66,2465
8001,66
1360,49
49,3474
66,1757
8640,66
8612,8616
111,1289
66,2842
66,481
66,2477
49,3398
111,1193
66,2424
206,145
2585,66
8537,1360
2424,49
3482,6351
4758,4358
1757,49
8537,1360
8790,66
7819,42
5689,4776
3040,1421
206,145
111,979
1360,49
7662,49
1421,49
6161,49
7819,42
1534,1535
9242,66
1099,5835
7854,7653
7281,1954
111,1289
2864,9176
1954,49
4992,145
7281,2146
2433,145
206,145
2737,145
7653,49
4776,49
1535,49
2354,145
49,3632
8366,145
66,2714
3040,1421
3638,7342
4725,51
3023,3022
7342,49
49,3702
7460,49
3023,3022
49,3600
2714,49
1421,49
2505,145
8537,1360
6510,4683
8537,1360
8485,8156
570,6332
6040,192
5189,3933
6510,4683
2282,66
7281,1954
5231,7151
192,49
1360,49
7151,49
8156,49
3933,49
49,3406
1954,49
5176,1752
570,616
66,2853
7851,7852
66,2441
3048,3049
4683,49
2853,49
2441,49
570,616
7819,42
570,6333
66,2674
4005,145
362,145
3022,3023
66,2635
7662,49
7684,207
66,2441
66,2455
8783,207
3600,7511
3839,4374
244,207
66,2441
66,2752
207,49
111,996
42,49
2441,49
49,3810
111,1289
5176,1752
4055,207
66,2441
7130,66
5594,66
2441,49
2752,49
111,1265
70,72
72,49
783,49
70,71
49,3517
2031,145
1628,1631
3482,6351
71,49
207,49
6568,4749
66,2667
66,2752
66,289
66,2709
6510,4683
111,1154
355,4086
4683,49
4749,49
355,8269
9270,5790
5145,4659
66,2441
6950,1536
2145,6920
9196,6370
2659,145
223,2441
8537,1360
8537,1360
4659,49
6920,49
2441,49
6370,49
1536,49
49,1264
2709,49
1700,1701
7987,5117
4028,66
6568,4749
8537,1360
4995,5870
7810,66
1360,49
2441,49
783,49
2752,49
8269,49
1701,49
289,49
111,1265
111,734
4086,49
5790,49
4749,49
111,1351
7572,2169
66,1393
66,2441
9121,1743
2441,49
7460,49
1393,49
1743,49
5364,9208
5117,49
734,49
5870,49
66,2190
8692,66
2937,135
66,2496
9208,49
2190,49
2496,49
6618,6619
1700,1701
4454,4096
7289,2152
5789,5790
2270,2271
4096,49
1701,49
2152,49
7460,49
66,2709
4473,4475
5789,5790
7550,941
4473,1937
6824,4823
4475,49
5790,49
2709,49
2271,49
3592,3082
9177,1162
2742,145
3604,145
2676,7184
66,772
2676,7184
4823,49
3082,49
941,49
772,49
3098,66
66,2008
3706,145
2742,145
5750,66
2008,49
66,2424
4028,66
6618,6619
1559,145
2433,145
3515,145
2424,49
49,111
49,3449
3429,145
3573,145
9196,6370
3429,145
7453,7454
3825,4621
111,1323
5618,5619
5726,66
8584,6329
8203,2191
7454,49
7460,49
6370,49
66,2887
66,2796
2821,145
1937,145
2800,145
8679,158
3825,4621
111,1030
2887,49
2191,49
3825,4621
6329,49
2796,49
49,3403
49,3403
5137,7376
2886,145
1712,145
145,8243
111,1278
7376,49
5310,465
3911,66
8243,49
8584,6329
4064,66
111,1289
2063,145
3023,3022
6329,49
2080,1599
66,2800
66,2441
2734,145
4064,66
3845,145
6446,66
3021,145
3429,145
3703,145
7460,49
49,111
2282,66
4661,66
6040,192
1162,6929
7677,66
66,2589
5618,5619
6435,66
3775,145
465,49
1599,49
192,49
2589,49
2441,49
783,49
111,1289
111,1162
111,1323
6081,6082
7770,66
375,379
7770,66
8108,4218
3742,145
3845,145
632,145
910,911
3537,4500
6081,6082
4725,51
111,1338
111,1289
379,49
4500,49
4218,49
49,3607
66,753
1000,38
2902,145
6992,66
111,1265
111,1351
753,49
7662,49
204,158
2087,145
66,2894
204,158
4182,66
2894,49
1132,6409
4182,66
204,158
8727,66
6409,1132
1559,145
204,158
910,911
7662,49
4182,4180
204,158
7861,66
3022,3024
2095,2096
111,1351
3022,3024
3369,145
3601,145
145,7637
7662,49
2096,49
4180,49
822,66
111,1072
4544,38
9266,51
8727,66
66,2507
8778,2589
7637,49
2800,145
3446,145
7587,2589
1326,145
4182,4180
204,158
7925,2589
8404,66
6942,2589
5887,2589
4109,66
8404,66
4180,49
2589,49
7662,49
66,2750
49,3582
66,2664
3546,145
547,548
3666,145
145,8234
3540,145
6835,5485
7963,1859
1859,49
548,49
8234,49
2750,49
66,1326
3582,49
2664,49
6015,66
3446,145
3445,145
66,2440
111,1289
3638,7342
7342,49
49,3666
2440,49
204,158
5888,5889
1860,145
7507,5306
1162,6928
5306,49
6282,2332
5888,5889
4542,66
6650,6651
2332,49
783,49
7662,49
49,3788
2080,1599
1162,6930
1599,49
8713,8714
783,49
4614,3929
7655,145
66,2722
9125,145
2607,145
9128,66
2722,49
3929,49
7662,49
111,1318
3613,145
3569,7201
6622,1520
6622,1520
6622,1520
6622,1520
3569,7201
3713,145
66,629
9079,9080
1520,49
1721,1725
783,49
5139,4765
6650,6651
4765,49
49,3653
3398,145
2842,145
481,145
37,40
66,629
6712,66
6712,66
66,2353
6303,66
7662,49
4358,145
577,580
629,630
49,3278
7830,66
630,49
359,360
1665,66
9187,66
66,2569
7987,5117
8612,8614
577,580
360,49
2569,49
49,3359
4725,51
187,188
4522,4523
2916,38
6253,66
66,2587
5117,49
188,49
783,49
49,3462
1578,66
1752,145
223,2441
1132,6409
3462,49
2587,49
2441,49
6253,66
49,3444
145,2892
3049,145
66,2548
66,2731
8211,66
8335,4133
2892,49
7460,49
2635,145
2266,66
6712,3033
66,2827
66,2886
2130,38
111,1187
3033,49
4133,49
2827,49
3490,136
5658,2719
1578,66
39,38
111,1203
1752,145
66,2842
1132,6410
9217,4495
1203,49
2548,49
2719,49
136,49
2731,49
5364,9208
66,2766
66,2811
66,2585
580,578
4564,66
9208,49
4495,49
49,3623
2766,38
8211,66
2255,2140
5620,158
49,3359
49,3689
2667,145
66,2728
111,1322
5620,158
6462,909
66,2424
2728,49
49,3487
4542,66
8187,5146
5411,66
8335,7986
5658,2719
66,2431
66,2008
2424,49
2988,49
5146,49
9266,51
8153,66
9091,9092
2008,49
7986,49
578,49
8153,66
2431,49
111,1000
8458,66
6040,192
1368,1369
111,963
111,1176
1634,66
1369,49
192,49
3235,1369
2719,49
66,2830
66,156
66,2556
4627,66
3140,1369
9091,3157
9090,7246
1369,49
2830,49
2556,49
49,3717
6509,1765
66,2800
1937,145
7246,49
4253,1765
3079,158
66,2701
66,2701
3157,49
4253,1765
7851,7852
3825,4621
6956,66
66,2595
66,2613
2595,49
49,3509
156,158
3825,4621
66,2534
6452,5007
2701,49
6786,6788
49,3717
3825,4621
9091,3157
6060,66
66,156
3878,66
3157,49
5007,49
49,1413
156,158
6060,66
355,7631
7631,49
3878,66
66,289
66,2441
66,2613
3697,3825
4266,362
1705,1706
289,49
2441,49
4544,38
3172,66
66,2687
111,965
111,1265
2687,49
1706,49
49,3717
49,111
2800,145
7826,149
5558,66
3825,4561
149,49
4561,2702
5726,66
66,2873
4561,2702
66,598
66,2598
65,66
598,49
2873,49
563,66
49,3380
917,918
937,1438
9268,66
1438,49
563,66
65,66
2766,158
2598,49
7987,5117
6950,1536
5117,49
7662,49
1536,49
66,598
8455,780
5120,7248
3717,158
7248,49
7012,1536
9143,66
4399,158
66,2529
111,1007
1536,49
66,2534
598,49
2529,49
7460,49
4620,4562
9266,51
66,1559
66,2541
8275,1679
2541,49
2534,49
1679,49
563,66
2948,38
1326,145
66,2441
6935,6936
937,1449
937,1411
111,1032
2948,38
1760,1761
6935,6936
7460,49
2441,49
3666,145
7423,5232
66,1326
6935,6936
937,1430
1430,49
1411,49
5232,49
1761,49
66,2559
937,1436
937,1427
937,1404
937,1479
1427,49
1479,49
937,1489
66,945
937,1426
937,1472
9143,66
937,1474
937,1410
6651,145
937,1486
7814,7815
1474,49
1436,49
1426,49
1486,49
1472,49
7815,49
937,1465
49,3326
49,74
3890,38
49,3365
49,3554
49,3473
66,481
66,2500
66,2424
1133,6440
2500,49
2424,49
49,3541
4561,4562
1133,2325
6935,6936
111,1265
111,1351
66,1757
8423,7815
2435,481
3541,158
1757,49
7815,49
1133,2325
2435,2424
66,2663
2663,49
1711,66
2424,49
6651,145
8749,7725
7725,49
7026,7027
7026,7027
7026,7027
2353,145
49,3541
945,49
7026,7027
8749,7725
6936,49
66,2583
8485,8156
6959,66
8155,8156
145,2290
3541,158
7725,49
49,3474
49,3409
5028,3672
111,1172
5459,5260
4543,1518
66,2872
6935,6936
6935,6936
5260,49
1172,49
3672,49
8156,49
1518,49
2872,49
6936,49
49,3616
2761,111
6929,111
2021,111
2024,111
2760,111
2467,111
6973,111
4701,111
2836,111
5485,111
5700,111
4606,111
2022,111
4289,111
8097,111
2146,111
8453,111
616,111
6333,111
2583,49
49,3769
49,3318
2290,49
6936,49
4064,66
66,2797
111,1163
111,1176
2797,49
66,2529
49,3623
49,3281
66,2663
2585,66
2663,49
2529,49
49,3769
1133,1590
2886,145
2842,145
115,66
66,2452
4064,66
3040,937
1799,208
3254,208
5469,66
5358,7015
66,2564
66,2797
111,1254
5469,66
2564,49
2797,49
2452,49
7662,49
49,382
214,158
2324,2325
382,375
7662,49
7460,49
5028,3672
2140,145
66,2619
3672,49
7624,49
2619,49
2324,2325
4620,80
5458,66
111,1163
66,1333
49,3452
49,382
111,1159
6130,2152
1765,145
145,8227
2152,49
7460,49
66,2468
7289,2152
66,2623
3697,80
66,2790
2152,49
2468,49
1765,145
2800,145
49,3541
9281,2152
66,2236
9341,66
2790,49
2152,49
1765,145
145,8227
1030,1168
6824,4823
2236,49
2623,49
4823,49
49,3616
495,493
111,1351
2324,2325
3409,3000
7460,49
1467,7646
1168,1030
3616,674
1467,7646
6235,2330
49,3381
4085,1506
8522,66
382,375
66,2894
3541,158
66,2684
3852,8782
3000,49
674,49
362,145
2894,49
7662,49
204,158
7093,158
204,158
2330,2331
6567,66
2684,49
5591,66
111,1265
6534,5890
111,1351
66,2353
3867,66
5890,49
111,1265
6250,66
4085,4087
66,2795
4085,4087
4085,4087
7199,66
49,3315
4085,4087
66,2559
66,2512
152,642
66,2589
3380,145
7199,66
111,1213
2559,158
2512,49
7460,49
2589,49
4620,80
8386,66
4366,66
2145,6917
642,49
2795,49
145,7537
9160,9161
5817,617
8275,1679
4473,4474
4473,1937
1679,49
5885,66
4473,4475
2080,1599
111,1168
111,1351
9161,49
4475,49
617,49
7987,5117
49,2879
66,1559
7181,589
66,2627
1599,49
5117,49
7537,49
4474,49
589,49
66,2445
49,3832
66,2757
204,206
3194,1369
7966,7266
1559,145
1369,49
7266,49
66,2757
7662,49
6462,909
7285,4075
8129,1369
1369,49
5458,66
204,206
111,1039
1326,145
204,206
5310,465
6938,5613
111,1244
111,1265
7662,49
465,49
49,3474
1039,49
909,49
111,1307
3326,145
3973,66
5145,4659
111,1265
111,1265
6462,909
4659,49
145,8224
481,145
145,8237
49,74
3911,66
49,1036
49,3398
49,111
7053,7054
909,49
481,145
6336,66
3973,66
5658,2719
49,3540
3537,4500
111,399
7285,4075
66,2590
3623,38
6040,192
4500,49
2719,49
49,3721
3973,66
2590,49
192,49
66,2487
111,1265
5603,66
2487,49
66,2742
214,158
49,3344
3344,111
214,158
49,3783
1133,2325
111,1265
66,204
49,204
7188,66
66,2665
66,204
3410,80
111,963
66,2742
8458,66
66,2450
8394,66
3222,38
493,494
494,49
7460,49
7662,49
66,2756
5708,5710
5710,111
111,1122
49,3673
66,2756
2665,223
7662,49
66,2742
49,3706
2756,80
1810,66
66,2433
2756,80
1217,7102
49,3360
49,3721
7102,111
111,1036
111,1265
214,158
49,3474
1333,145
49,2347
49,3398
5603,66
111,1265
6952,5806
7460,49
5806,49
41,43
6567,66
783,49
7460,49
49,3535
214,158
1464,49
49,3554
7216,66
49,2347
49,3291
9203,9205
145,6991
9203,9205
7267,2302
7662,49
2302,49
6991,49
8694,66
4196,2302
49,2347
7662,49
111,1265
3381,145
2301,2302
66,2450
49,269
2302,49
8407,3966
2928,2929
3966,49
49,3560
49,3310
4775,66
4614,3929
2353,145
66,2813
3929,49
4608,66
49,2802
49,3796
269,49
49,3666
4608,66
5145,4659
49,2347
49,111
5888,4342
4659,49
66,2535
49,3495
49,2802
783,49
1489,163
4608,66
163,164
49,3310
49,3794
1937,145
49,2347
49,498
111,1265
4754,2929
111,1176
214,158
66,2353
1559,145
8275,1679
2627,145
2445,145
3915,3917
3917,49
2988,49
1679,49
5888,5889
206,145
3832,145
2811,4283
49,1488
2811,4283
8272,6374
1488,38
3383,4797
4283,49
6374,49
49,3825
4797,49
4075,145
4614,3929
66,2726
66,1757
5888,5889
66,2446
5364,9208
3929,49
1757,49
6519,135
2446,49
9208,49
9328,474
995,12
206,145
206,145
471,474
9203,9204
1488,38
7460,49
1488,66
9203,9204
5888,5889
9328,474
66,2641
9328,474
111,1157
471,474
111,1173
9328,474
49,3305
471,474
9203,38
9328,474
9203,38
471,474
9328,474
1173,7055
9328,474
31,32
8407,3966
66,2641
3398,145
9266,51
3966,49
49,3458
9203,38
49,3668
66,2409
4075,145
3540,145
66,2726
2055,66
7055,111
2055,66
111,1189
6534,5890
5890,49
49,3706
49,3429
7834,7835
37,38
7834,7835
7064,6169
66,2445
78,79
79,49
49,3429
49,3553
66,1757
3783,145
37,40
7835,49
7460,49
1757,49
49,3787
49,3787
49,3843
9203,9206
2742,145
70,71
3843,49
40,37
71,49
9203,38
9160,9161
111,1189
9203,38
49,3839
2742,145
49,3468
9161,49
49,3491
9203,38
9203,38
66,2742
1363,1364
9203,38
9203,38
49,3521
49,3510
111,1320
1133,2325
9203,9203
214,158
9203,9207
7662,49
9203,9203
49,3649
66,2805
9203,9205
3706,145
2742,145
2433,145
9203,9205
7460,49
9203,9205
49,3560
49,3723
4544,3961
3426,5675
8713,3961
66,2805
66,2446
3961,49
49,3706
3360,145
8519,66
3410,80
66,2573
7662,49
5204,5846
3398,145
2573,49
111,1265
7662,49
49,3828
5846,49
2446,49
6637,66
5204,5846
5846,49
355,7480
9266,51
49,3446
7372,66
8749,7725
111,1186
7725,49
66,772
6622,1520
8388,6199
1187,7211
6199,49
783,49
772,49
2802,145
2813,145
66,2844
111,1265
7507,5306
111,1060
8275,1679
1679,49
1520,49
5306,49
2844,49
3666,145
7987,5117
1133,2325
3716,689
689,49
5117,49
111,1301
111,1060
2535,145
7507,5306
8388,6199
5306,49
7210,1477
66,2774
66,2579
2774,49
8723,66
2802,145
4614,3929
8723,66
111,1256
5458,66
3929,49
2353,145
3930,66
408,409
204,207
409,49
5458,66
66,2407
66,2645
66,204
1903,66
66,204
7289,2152
204,207
207,49
2152,49
8028,2152
66,772
772,49
1903,1904
7372,66
66,2684
2684,49
783,49
3930,66
1903,1904
1903,1904
2152,49
9266,51
1903,1904
32,145
111,982
982,49
66,2241
2241,49
66,204
3104,3105
3429,145
3105,49
3706,145
3101,3102
49,3461
3553,145
3429,145
3104,3105
3105,49
3787,145
3787,145
49,111
5310,465
7372,66
465,49
7460,49
8491,66
9266,51
7803,5014
8155,8156
4995,5870
66,734
7372,66
3491,145
3468,145
2742,145
734,49
5014,49
8156,49
5870,49
7803,5014
7372,66
5014,49
5310,465
7963,38
465,49
8622,8623
3649,145
187,188
66,824
188,49
824,49
5841,4201
7171,5157
66,2841
9128,66
8622,80
8622,80
7372,66
5157,49
4201,49
9319,5157
2841,49
5310,465
8622,80
7372,66
2254,158
5157,49
465,49
8622,8623
5841,4201
7372,66
8623,49
3706,145
8515,743
4201,49
5310,465
8623,49
7372,66
50,51
8086,2249
6835,6836
465,49
2249,49
49,2702
743,49
9144,66
6835,2121
66,2135
7662,49
66,2747
7130,66
66,2441
7372,66
2135,49
7460,49
1322,6485
9328,474
9328,474
471,474
49,3825
1000,38
1322,6485
471,474
2441,49
7662,49
66,2882
1322,6485
3446,145
5310,465
1723,1725
465,49
5459,5260
5028,6326
66,2455
8662,66
5260,49
2121,49
49,3764
3484,6367
6326,49
1322,6485
5028,6326
66,204
8444,66
6326,49
78,80
66,2834
78,80
5165,7352
70,72
1771,1710
355,7480
7480,49
8009,66
2834,49
9266,6744
72,49
1710,49
66,2797
66,967
2797,49
6744,51
49,3476
8485,8156
8275,1679
1771,1710
6744,51
1679,49
8156,49
1710,49
2579,145
9266,51
49,3419
187,188
3419,49
66,2797
66,2797
1256,145
9091,3157
188,49
2797,49
66,2541
2541,49
3157,49
1932,1
3825,3286
3854,355
2518,355
1318,355
2726,355
3444,355
3318,355
2501,355
6287,6288
1007,355
8237,355
3359,355
498,355
2450,355
3473,355
3509,355
3796,355
3458,355
3495,355
2645,145
1933,66
6287,6289
9236,66
187,188
1933,66
188,49
2988,49
3104,3105
3104,3105
66,1751
1751,49
66,2431
66,2613
66,2848
2431,49
3105,49
2848,49
6289,49
187,188
3104,3105
3105,49
188,49
6510,4683
4507,66
4362,66
7662,49
4683,49
8338,6220
49,3609
3609,5466
7309,66
111,1318
5466,49
66,2848
9167,743
743,49
2848,49
49,3403
66,2596
6287,6289
7356,5563
7356,861
7356,2680
7356,8843
7356,6892
7356,7185
7356,3906
7356,8847
7356,9008
7356,4958
7356,7449
7356,5176
7356,8991
7356,7423
7356,5287
6289,49
7356,7626
7356,8835
7356,8848
7356,3229
7356,1719
7356,8800
7356,3810
7356,8849
7662,49
7356,5184
7356,8907
7356,4839
7356,3328
7356,6426
7356,8024
7356,8957
7356,5689
7356,497
7356,2357
7356,8865
7356,9037
7356,7882
7356,9007
7356,5071
7356,8813
7356,3168
7356,1735
7356,7751
7356,8900
7356,9021
7356,8880
7356,4003
7356,2088
7356,8975
7356,7408
7356,5685
7356,8899
7356,8831
7356,8663
7356,8968
7356,2964
7356,8973
7356,5738
7356,347
7356,399
7356,8335
7356,3652
7356,8938
7356,8999
7356,9009
7356,8811
7356,7405
7356,5545
7356,5297
7356,6185
7356,1101
7356,8825
7356,4360
7356,8867
7356,4905
7356,1213
7356,8896
7356,8846
7356,8993
7356,8108
7356,6178
7356,9012
7356,7437
7356,2916
7356,7246
7356,9052
7356,8886
7356,8930
7356,4186
7356,8746
6943,6945
7356,8384
7356,8998
7356,8940
7356,3039
7356,4973
7356,7620
7356,3480
7356,1166
7356,8967
7356,5070
7356,8950
7356,9000
7356,8734
7356,8890
7356,8018
7356,8958
7356,8272
7356,4610
7356,770
7356,8913
7356,7358
7356,6580
7356,8877
7356,420
7356,7536
7356,7398
7356,619
7356,8978
7356,5389
7356,3329
7356,9040
7356,8926
7356,1926
7356,3371
7356,8864
7356,8862
7356,6706
7356,9028
7356,8815
7356,8906
7356,8354
7356,4385
7356,4358
7356,8917
7356,8914
7356,167
7356,8963
7356,2099
7356,3222
7356,7826
7356,4543
7356,8833
7356,8947
7356,7026
7356,7285
7356,6462
7356,8834
7356,8247
7356,9033
7356,8928
7356,1038
7356,5064
7356,7550
7356,8857
7356,7986
7356,8897
7356,5092
7356,839
7356,9073
7356,918
7356,1564
7356,8212
7356,5101
7356,5849
7356,7994
7356,7390
7356,63
7356,8873
7356,4117
7356,2436
7356,4742
7356,1986
7356,3013
7356,5632
7356,564
7356,2040
7356,43
7356,2218
7356,8912
7356,8965
7356,8129
7356,8916
7356,8876
7356,7881
7356,6077
7356,7951
7356,6311
7356,7918
7356,8937
7356,8486
7356,7125
7356,8996
7356,8954
7356,5189
7356,496
7356,7210
7356,1413
7356,7553
7356,9016
7356,8832
7356,8184
7356,8970
7356,6053
7356,875
7356,152
7356,811
7356,6679
7356,1953
7356,8227
7356,260
7356,720
7356,4513
7356,4900
7356,6795
6178,49
7356,6146
7356,8951
7356,5074
7356,3719
7356,7434
7356,5056
7356,3290
7356,826
7356,920
7356,8805
9028,49
7356,1522
7356,7025
7356,5060
7356,8966
7356,9002
5287,49
8354,49
5738,49
7356,2434
7356,6163
7356,9010
7356,8939
7356,5186
7356,8949
7356,871
7356,7689
7356,7767
7356,6660
7356,9060
7356,1684
7356,8122
7356,8943
7356,5317
7356,3101
7356,5178
7356,8878
7356,3664
7751,49
6945,49
7356,7766
7449,49
4385,49
7356,9005
7356,5223
7356,8982
7356,8806
7356,3915
7356,460
7994,7995
7356,2054
7356,5360
7356,8894
7356,5323
7356,8902
7356,5285
7356,4806
7356,8270
7356,4632
7356,4943
7356,5128
7356,8874
7356,9061
7356,4266
7356,2927
7356,5373
7356,8294
6580,49
7356,4255
7356,3188
7356,8977
7356,5318
7356,7654
7356,4963
3229,49
7356,5200
7356,8787
4839,49
7356,233
7246,49
7356,1887
7356,1426
7356,2107
7356,8828
7356,9020
7620,49
7356,6531
7356,8936
7356,1811
7356,8337
7356,5254
7356,5190
7356,8162
7356,8920
7356,3960
7356,859
7356,9055
7356,5001
7356,1704
7356,6522
7356,5878
1926,49
5389,49
4186,49
861,49
7356,5148
7356,2249
7356,4585
7356,8126
7356,692
7356,1734
7536,49
7356,9025
7356,7838
7356,395
7356,8003
7356,281
7356,9046
7356,7097
7356,6662
7356,4496
7356,5133
7356,2301
7356,9041
7356,8758
7356,9027
7356,7618
7356,786
7356,2425
7356,6303
7356,3194
7356,4495
7356,7392
7356,5068
7356,7422
7356,5098
7356,4816
7356,7956
7356,8281
7356,9069
7356,2676
7356,8927
7356,3069
7356,917
7356,7411
7356,774
7356,4615
7356,9022
7356,4600
7356,3582
7356,4102
7356,7780
7356,8067
7356,9064
7356,4409
5070,49
7356,5491
347,49
167,49
5064,49
7356,2209
7356,8152
7356,7072
2301,2302
7356,5262
7356,8802
4003,49
7356,5628
7356,5582
7356,7925
7356,5040
7356,5354
7356,8919
7356,8942
7356,5879
7356,4815
7356,5358
7356,4910
7356,1517
7356,8844
7356,4069
7356,4511
7356,7312
7356,8065
7356,5172
7356,3234
7408,49
7356,4984
7356,2056
7356,8893
7356,4981
7356,7080
7356,6375
7356,1758
7356,8675
8663,49
7356,9029
7356,5197
7356,7819
7356,4391
7356,8420
7356,6438
7356,8355
7356,3224
7356,6585
7356,9015
7356,6591
7356,7966
145,8238
7356,300
7356,2248
7356,5783
7356,6232
7356,8804
1734,49
7356,795
5354,49
1522,49
7356,5221
8486,49
7356,617
7356,5321
7356,2225
7356,5047
7356,7662
7356,4838
7356,3025
7356,9034
7356,1521
7356,5031
7356,8875
7356,7506
7356,7861
7356,8634
7356,3929
7356,359
7356,4669
7356,7939
7356,7017
7356,3725
7356,5386
7356,668
7356,5112
7356,7771
7356,1709
7356,5349
7356,8946
7356,3055
7356,5180
7356,584
7356,6508
7356,6606
7356,5276
7356,8807
7356,8596
7356,7435
7356,7115
7356,5286
7356,5202
7356,5362
7356,4957
7356,5171
7356,8922
7356,5139
3960,49
7356,5066
1887,49
7356,1766
5285,49
5254,49
7356,2278
7356,5880
7356,5085
7356,5466
7356,8105
7356,4424
7356,8845
7356,8859
7356,1403
7356,914
7356,5251
7356,2978
7356,4162
7356,5242
7356,618
7356,5109
7356,8143
1684,49
7986,49
7356,9035
7356,7648
7356,2095
7356,5175
7356,5018
7356,1368
7356,453
7356,1618
7356,4108
7356,4022
7356,4556
7356,1907
7356,2131
7356,5106
7356,3425
7356,7708
7356,5204
7356,6421
7356,5135
7356,4866
7356,8809
7356,204
7356,812
3188,49
7356,9014
7356,3962
7356,8043
7356,8507
7356,2013
7356,5011
7356,1976
6531,49
7356,8882
7356,6664
7356,212
7356,5014
5373,49
7356,4004
7356,5210
7356,4846
5133,49
4615,49
7356,9053
7356,4964
233,49
7356,6083
7356,7885
7356,3034
7356,6510
7356,4592
7356,4693
7356,8618
7356,8660
7356,7186
7356,565
7356,4978
7356,4715
7356,5231
7356,5775
7356,5120
7356,8498
7356,4099
7356,3243
7356,6815
7356,5776
7356,5294
7356,2196
7356,9019
7356,1700
8003,49
2054,49
5178,49
3582,49
5878,49
9025,49
4513,49
5223,49
7956,49
9027,49
5135,49
584,49
6421,49
4069,49
3234,49
4391,49
6600,28
7780,49
8143,49
453,49
9015,49
5175,49
5466,49
1976,49
6815,49
6606,49
4632,49
8065,49
66,2619
3929,49
4424,49
565,49
5242,49
5321,49
2013,49
1758,49
8355,49
4984,49
4162,49
4108,49
5018,49
617,49
6232,49
4846,49
9029,49
5251,49
7356,8871
7939,49
7356,1945
7356,5364
7356,7439
7356,2808
7356,2974
7356,1897
7356,1283
7356,454
1709,49
7662,49
6083,49
7356,3065
7356,4504
7356,8088
7356,3588
7356,8856
7356,998
7356,8987
7356,7317
7356,8638
7356,5378
3962,49
7356,4992
6679,49
7356,8366
66,2590
7356,635
7356,8041
7356,4990
7356,2308
2978,49
7353,135
7356,8512
7356,344
795,49
875,49
7356,8872
7356,6766
7356,4997
7356,360
152,642
6508,49
1907,49
5364,9208
420,151
786,49
5879,49
4816,49
6077,151
9014,49
5172,49
2308,49
9208,49
8088,49
8041,49
2619,49
8660,49
360,49
5386,49
5180,49
4693,49
7648,49
7506,49
66,2665
5011,49
9053,49
7356,4819
7356,8125
4511,49
1618,49
8420,49
4409,49
7654,49
6375,49
1704,49
5068,49
300,49
6766,66
8125,49
5360,49
5262,49
5106,49
5317,49
4102,49
5186,5624
7838,49
6766,2436
8122,49
5294,49
5286,49
2056,49
2665,223
212,49
9019,49
5109,49
8270,49
4504,49
5783,49
6053,49
5632,49
6303,66
344,49
9069,49
2248,49
8337,49
7017,49
5318,49
5047,49
6744,51
5085,49
8294,49
4495,49
564,49
5378,49
9064,49
8596,49
4669,49
5362,49
4819,49
5276,49
618,49
839,49
2196,49
1426,49
3425,49
7312,49
5776,49
5775,49
4099,49
5060,49
8043,49
5066,49
5014,49
28,30
5120,7248
4022,49
4592,49
4978,49
66,2663
1700,1701
1403,49
2302,49
914,49
5056,49
1766,49
1517,49
9035,49
7618,49
7708,49
8067,49
7951,49
8238,49
2131,49
5323,49
3055,49
8758,49
5628,49
281,49
4997,49
4255,49
920,921
4957,49
4600,49
7885,49
5171,1956
7248,49
2663,49
7881,49
2249,49
7918,49
5221,49
8675,49
6591,49
9041,49
1701,49
7995,49
921,49
2590,49
49,3539
4117,49
5031,554
1956,49
554,49
7281,1954
66,967
66,2701
4473,1937
4473,4474
2701,49
7080,49
4474,49
5624,49
642,49
1954,49
7434,49
4473,4475
4556,4557
4475,49
9281,2152
8028,2152
4557,49
2152,49
430,30
6462,909
2152,49
66,2894
6744,51
2894,49
909,49
7289,2152
66,772
8187,5146
5146,49
66,2701
2152,49
772,49
4496,4497
2701,49
8516,7100
111,1262
7349,5380
66,2648
5380,49
49,3717
5695,30
28,30
145,1475
3065,3066
430,30
5231,7151
7100,49
3143,3144
3066,49
1475,49
5204,5846
66,2464
7151,49
7662,49
3144,49
5846,49
2464,49
8129,1369
3143,3144
3194,1369
3144,49
214,158
7462,6220
4238,49
1369,49
5491,6152
4004,4006
7550,941
1953,949
7462,6220
941,49
4006,49
949,49
5202,4976
1138,6525
214,158
772,49
4976,49
5708,5711
6764,6765
8498,66
8212,7822
66,2135
8516,7100
7994,7995
8516,7100
7100,49
214,158
7995,49
2135,49
6764,6765
5711,111
214,158
772,49
6510,4683
4815,4817
7352,145
49,3353
4683,49
4817,49
6040,192
4543,1518
4543,1518
4815,4817
7819,38
192,49
6608,581
2095,2096
66,2753
2753,49
4817,49
2096,49
1518,49
9160,9161
3476,145
66,2421
9161,49
7460,49
2988,49
7548,7549
7549,49
3717,158
66,2669
2669,49
49,3804
4496,4498
8485,8156
7623,6832
6832,49
8156,49
4498,49
7662,49
6438,3875
7115,66
6646,743
4496,4498
7623,6832
743,49
7115,66
5310,465
5165,7352
5165,7352
7662,49
6832,49
465,49
3875,49
5176,1752
4498,49
0,1
49,3308
0,1
4464,192
7623,6832
2676,7184
2585,66
2585,66
6744,51
7961,712
6832,49
2776,8138
8491,158
2278,66
49,3745
66,2736
2736,49
49,3672
49,3828
49,3672
7623,6832
3828,38
3828,38
6744,51
3828,38
6832,49
3672,49
49,3656
8515,743
8694,66
743,49
66,2552
66,2556
7623,6832
2556,49
6832,49
497,145
2552,49
7553,145
7358,1948
426,427
4358,145
6163,145
9012,145
3371,145
4806,145
260,145
1948,49
7623,6832
9020,145
1521,145
7422,145
3725,145
3025,145
5564,66
6235,158
49,269
6832,49
621,37
7460,49
66,2669
49,3717
2669,49
8512,145
269,49
4992,145
8366,145
6744,51
8275,1679
6744,51
1679,49
9275,336
4803,3427
3717,158
6682,494
494,49
336,49
6744,51
4803,1494
1494,49
6744,51
8273,8177
49,3429
427,5394
355,2601
7677,66
2601,49
9022,2056
6824,4823
7677,66
4823,49
7662,49
2056,49
7460,49
8177,8178
6530,6531
1937,145
9275,336
8177,8178
336,49
6531,49
7460,49
9247,66
2225,66
49,3717
6311,66
4745,66
6235,6236
49,3612
49,3664
917,919
8177,8178
8342,2302
6744,51
2302,49
7460,49
919,49
3474,6048
2988,49
427,5394
3475,2177
3717,158
6048,49
2177,49
5394,49
49,3106
49,3286
4266,362
3106,49
6744,51
49,3560
5139,4765
7826,149
272,223
111,1265
4765,49
149,49
7572,2169
427,5394
111,1155
5394,49
3426,5674
3426,5674
3426,5674
3426,5674
66,1751
66,753
66,598
66,1035
3426,5674
66,2535
66,2645
66,772
70,72
8583,6681
70,71
66,2894
6744,51
753,49
598,49
4085,4086
1751,49
66,2518
66,1757
72,49
7460,49
2894,49
1757,49
71,49
111,1253
4086,49
772,49
6681,49
66,772
3426,5673
772,49
187,188
9038,5581
66,772
111,1265
7991,3943
66,2767
359,360
66,2500
2767,49
5581,49
188,49
360,49
3474,6048
772,49
66,2441
2500,49
2441,49
6048,49
214,158
3638,7342
272,66
66,2664
7342,49
2664,49
581,145
111,1265
7662,49
7460,49
49,3842
223,4309
8275,1679
272,66
2421,145
1679,49
6744,51
111,1150
712,145
7352,145
3427,145
1752,145
3429,145
7352,145
9160,9161
9161,49
6744,51
1150,6700
7592,66
6700,111
7592,66
7662,49
8736,6370
8155,8156
8082,6513
8156,49
6370,49
7698,128
2927,66
2107,2108
5826,2108
2270,66
6513,49
128,49
2108,49
7658,7659
9090,7246
6794,66
3537,4500
2988,49
7246,49
111,1150
7659,7001
66,2815
4500,49
7662,49
49,375
6794,66
7285,4075
4004,4006
6744,51
9073,6707
2815,49
7001,49
4006,49
49,3566
4085,3350
3566,49
6744,51
66,2776
8427,66
5071,6758
6744,51
49,3566
214,158
7659,7001
6384,66
5582,5583
849,850
2331,49
111,1279
3566,49
850,49
362,145
7662,49
7001,49
7608,66
49,3676
5134,6381
3337,3447
6381,49
3447,49
49,3291
7689,7690
111,1349
5071,6758
7690,49
66,2494
4382,5425
2535,145
2494,49
5071,6758
4028,66
8778,2589
7587,2589
6157,2589
7925,2589
6942,2589
2589,49
66,1333
66,2494
7819,42
4028,66
5210,7813
7813,49
2494,49
6744,51
5210,7813
49,3788
4028,66
145,67
5137,7377
4382,5428
6744,51
5120,7248
7813,49
7248,49
7142,1272
6435,66
6825,6827
214,158
5428,111
7460,49
4382,5427
6721,66
66,2733
6721,66
5189,3933
8784,8785
66,2412
111,1026
49,3315
4382,5426
3933,49
8785,49
49,3429
5427,111
5426,111
66,2733
66,2777
66,2803
7377,7376
7376,49
7336,7337
8784,8785
8785,49
145,8246
49,3306
8246,49
8179,8181
2585,66
1586,1587
6744,51
2585,66
66,2491
1587,49
49,3306
67,38
5459,5260
5260,49
49,3306
8179,8181
49,3306
6707,145
4075,145
6913,6914
7662,49
49,3306
66,2651
49,3668
7674,66
111,1309
7674,66
7662,49
214,158
111,1331
66,2631
6759,3141
7423,5232
66,1223
5232,49
111,1184
49,3547
7745,7746
66,1223
5583,145
52,53
2651,25
2651,25
355,4086
53,49
7746,49
49,3834
49,3829
49,152
145,790
3829,49
4086,49
6759,3141
49,3312
5155,2029
6759,3141
6626,6627
66,2405
790,49
6914,111
2029,49
6744,51
6155,743
214,158
111,570
3569,24
3569,23
3569,25
3569,25
3569,24
6419,49
743,49
1333,145
2037,53
66,2701
7460,49
53,49
49,3664
7460,49
2701,49
7215,4398
4398,49
3222,3223
9328,4877
43,7682
5037,6406
6744,51
7662,49
7682,49
6406,49
3223,49
2988,49
49,3820
66,2530
3429,145
3820,731
66,204
66,2681
2681,49
111,1056
49,3291
7662,49
6230,66
66,1826
7662,49
49,3716
6230,66
314,6912
9091,3157
2530,66
3157,49
49,2552
254,30
7460,49
2552,49
111,1026
2530,2497
7662,49
66,2736
2736,49
66,2746
1056,3108
7784,839
3547,145
3834,145
111,1026
7662,49
6744,51
4661,66
66,2746
3108,111
839,49
6627,145
66,1757
1757,49
66,2497
7662,49
66,2894
5563,66
2894,49
111,1272
111,1098
639,66
3839,4374
619,620
3039,620
620,49
7745,7746
7784,839
9178,25
7746,49
839,49
1098,49
111,1026
49,3664
7662,49
2988,49
3930,66
1600,66
3930,66
111,1263
2497,23
2497,25
2497,24
7460,49
2255,2140
137,139
3235,66
49,3664
7471,66
9146,158
254,30
3140,66
139,111
214,158
310,7593
7887,7897
7887,6248
7887,2990
7887,3942
7887,4529
7887,7913
7887,7911
7887,7912
7887,7890
7887,7891
7887,7895
7887,2369
7887,7902
7887,7908
7887,7909
7887,5762
7887,7915
7887,7914
7887,754
7887,7893
7887,7903
7887,7906
7887,4365
7887,7894
7887,7917
7887,7896
7887,7911
7887,7129
7887,7892
7887,3059
7887,7916
7887,7888
7887,7905
7887,7889
7887,7901
7887,7910
7887,7914
7887,7899
7887,7907
7887,7898
7887,3954
7887,7904
7887,7900
111,1026
49,3381
7662,49
6512,6513
1263,799
6513,49
7460,49
2922,2924
7911,66
6764,6765
4325,2483
8696,158
1826,145
2924,49
7909,4658
9167,743
7911,66
796,799
1263,799
2483,4325
743,49
4658,49
4395,111
49,3401
7909,8545
7911,66
152,151
66,2483
7911,7291
880,151
66,2584
7291,49
3942,3943
796,802
5071,6758
3243,3244
6758,5071
310,7593
1368,66
3244,49
7911,431
6764,6765
6764,6765
111,1331
7344,3993
8277,158
6764,6765
431,49
49,3625
6659,5179
802,111
1364,4760
5179,49
111,1202
1364,1363
66,2689
66,2709
66,2747
2746,7948
1202,49
2709,49
49,75
28,30
2689,24
3993,38
49,3766
2689,23
2689,25
6930,6928
6930,6928
70,71
7460,49
6758,5071
4473,4474
4473,1937
66,2483
8085,4839
4812,1000
4839,49
71,49
7662,49
4474,49
1299,24
4812,1000
214,158
1266,8257
49,3374
430,30
5708,5709
8085,4839
66,2650
4473,4475
4812,4814
2140,145
111,1225
4814,111
4475,49
152,151
5709,111
355,8268
3993,3994
4839,49
111,1149
7834,6551
8085,4839
2971,2972
4839,49
66,2641
6551,49
111,1244
3994,49
8085,4839
4839,49
3381,145
111,1149
49,2225
152,151
214,158
66,2532
5708,5505
49,3726
9154,9125
4608,66
5505,111
111,1026
49,3385
3401,145
214,158
9154,5206
6077,151
2746,7948
7771,7208
8275,1679
7208,49
5206,49
66,522
1679,49
49,3426
49,1487
6950,1536
66,204
3168,6257
111,985
1536,49
522,49
66,2817
49,3521
9225,66
66,204
2817,49
6257,49
49,607
570,6334
7460,49
49,3461
8523,2305
3168,6257
6215,8554
7917,6257
6257,49
111,1026
3461,10
66,2561
570,6334
3766,145
152,151
214,158
1402,66
1216,158
2305,49
420,151
6077,151
66,2463
111,1115
880,151
7662,49
1115,49
150,151
6215,8555
111,1222
111,1026
66,2628
1886,151
1937,145
7882,7883
49,3771
7883,49
49,111
1166,6974
49,3336
6902,66
6974,111
7957,66
9048,7757
314,6912
3723,7704
3374,145
7704,49
7186,4710
111,1026
66,2894
49,3474
2972,2971
314,6912
7757,7758
8268,145
7758,49
111,1026
6764,6765
4710,49
2894,49
6764,6765
6764,6765
6764,6765
1107,6052
111,1183
240,241
49,354
241,49
204,158
204,158
7911,223
204,158
111,1026
2301,2302
204,158
8155,8156
66,2799
204,158
8342,2302
8156,49
2302,49
204,158
204,158
204,158
240,242
7267,2302
2302,49
2945,135
204,158
1992,1993
111,1323
7460,49
204,158
4803,1494
2113,135
1494,49
4803,3427
2971,2972
49,3393
49,2809
9125,145
2972,2971
49,2809
214,158
3521,2634
66,2353
4614,3929
214,158
3929,49
66,2725
4614,3929
3929,49
49,3547
7460,49
3521,4008
9160,9161
66,2844
9161,49
2844,49
214,158
2971,2972
2972,2971
314,6912
2328,2329
9189,49
2971,2972
2972,2971
5708,1624
7662,49
7460,49
5496,5497
7460,49
7662,49
8523,2305
1624,111
137,138
2305,49
138,49
8025,105
105,49
49,75
66,772
66,772
3771,145
563,66
5145,4659
8492,66
772,49
151,881
66,2441
314,6912
9160,9161
2441,49
4659,49
7662,49
9161,49
49,3562
49,152
152,151
66,2686
2686,49
66,629
7662,49
66,2736
3410,105
2736,49
49,3481
49,3717
629,630
630,49
105,49
49,3359
66,204
6744,51
6646,743
49,3616
145,884
3537,4500
204,158
884,158
743,49
4500,49
49,3282
66,2441
5892,5893
145,884
884,158
5893,49
2441,49
49,907
7662,49
7674,66
8523,8053
111,1026
70,72
70,71
111,1129
72,49
3059,766
71,49
7507,5306
314,6912
49,3491
7507,5306
7507,5306
49,3706
5306,49
766,49
66,2894
214,158
2894,49
49,3712
3059,766
314,6912
766,49
7186,4710
3059,766
3427,145
49,3404
6635,6636
2145,3429
4541,2338
4710,49
766,49
49,3644
2338,49
5496,5497
6635,6636
7662,49
6744,51
66,2742
70,72
6635,5524
7911,223
111,1095
5136,2063
5524,49
72,49
49,204
204,158
2353,145
70,72
240,241
240,242
5040,66
4068,4069
72,49
5040,66
49,3614
7662,49
4069,49
241,49
3547,145
314,6912
49,3429
223,3429
7662,49
3638,7342
7460,49
111,1031
9109,2914
7659,7001
7963,1859
66,2450
7342,49
49,3382
6622,1520
1859,49
7001,49
6622,1520
6764,6765
6158,66
6764,6765
6764,6765
1520,49
2914,49
49,3562
6764,6765
6622,1520
6764,6765
1520,49
0,1
9090,7246
214,158
5794,66
314,6912
6659,5179
7662,49
2153,49
7246,49
6764,6764
111,1300
5179,49
66,2610
6764,6764
8275,1679
2610,49
49,3634
1679,49
6744,51
6912,314
6912,314
66,2732
7662,49
1893,636
70,71
6912,314
3539,80
70,72
70,71
71,49
66,2743
4544,3961
8713,3961
72,49
2743,49
3961,49
71,49
636,49
3481,145
6912,314
5794,66
66,2646
49,3706
70,71
70,71
70,71
70,71
111,1090
111,1300
8053,145
70,71
49,3588
71,49
70,71
8164,8168
5794,66
6912,314
3491,145
71,49
6764,6765
70,71
49,3547
6912,314
5120,7248
6764,6765
6912,314
3820,6850
7248,49
71,49
6850,49
6912,314
3712,145
3706,145
6912,314
111,1225
111,1186
3820,7517
49,3395
7662,49
9275,336
3820,38
66,2353
66,2441
2441,49
49,3547
7662,49
3820,731
3429,145
66,2894
1372,1371
6677,6678
5310,465
2894,49
336,49
1371,1372
4541,2338
8196,4396
6677,6678
111,170
4396,49
465,49
6678,49
2338,49
731,49
111,1186
2742,145
6678,49
2063,145
49,3491
49,2031
6677,6678
3614,145
6678,49
49,3706
66,2497
3429,145
676,158
8284,38
8284,38
70,71
6051,66
3429,145
8594,806
71,49
806,49
70,71
7517,4654
408,409
3382,145
66,2649
409,49
49,2031
71,49
3855,1991
1991,49
7662,49
111,1260
49,2535
1893,636
3855,1991
70,71
7662,49
71,49
1991,49
636,49
70,71
66,241
111,1305
70,71
71,49
241,49
49,3699
871,872
70,71
71,49
7460,49
49,3808
3717,158
111,1150
66,2433
6452,5007
66,2480
66,204
111,1305
5007,49
49,3706
49,2031
7423,5232
204,206
917,919
3034,2235
49,3547
5232,49
919,49
66,241
214,158
241,49
2646,145
49,3668
204,206
111,1305
66,2663
70,71
3706,145
71,49
49,3637
7460,49
2663,49
4190,51
3104,3105
3105,49
4812,4813
66,598
3547,145
49,2646
66,2450
8275,1679
3637,111
4813,111
1679,49
214,158
7662,49
598,49
49,3706
6272,5175
49,3630
5175,49
7662,49
2353,145
66,2894
66,772
3366,4470
8484,66
871,872
6626,3782
871,872
49,2799
49,111
9283,937
8484,66
8164,2807
2894,49
7090,2138
1372,1662
2138,49
7662,49
772,49
49,3483
214,158
214,158
111,1303
1738,49
70,71
1662,49
111,1186
2031,145
3491,145
71,49
3483,49
111,1279
111,1101
66,598
3521,4008
6626,807
3706,145
4008,49
3782,49
807,49
66,2719
214,158
4190,51
66,2663
598,49
70,71
70,71
70,71
70,71
501,4470
66,2424
2663,49
7460,49
1738,49
71,49
70,71
2424,49
2719,49
71,49
7674,66
4068,4070
2535,145
7460,49
3099,3100
7662,49
49,3765
2031,145
3100,49
70,71
3034,2235
71,49
7460,49
49,269
1372,1662
70,71
269,49
71,49
7356,1079
7356,8831
7356,9028
1662,49
49,3763
1101,5877
872,145
3808,145
7356,7826
7356,8852
7356,9026
7356,8354
7356,3039
7356,3328
7356,8896
223,4317
7356,2680
7356,7246
7356,8968
7356,8904
7356,9062
7356,8880
7356,8961
7356,2974
7356,1101
7356,8814
7356,490
7356,7626
7356,2676
7356,2957
7356,3480
7356,5715
7356,8924
7356,8989
7356,4253
7356,5101
7356,7437
7356,8925
7356,2099
7356,8638
7356,8884
7356,8932
7356,8950
7356,6892
7356,4385
7356,6239
7356,9012
5028,6326
7356,4186
7356,9000
7356,8919
7356,8337
7356,8335
7356,9021
7356,3693
7356,8633
7356,2218
7356,770
7356,4543
7356,2964
7356,167
7356,2808
7356,8898
7356,4544
7356,7994
7356,8958
7356,8886
7356,5186
7356,1564
7356,6616
7356,751
7356,8813
7356,7358
7356,839
7356,2434
7356,736
7356,3751
7356,8846
7356,7536
7356,7918
7356,1926
7356,3929
7356,6462
7356,4766
7356,3329
7356,5892
7356,6580
7356,63
7356,4358
7356,1684
7356,1735
7356,5070
7356,8912
7356,7398
7356,188
7356,8928
7356,918
7356,5325
7356,7125
7356,9027
7356,7285
7356,8890
7356,3013
7356,7405
7356,8247
7356,8939
7356,7620
7356,7026
7356,8815
796,797
7356,8940
7356,9046
7356,8108
7356,8916
7356,8967
7356,3229
7356,2918
7356,5389
7356,2040
7356,496
7356,8970
7356,8272
7356,9033
7356,4360
7356,8800
7356,294
7356,4504
7356,8996
7356,6706
7356,8868
7356,7317
7356,7951
7356,9016
7356,8963
7356,8857
7356,8663
7356,8088
7356,5849
7356,5317
7356,8834
7356,8975
7356,875
7356,8897
7356,8937
7356,1986
7356,3101
7356,5189
7356,564
7356,8965
7356,5176
7356,2436
7356,6795
7356,5632
7356,9073
7356,8486
7356,8125
7356,7210
7356,6053
7356,7757
7356,8862
7356,7439
7356,9040
7356,7986
1358,944
6239,49
7356,1413
7356,7550
7356,6679
8354,49
7356,8987
7356,8977
7356,5060
7356,7025
7356,619
9028,49
1684,49
7356,859
7356,3290
7356,5184
7356,9005
7356,2661
7356,7097
7356,8873
7356,4943
7356,8003
7356,43
7356,8966
7356,8270
7356,460
7356,1038
4385,49
7356,7689
7356,4610
7356,1522
7356,8832
7356,5047
7356,9060
7356,692
7356,2088
7356,8805
7356,8951
7356,1953
3929,49
7356,6660
7356,5056
7356,6146
7356,4513
7356,1426
188,49
7356,2054
7356,9064
7356,8675
2433,145
7356,4806
7356,5287
7356,3588
7356,1014
7356,871
7356,260
7246,49
7356,4823
7356,8949
5715,49
7620,49
7356,6531
7356,8920
9027,49
7356,4900
7356,6163
7356,5035
7356,9002
7356,9055
7356,7654
7356,8954
7356,9020
7356,7553
7994,7995
7356,1887
7356,5254
7356,3915
7356,3719
7356,5360
7356,8902
7356,8828
7356,8878
7356,8894
7356,7080
3765,7301
7356,5378
7356,4266
7356,8806
5325,49
7356,3810
7356,3188
7356,2301
7356,5128
3229,49
6580,49
7356,5074
1358,1358
7356,8893
4186,49
7356,5221
7356,7621
7356,8281
7356,281
7356,9041
7356,9069
7356,4838
7356,7445
7356,9061
7356,6303
7356,7766
7536,49
7356,4632
7356,8942
7356,8874
7356,5190
7356,6522
7356,7956
7356,5491
7356,4742
7356,3960
7356,5879
7356,4409
7356,9022
7356,4992
7356,4255
7356,4496
7356,2927
7356,233
7356,7411
7356,5148
7356,4819
7356,1517
7356,4102
7356,786
7356,7780
167,49
7356,8067
7356,395
7356,4600
8337,49
839,49
7356,8835
5070,49
7356,4003
7356,3582
7356,5200
7356,4585
7356,5223
7356,811
7356,5878
7356,3664
7356,5112
7356,4615
7356,8126
7356,9044
7356,8162
7918,49
7356,6585
7356,5318
7356,8512
7356,4069
7356,7925
7356,8634
7356,1811
7356,7838
7356,2425
6326,49
7356,8802
7356,7422
7356,5324
7356,917
7356,5582
7356,920
7356,8936
7356,5783
7356,8227
7356,5262
7356,9025
7356,5040
7356,826
7356,8758
7356,5064
7356,1734
7356,4963
7356,7618
7356,6375
7356,5354
7356,5098
7356,8844
7356,635
7356,7533
7356,1758
7356,6438
7356,7072
7356,5172
7356,8872
7356,2056
7356,7408
7356,5628
7356,8065
7356,4511
7356,4816
7356,5323
7356,4669
7356,7771
70,71
7356,1709
7356,4910
7356,3234
7356,8927
8486,49
7356,360
5354,49
7356,3725
7356,5092
7356,5031
7356,5386
7356,774
7356,5197
7356,4391
7356,6510
7356,2209
7356,6508
7356,9034
4069,49
7356,2249
7356,7861
797,111
7356,6232
7356,300
7356,8355
7356,5180
7356,8875
1734,49
7356,5276
7356,4984
7356,4117
7356,3025
7356,4839
7356,5285
7356,359
7356,7434
7356,8946
70,71
7356,8922
7356,5133
7356,8152
7356,6606
7356,7506
7356,4815
7356,795
7356,6591
7356,668
7356,5202
7356,8596
7780,49
7356,617
7356,5349
7356,9015
7356,8804
7356,2107
7356,1907
7356,6311
7356,8366
7356,5175
7356,5321
7356,204
7356,2308
7356,7435
7356,5139
3960,49
7356,4424
7356,2256
7356,4556
7356,8105
7356,6185
7356,4957
7356,4108
7356,3055
7356,1403
7356,3425
7356,9014
7356,7115
7356,5018
7356,3194
7356,212
7356,1521
7356,7017
7356,5362
7356,8420
7356,8507
7356,6421
7356,5466
7356,1976
7356,6662
7356,2131
6531,49
5254,49
8125,49
7356,5880
7356,7708
7356,5204
7356,1704
7356,5011
5287,49
3188,49
7356,5251
7356,7392
7356,5106
7356,5135
7356,7648
7356,4022
7356,2978
7356,1766
7356,5171
7356,5146
8088,49
7356,8143
7356,5066
4632,49
7356,2095
7356,8043
7356,4866
944,49
2480,145
70,71
4615,49
7986,49
7356,812
7356,7966
7356,344
7356,6083
7356,1368
7356,1618
7356,4846
937,1471
7356,2013
7356,7186
7356,9053
7356,5231
7356,4495
7356,4162
7356,5373
7356,9059
7356,4693
7356,453
7356,618
7956,49
4513,49
3582,49
8003,49
2054,49
7356,5210
5878,49
7356,8660
7356,4990
7356,2225
7356,8498
7356,5294
7356,8845
7356,8882
7356,584
7356,3962
7356,565
7356,5364
5324,49
7356,6815
7356,8041
7356,4978
7356,7885
7356,4004
3234,49
1522,49
5135,49
5223,49
6421,49
7356,5776
7356,6766
7356,8618
7356,4715
7356,4592
7356,4997
4823,49
7356,6664
7356,5775
7356,4099
7356,8809
7356,8859
7356,5014
7356,1700
7356,2196
7356,4964
2308,49
7356,3243
7356,9019
4391,49
7356,33
1887,49
4266,362
8143,49
5175,49
5285,49
453,49
2031,145
6606,49
4424,49
206,145
360,49
233,49
3706,145
5466,49
5133,49
8065,49
1976,49
5373,49
2013,49
937,1433
5321,49
2256,49
1758,49
584,49
33,49
8041,49
6815,49
565,49
9015,49
66,2424
8355,49
937,1489
4162,49
4984,49
5018,49
4839,49
5146,49
937,1405
4108,49
111,1222
6232,49
4846,49
617,49
5251,49
9025,49
1709,49
6083,49
3962,49
6679,49
875,49
937,1421
247,72
795,49
2235,145
3547,145
8660,49
7356,8864
7356,8856
7356,8212
7356,5120
7356,3433
7356,3371
7356,8876
7356,8389
7356,6346
8547,66
7356,8833
7356,9052
7356,8917
72,49
7356,998
7356,5545
7356,9010
937,1465
5879,49
7356,8122
937,1459
6508,49
7356,8294
7356,2248
7356,7662
7356,5085
7356,914
7356,5242
786,49
7356,5068
7356,7312
7356,5109
7356,8807
7356,2278
7356,8787
4815,4817
7356,3034
7356,5286
7356,4981
7356,7939
7356,7819
7356,9035
4816,49
7356,5358
7356,9029
5172,49
9014,49
937,1450
5180,49
4693,49
5262,49
937,1505
7648,49
9053,49
7506,49
5106,49
4511,49
5011,49
1618,49
7356,8906
7356,7881
8420,49
111,972
937,1415
5242,49
3930,66
8558,4839
7939,49
4766,4767
7662,49
2978,49
4817,49
937,1416
1907,49
5386,49
937,397
4409,49
5360,49
8122,49
7654,49
5317,49
5068,49
937,1420
6766,66
300,49
4102,49
1704,49
937,1451
66,2589
5294,49
71,49
5286,49
7838,49
937,1494
9019,49
2056,49
937,1490
9029,49
2589,49
937,1475
4839,49
6375,49
206,145
6510,4683
4504,49
5783,49
1926,49
5109,49
6053,49
6217,192
212,49
8270,49
344,49
5389,49
7533,49
5318,49
5632,49
5047,49
7659,7001
1420,49
9069,49
9283,937
2424,49
7017,49
6217,192
7460,49
7662,49
1450,49
1494,49
2248,49
564,49
5085,49
8294,49
7881,49
4495,49
5378,49
9064,49
5276,49
5362,49
3383,4797
4819,49
2196,49
937,1446
618,49
1426,49
5776,49
937,1441
937,1457
7312,49
5775,49
4797,49
4669,49
192,49
111,1186
937,1495
8596,49
7819,42
937,1492
8043,49
5014,49
1403,49
4022,49
5066,49
4099,49
4496,4498
5060,49
4978,49
4592,49
914,49
1517,49
5056,49
1766,49
9035,49
7708,49
7618,49
7951,49
8067,49
5064,49
7819,42
42,49
2131,49
3055,49
5323,49
247,248
70,71
8758,49
5628,49
4600,49
7445,49
281,49
4957,49
4997,49
4255,49
7885,49
2776,8138
5031,554
7080,49
2249,49
7819,42
4003,49
8663,49
5221,49
6591,49
8675,49
4683,49
1421,49
2646,145
7995,49
4498,49
7408,49
71,49
42,49
3425,49
554,49
9041,49
7434,49
1416,49
4117,49
397,49
1475,49
1451,49
9059,49
7001,49
248,49
1495,49
49,3364
2088,529
3706,145
70,71
214,158
71,49
5202,4976
529,49
7807,49
6764,6765
872,145
872,145
563,66
6217,192
5231,7151
192,49
111,1167
4976,49
8212,7822
6462,909
2807,145
5028,3672
6764,6765
6764,6765
6764,6765
49,3583
70,71
5176,1752
7460,49
7151,49
3672,49
71,49
4070,4068
909,49
70,71
70,71
70,71
1167,1135
5459,5260
1167,1135
71,49
66,2634
7460,49
5260,49
49,3583
5145,4659
70,71
4659,49
66,2523
49,2807
111,1305
1167,1135
6764,6765
9281,2152
3084,2814
7662,49
71,49
2152,49
49,3507
5603,66
8028,2152
1167,1135
1167,1135
66,2807
70,71
3466,2814
7289,2152
66,2807
71,49
70,71
49,3439
2152,49
7623,6832
111,1135
6130,2152
71,49
7460,49
6832,49
2152,49
49,3840
9112,66
66,2634
2988,49
2235,145
8573,66
4842,2152
2152,49
4004,4006
4006,49
49,3561
70,71
6764,634
9012,145
5364,9208
3561,2771
9208,49
7623,6832
71,49
111,1220
4654,4655
4358,145
4806,145
4992,145
8512,145
7422,145
260,145
9020,145
7553,145
6163,145
70,71
8275,1679
4852,4655
6832,49
7987,5117
7662,49
4190,51
214,158
4655,6850
7572,2169
3025,145
8366,145
3725,145
1521,145
362,145
71,49
6850,49
49,3514
7623,6832
3993,3994
66,1692
6832,49
3371,145
1679,49
2153,49
3102,38
70,71
3994,49
3514,49
49,3632
49,3745
3102,38
4473,1937
4473,4475
4473,4474
3101,38
6510,4683
49,3698
3101,38
4474,49
4475,49
66,1692
4473,4475
70,71
3439,3977
4655,6850
4475,49
6850,49
3977,49
3698,49
49,3481
2814,66
187,188
2970,72
7623,6832
2970,72
5117,49
6832,49
72,49
188,49
49,3514
66,2429
3121,66
1441,145
4683,49
3514,49
7662,49
71,49
111,1158
2990,66
5171,1956
619,620
7623,6832
1135,6473
1135,6473
1135,6473
1135,6473
4556,4557
1956,49
375,49
111,1158
6832,49
620,49
49,3350
2990,66
4557,49
49,3676
2270,66
4070,4839
49,3832
49,1732
6770,158
8381,1521
214,158
111,1026
871,872
4839,49
8507,5135
4070,6815
7548,7549
8381,1521
5135,49
6765,634
4070,4069
8381,1521
7549,49
6815,49
70,71
7836,7751
5171,1956
4069,49
7662,49
7751,49
1732,49
71,49
49,3706
252,30
4541,2338
66,2896
66,2747
49,3608
1752,145
111,1262
2338,49
1956,49
9339,1521
204,208
6250,66
2807,145
355,8263
4990,5468
5707,5024
5024,49
70,71
8263,49
5468,49
9339,1521
1634,66
7460,49
71,49
4543,1518
4585,4586
6423,1521
111,1016
111,994
2807,145
1518,49
3630,1115
2807,145
4586,49
70,71
66,2612
7460,49
796,799
8155,8156
71,49
1263,799
7651,111
796,799
1263,799
1263,799
8156,49
66,2612
4564,66
484,486
111,1111
7460,49
4990,5468
111,1101
4990,5468
5468,49
486,49
111,994
110,111
6510,4683
2990,66
70,71
111,1111
4683,49
2990,66
71,49
70,71
4990,5468
49,3672
3020,66
5468,49
1937,145
5210,7813
254,30
254,30
254,30
7813,49
111,1300
3481,145
4990,5468
4990,5468
4990,5468
4990,5468
8485,8156
66,2768
9160,9161
6512,6513
6513,49
9161,49
70,71
7460,49
7662,49
3672,49
71,49
5468,49
8156,49
1358,944
66,2589
71,49
944,49
4990,5468
4990,5468
4990,5468
4990,5468
4990,5468
2589,49
49,2447
223,3781
3832,145
3102,3103
4990,5468
4990,5468
4990,5468
4990,5468
4990,5468
5468,49
920,921
4990,5468
4990,5468
4990,5468
4990,5468
49,3634
4990,5468
111,1278
3103,49
49,3634
66,2563
49,3434
214,158
872,145
7691,66
1521,145
921,49
49,3729
5468,49
3101,3103
3101,3103
3593,7301
66,2886
1521,145
1521,145
3103,49
49,3560
70,71
1569,66
70,71
2896,145
49,2347
3706,145
49,907
2927,66
1700,1701
223,3781
4070,4839
1521,145
4070,4069
4069,49
8498,66
6646,743
1600,66
4070,6815
3630,2563
4839,49
743,49
7301,49
1701,49
6217,192
6815,49
192,49
70,71
71,49
1521,145
71,49
49,3717
5563,66
254,251
3593,7301
1521,145
254,251
111,963
254,251
3717,158
254,251
7301,49
6510,4683
254,251
214,158
70,71
7550,941
941,49
71,49
4683,49
8300,7112
66,2429
7112,49
2095,2096
7662,49
8523,2305
7460,49
66,2896
66,2400
2305,49
2096,49
111,994
8284,38
70,71
70,71
7460,49
66,2514
70,71
66,2430
2514,49
71,49
2430,2999
71,49
9038,5581
5581,49
214,158
111,1296
9022,2056
3537,4500
6217,192
4500,49
192,49
2056,49
783,49
49,3622
70,71
3622,49
49,3427
49,3632
5145,4659
4659,49
783,49
7662,49
71,49
2676,38
4085,158
5310,465
1135,6473
1135,6473
465,49
70,71
355,8264
8275,1679
6510,4683
8264,49
71,49
5327,9089
1679,49
7460,49
9089,49
4683,49
1135,6503
1135,6503
2886,145
5139,4765
1135,6503
4765,49
49,3446
8179,8182
1953,949
1135,6503
9160,9161
783,49
1101,5876
70,71
66,2603
111,1287
949,49
9161,49
500,502
71,49
111,988
70,71
70,71
111,1224
71,49
49,3622
8443,72
70,71
5695,30
5876,111
8443,72
72,49
71,49
3622,49
5120,7248
2603,49
70,71
7626,3582
111,1207
5892,5893
1135,6503
6510,4683
3582,49
7248,49
71,49
7460,49
223,2568
1135,6503
111,1241
1135,6503
6626,3782
70,71
3782,49
7544,7546
5893,49
71,49
4683,49
2568,49
111,963
70,71
9222,270
8179,8182
111,1079
500,502
7460,49
71,49
270,49
49,2436
7300,7301
223,2664
3638,7342
643,66
7342,49
2664,49
7662,49
7301,49
9319,5157
4190,51
4832,66
1135,6503
1457,38
1135,1277
7300,7301
5157,49
355,4135
2676,7184
988,1617
1135,6473
7460,49
70,71
7301,49
4135,49
111,570
7911,431
3606,7538
70,71
66,2169
71,49
7662,49
431,49
1457,38
7911,8049
214,158
8049,49
49,3812
3825,5471
2896,145
49,3514
5471,80
7911,8647
6913,4000
3514,49
8647,49
1135,1277
66,2848
66,2848
1135,1277
7544,7546
7544,7546
7544,7546
7911,66
783,49
2848,49
8443,72
5713,5686
6594,66
70,71
70,71
72,49
783,49
71,49
5686,49
111,1026
4000,111
49,643
367,158
49,3780
70,71
7544,7546
7544,7546
7662,49
71,49
6626,807
6510,4683
111,1345
111,1339
7269,7270
49,111
807,49
3812,3616
70,71
958,959
7580,7270
3427,145
4683,49
6007,66
7544,7546
71,49
49,3791
4832,66
7572,2169
3791,49
4832,66
3653,7853
3048,66
6841,66
49,3403
70,71
70,71
71,49
111,1079
5134,7342
3446,145
8409,8050
223,2568
71,49
4085,1506
5134,6381
2943,6915
6622,1520
7342,49
6622,1520
6381,49
2568,49
49,3562
8443,72
9160,9161
49,3710
9161,49
1520,49
72,49
223,2568
111,1026
2943,6915
66,2701
2701,49
2568,49
5430,6915
111,1073
223,3781
223,2568
111,1026
7662,49
70,71
111,1092
8155,8156
71,49
111,1078
8156,49
223,2568
5145,4659
1856,1858
6510,4683
7068,66
4683,49
4659,49
2568,49
66,2544
223,2568
7662,49
8443,72
8050,49
223,2568
66,155
7068,66
70,71
223,2568
3366,38
8443,72
314,6912
155,49
71,49
7662,49
49,1440
2568,49
72,49
70,71
66,1757
9222,270
72,49
71,49
3475,2177
7538,145
9073,6707
2177,49
111,994
270,49
1757,49
1135,1277
49,3314
111,1241
7267,2302
7662,49
3314,49
49,1378
49,3717
49,3788
66,598
7771,7208
2302,49
1378,49
7691,66
111,1256
3717,158
7662,49
8149,660
7208,49
7215,4398
8149,660
70,71
660,49
4398,49
7460,49
71,49
5042,3096
6510,4683
9337,66
5042,3096
1135,6466
7662,49
598,49
3096,49
4683,49
1135,6466
6659,5179
5179,49
49,3377
454,455
214,158
454,455
1135,6466
111,963
7662,49
1135,6473
1569,66
214,158
454,455
9036,455
2255,2140
1135,1277
7662,49
66,2386
1135,1277
7662,49
111,1342
111,1278
7207,7208
1586,1587
1587,49
7208,49
9090,7246
7246,49
4190,51
4190,51
8164,2807
111,1244
111,1277
111,963
49,1277
66,2491
6248,2739
49,3857
49,3720
6248,2739
1135,6482
8164,8166
70,71
6248,2739
6435,66
71,49
1022,3860
1446,6278
111,1026
6482,1135
70,71
66,2862
6211,66
1135,6097
7662,49
2862,49
71,49
49,3668
3860,111
7662,49
3710,145
3099,3100
1073,145
7853,3653
1135,6482
7662,49
70,71
145,4952
3100,49
8443,72
3653,5435
111,963
72,49
2922,2924
2924,49
1858,145
643,644
214,158
71,49
1192,7251
7460,49
6007,66
6217,192
1192,7251
6510,4683
1358,3891
70,71
192,49
49,3610
49,3857
1193,7257
70,71
5582,5583
111,570
6707,145
223,3781
7662,49
49,3539
49,534
111,1026
4952,5177
223,2568
1193,7257
7460,49
49,3674
223,2568
6892,2379
71,49
1256,145
8443,72
66,2701
111,1267
72,49
1856,1857
3930,66
1135,6097
2701,49
66,1333
4683,49
111,1343
70,71
1437,4634
71,49
2088,529
111,1343
111,1225
111,1026
66,2430
529,49
49,3720
214,158
2430,2999
7297,66
7662,49
2140,145
355,8262
2971,214
49,3504
696,697
1437,4636
214,158
111,1343
1437,4639
696,699
49,3717
66,2633
7460,49
8443,72
1437,4635
72,49
696,698
1437,4637
2807,145
1263,799
3780,8754
796,799
1263,799
1263,799
111,1172
7193,111
7460,49
66,2633
988,1617
1437,4638
2988,49
2633,6620
4805,66
7544,7546
7460,49
7460,49
2971,214
7662,49
49,382
382,375
4661,66
49,3272
6510,4683
1172,49
783,49
5583,145
223,4322
111,1022
66,2353
4683,49
534,145
5177,145
7662,49
3674,145
4322,9106
7460,49
4322,2274
5435,49
49,534
4109,66
4109,66
1333,145
2568,49
7662,49
6286,6090
66,2747
6303,6304
6133,7951
6090,49
49,3720
783,49
6950,1536
111,968
66,2506
66,2462
1536,49
7691,66
7951,49
6843,1845
7460,49
9109,2914
7691,66
7691,66
2914,49
5171,1956
9163,66
1956,49
7460,49
2462,38
7662,49
111,1180
2462,38
3664,6299
3610,49
6510,4683
3100,49
4683,49
111,570
111,570
783,49
7662,49
111,1219
3664,6299
7460,49
4473,1937
4473,4475
49,3859
9154,236
9154,5206
49,3786
2353,145
7423,5232
4475,49
236,49
6795,506
5206,49
988,1617
7460,49
8443,72
534,145
72,49
5232,49
2045,2046
3664,7971
7662,49
3664,7971
66,1757
1368,66
7257,1193
1757,49
3140,66
8443,72
6510,4683
72,49
2506,145
783,49
4683,49
3235,66
66,2839
6843,1845
6795,506
7460,49
1219,7639
111,1336
783,49
5434,5435
5435,49
5434,5435
7731,66
111,1336
8300,7112
7112,49
5889,4342
3539,80
111,1336
7460,49
1487,8533
7662,49
49,3306
5889,4342
7662,49
7989,7990
8455,780
49,2665
355,3429
2486,4342
111,1336
49,3729
783,49
111,1271
2486,4342
2486,4342
5435,49
49,111
214,6417
111,1336
7989,7990
6417,214
66,2533
214,6417
3786,49
111,1336
1937,145
6417,214
5145,4659
692,693
5184,693
4659,49
49,2533
49,3310
3537,4500
4500,49
5895,66
8443,72
783,49
8443,72
5434,5435
8443,72
214,2971
72,49
2971,214
66,316
49,2353
7460,49
5895,66
7460,49
316,49
214,6417
783,49
6417,214
111,1290
66,2822
7662,49
49,2822
49,3381
7662,49
2665,223
6510,4683
8275,1679
783,49
49,3729
2665,2568
66,2667
6843,66
3697,80
1679,49
3697,80
3697,80
3697,80
49,3857
4683,49
7932,66
5530,5531
8109,72
5435,49
49,3857
70,71
70,71
2301,2302
70,71
70,71
70,71
70,71
70,71
70,71
70,71
70,71
70,71
70,71
70,71
70,71
70,71
70,71
70,71
70,71
70,71
70,71
70,71
70,71
70,71
70,71
70,71
70,71
70,71
70,71
70,71
70,71
70,71
70,71
70,71
70,71
70,71
70,71
70,71
66,2402
9160,9161
72,49
5186,5624
7932,66
9161,49
7932,66
7932,66
6622,1520
6622,1520
1520,49
1520,49
6622,1520
6622,1520
70,71
7460,49
8109,72
70,71
72,49
49,3274
7662,49
1779,72
1779,72
780,145
72,49
1779,72
4070,6815
70,71
4070,4839
4190,51
6510,4683
3429,145
4070,4069
6815,49
4070,4839
2232,5728
5554,66
4070,212
66,2528
4069,49
49,2353
111,1304
4070,212
5554,66
111,963
111,796
555,556
49,3274
223,4309
223,4315
111,1342
72,49
9160,9161
111,1342
9161,49
2353,145
2988,49
8443,72
72,49
8155,8156
7698,7700
111,1345
66,2613
4839,49
70,71
70,71
7460,49
49,1487
49,2822
70,71
66,2525
7662,49
3381,145
5728,49
49,3632
111,1150
1520,49
6510,4683
2667,145
70,71
6189,66
71,49
7698,128
7641,66
8443,72
70,71
7162,66
72,49
9123,66
145,8225
70,71
3697,80
128,49
8443,72
66,2513
72,49
66,2431
70,71
70,71
3638,7342
3697,80
7342,49
49,3664
6221,6222
70,71
6221,6222
66,2721
4190,51
49,1732
6222,49
6252,66
7662,49
49,151
6221,6222
6222,49
7507,5306
6510,4683
5306,49
6221,6222
6222,49
70,71
70,71
2353,145
8622,6176
8283,336
336,49
1120,6171
70,71
7662,49
70,71
3090,66
71,49
8622,6176
212,49
1135,6064
6097,1135
70,71
5310,465
465,49
49,3558
66,2578
2578,49
7662,49
71,49
2302,49
7662,49
66,2438
214,1807
783,49
8156,49
5624,49
4683,49
1732,49
2431,49
2568,49
8623,49
5531,49
1845,49
6304,49
506,49
3891,49
6299,49
6176,49
2839,49
2046,49
223,4315
7662,49
49,3808
9090,7246
8275,1679
5120,7248
7248,49
1679,49
7460,49
8443,72
72,49
7246,49
783,49
66,2189
111,1081
2189,49
783,49
49,3632
49,3729
783,49
2513,49
49,3483
111,1338
49,1135
1807,214
1135,6064
7460,49
3087,3088
783,49
3483,49
49,3629
1135,6496
66,2438
3088,49
3629,49
214,1807
1807,214
5036,6405
1135,6478
6405,49
7662,49
5145,4659
6510,4683
4659,49
223,2441
1135,6467
4683,49
2441,49
1135,6492
8443,72
66,535
72,49
111,1017
8443,72
2221,2223
535,49
72,49
7745,7746
2223,49
49,2809
111,970
49,20
7746,49
1135,6498
214,1807
1135,6477
7572,2169
7662,49
1807,214
7662,49
4190,51
66,2775
49,111
49,3572
145,8245
3572,49
2775,49
214,6273
214,6417
6510,4683
8443,72
111,1063
783,49
20,21
72,49
4683,49
6417,214
8155,8156
8156,49
1135,6490
3825,5471
7662,49
1135,6493
5171,1956
20,21
1135,6468
3668,49
7662,49
49,21
7460,49
7662,49
1956,49
3668,49
4978,49
5858,66
3638,7342
5471,80
70,71
3395,5471
49,3781
7342,49
71,49
7662,49
214,6417
1358,3891
783,49
214,4271
6273,214
49,3632
66,2775
4190,51
783,49
2775,49
3891,49
70,71
71,49
783,49
214,6273
6273,214
1135,6468
1135,6469
8485,8156
7987,5117
8156,49
5117,49
1135,6469
8443,72
8443,72
8443,72
6609,6610
72,49
7662,49
6609,6611
8443,72
70,71
5145,4659
6510,4683
4659,49
72,49
7662,49
71,49
4683,49
49,3498
70,71
6783,6373
70,71
6417,6418
71,49
6783,6373
7460,49
6783,6373
70,71
375,377
71,49
7662,49
7356,5071
7356,8868
7356,6759
7356,8943
7356,347
7356,2885
7356,1986
7356,8938
70,71
7356,1422
7356,8909
7356,5324
7356,3328
7356,9041
7356,4385
7356,861
7356,8915
7356,8978
7356,8880
7356,5685
7356,8867
7356,6892
7356,8831
7356,2974
7356,8817
7356,490
377,380
7356,8212
7356,1101
7356,8800
7356,7951
7356,5001
7356,9007
7356,3480
7356,2357
7356,7882
7356,8907
7356,2218
7356,7881
7356,3039
7356,9033
7356,8813
7356,8638
7356,8122
7356,7994
7356,617
7356,9046
7356,693
7356,9012
7356,8886
7356,8967
7356,6426
7356,8108
7356,4186
7356,8337
7356,5892
7356,839
7356,8930
7356,8890
7356,1612
5471,80
7356,6396
7356,8876
7356,167
7356,2964
7356,5738
7356,2808
7356,9052
7356,3433
7356,7437
7356,8958
7356,9008
7356,8950
7356,8825
7356,8125
7356,1926
7356,2661
7356,770
7994,7995
7356,8906
7356,8970
7356,8856
7356,8384
7356,7246
7356,2434
7356,8834
7356,8940
7356,6580
7356,63
7356,5351
7356,4358
7356,8848
7356,8486
7356,9000
7356,918
7356,9021
7356,8815
7356,8857
7356,5101
7356,7026
7356,3229
7356,3329
7356,8900
7356,6706
7356,692
7356,3013
7356,4060
7356,8898
7356,8973
7356,1735
7356,7358
7356,5120
7356,8916
7356,7405
7356,998
7356,4360
7356,8247
7356,7398
7356,3290
7356,8928
7356,8746
7356,8663
7356,8862
7356,7285
7356,4815
7356,5221
7356,5070
7356,8917
7356,7317
7356,7536
7356,3652
7356,5849
7356,7986
7356,8996
7356,260
7356,8833
7356,8088
7356,8937
7356,8734
7356,1564
7356,2436
7356,5189
7356,720
7356,9040
7356,8897
7356,420
7356,6163
7356,7654
7356,8893
7356,5360
7356,6053
7356,8894
7356,5186
7356,5176
7356,9010
7356,619
7356,1038
7356,8954
7356,7817
7356,9005
7356,7445
7356,1522
7356,43
7356,5275
7356,8949
7356,8389
8486,49
7356,7618
7356,849
7356,9002
7356,9060
7356,8816
7356,1426
7356,5378
7356,4513
7356,5354
7356,8805
7356,8832
7356,5879
7356,8977
7356,8878
7356,5254
7356,5037
7356,8270
7356,9064
7356,8966
7356,3101
7356,4610
7356,2054
7356,152
7356,6077
7356,2099
7356,5178
7356,7689
7356,4069
7356,5317
7356,1413
7356,6679
7356,8873
7356,859
7356,3371
7356,564
7356,8942
7356,6660
7356,7550
7356,496
7356,8920
7356,8948
7356,4742
7356,294
7356,8806
7356,8951
7356,4900
7356,8272
7356,5060
7356,8828
7356,9020
7356,7025
7356,3188
7356,1684
4385,49
7356,6531
7356,4823
7356,1953
7356,1014
7356,8877
5324,49
7356,4806
7356,5223
7356,3810
7356,3588
7356,9073
7356,7097
7356,460
7356,3321
7356,281
7356,8987
7356,4992
7356,8184
7356,8965
7356,871
7356,4266
7356,5190
7356,4819
7356,1887
7356,8126
7356,8294
7356,8281
7356,5047
7356,5074
7356,4615
7356,5491
7356,8874
7356,7780
7356,6522
7356,3719
7356,4600
7356,8963
7356,3664
7356,8067
7356,7411
7356,212
7356,9069
7356,8003
7356,4963
7356,4255
7356,4585
7356,9044
7356,7439
7356,9027
7356,8634
7356,7939
7356,3224
7356,395
7356,8675
7356,8844
7356,4409
7356,811
7356,9022
7356,1811
7356,7956
7356,3425
7356,8787
7356,3960
7356,5285
7356,5148
7356,8227
7356,5878
7356,7422
7356,7072
7356,7621
7356,2425
7356,3183
7356,8835
7356,6303
7356,8162
7356,8999
7356,5262
7356,917
7356,233
7356,8758
7356,4496
7356,7861
7356,5628
7356,3234
7356,8802
6418,214
7356,7925
7356,8936
7356,5068
7356,6585
7356,786
7356,5098
7356,5358
7356,5318
7356,9025
7356,5180
7356,7434
7356,2301
7356,6375
7356,7838
7356,5040
7356,826
7356,7080
7356,920
2301,2302
7356,7408
7356,9029
7356,7024
7356,6508
7356,1758
7356,4816
7356,5172
7356,7771
7356,9061
7356,774
7356,4511
7356,4632
7356,5276
7356,8355
7356,7757
7356,188
7356,8872
7356,4981
7356,5260
7356,5582
7356,4117
7356,5171
7356,1734
7356,8065
7356,8927
4069,49
7356,5031
3234,49
5354,49
7356,5783
7356,4669
7356,2308
7356,1709
7356,2249
7356,8366
7356,8807
7356,5373
7356,6232
7356,8922
7356,8875
7356,3025
7356,2209
7356,5064
7356,795
7356,3725
7356,4391
7356,9034
7356,6282
7356,914
7356,5323
7356,668
7356,6510
7356,8596
7356,3582
7356,1517
7356,300
7356,6606
7356,5200
7356,5287
7356,8152
7356,5286
7356,5092
7356,5139
7356,5066
7356,7819
7356,5202
5176,1752
7356,5321
7356,7312
7356,204
7356,7115
7356,4003
7356,5349
7356,4984
7356,2107
7356,925
7356,5386
7356,4556
7356,5133
7356,1403
7356,6311
7356,4866
7356,5109
7356,8420
7356,2131
7356,5175
7356,9015
7356,2978
7356,1907
7356,8105
7356,6185
7356,4827
7356,6421
7356,5011
7356,8507
7356,5880
7356,1521
7356,9014
7356,5362
7356,7708
7356,3055
7356,5018
7356,4108
7356,2278
7356,359
7356,5106
7356,4424
7356,5399
7356,7435
7356,5204
7356,5775
7356,7017
7356,5242
7356,5135
7356,5466
7356,1368
7356,1766
7356,8804
7356,2256
7356,5146
7356,1618
7356,7186
7356,453
7356,8043
7356,4957
7356,2095
7356,344
7356,6521
7356,4846
7356,4693
7356,8498
7356,618
7356,5251
7356,7966
7356,4766
7356,7648
7356,8041
7356,6083
7356,812
7356,3034
7356,5231
7356,9053
7356,6815
7356,2676
7356,8845
7356,5085
7356,9019
7356,2225
7356,9031
7356,7885
7356,4495
7356,5210
7356,3243
7356,8618
7356,6766
7356,8882
7356,8859
7356,5294
7356,4004
7356,1700
7356,5776
7356,8809
7356,4099
619,620
7356,3962
7356,4715
7356,2196
7356,4964
7356,4997
7356,9059
7356,8660
7356,584
7356,3194
7356,4990
7356,6664
7356,565
7356,4978
8746,620
5135,49
2308,49
584,49
70,71
6421,49
4391,49
1734,49
8443,72
6510,4683
70,71
145,8239
7780,49
1522,49
7423,5232
1135,6472
8443,72
70,71
3498,6546
7819,42
1887,49
5171,1956
3960,49
7819,42
7356,4504
7356,7826
7356,9070
7356,5632
7356,7210
7356,4543
7356,5325
7356,2680
7356,736
7356,2040
7356,5268
7356,2916
7356,3915
7356,7766
7356,4838
7356,2927
7356,4102
7356,635
7356,7533
7356,6662
7356,2248
7356,8946
7356,3929
7356,1704
7356,6591
7356,7392
7356,9035
7356,1976
7356,4022
7356,4839
7356,2013
7356,4592
7356,5364
7356,8143
5186,5624
1135,1135
8143,49
8660,49
7507,5306
145,4098
7550,941
5175,49
5254,49
5285,49
70,71
66,2441
6766,66
5210,7813
7356,2056
7356,5128
7356,7553
7356,7506
152,151
66,2894
2441,49
49,1135
6077,151
9015,49
420,151
8125,49
2894,49
5287,49
66,2465
9168,66
1956,49
66,2566
5231,7151
7911,223
1684,49
453,49
4190,51
5466,49
1700,1701
66,2747
9168,9171
1976,49
6531,49
6815,49
4266,362
4766,4767
70,71
3188,49
8088,49
72,49
4766,233
8275,1679
1679,49
4632,49
5738,49
6606,49
7986,49
8041,49
5171,1956
1135,6472
8065,49
70,71
4424,49
1489,164
70,71
4556,4557
3929,49
5373,49
8652,135
6510,4683
5242,49
8443,72
5028,6326
72,49
4557,49
4098,3783
4070,212
5707,5024
197,66
4070,4069
1956,49
4069,49
5133,49
233,49
4615,49
5306,49
7657,5881
2566,12
8443,72
5881,49
72,49
5112,5882
8003,49
8212,7822
5880,5881
5882,49
2013,49
66,2441
5139,4765
2441,49
5881,49
2256,49
1135,6469
5202,4976
214,1807
214,6273
4976,49
2054,49
1758,49
145,4098
197,66
214,1807
565,49
5321,49
5178,49
4098,3783
5622,66
70,71
214,6273
145,4098
7151,49
8355,49
4984,49
1135,6469
70,71
4358,145
1612,145
9012,145
4992,145
260,145
6163,145
3371,145
4806,145
9020,145
3582,49
4839,49
4190,51
5434,5435
7422,145
3025,145
1752,145
1521,145
3725,145
8366,145
5878,49
5146,49
380,49
9168,9170
6273,214
1807,214
7956,49
5018,49
1135,6484
66,2511
1135,6472
6232,49
188,49
214,6273
214,1807
9156,66
6273,214
1807,214
70,71
3717,3773
617,49
4108,49
8443,72
9029,49
1135,6489
5040,66
3773,214
1135,6483
4473,4475
4473,4474
4473,1937
4823,49
5364,9208
1135,6483
4513,49
1135,6483
4543,1518
9208,49
4475,49
72,49
4543,1518
1135,6483
4004,4006
66,2808
4846,49
5223,49
5251,49
1135,6501
9025,49
9349,66
7939,49
6083,49
223,2441
6282,2332
6646,743
2441,49
2332,49
7340,66
5434,5435
1135,6501
7553,145
9167,743
6155,743
7994,7995
1135,6470
8515,743
1709,49
5232,49
7662,49
555,557
7662,49
9027,49
7460,49
7602,66
6801,1568
70,71
362,145
7460,49
6679,49
3962,49
1135,6497
6151,6151
70,71
2978,49
7662,49
795,49
1135,6499
6510,4683
1135,6495
1135,6495
7246,49
6508,49
1907,49
1135,6495
7460,49
4496,4498
5879,49
786,49
6622,1520
8131,867
7621,7292
4816,49
1520,49
9014,49
49,3297
4979,5734
5172,49
1487,8528
5180,49
3783,145
1135,6480
5386,49
5262,49
5360,49
8275,1679
7460,49
4693,49
1679,49
70,71
4815,4817
9160,9161
9053,49
7648,49
9090,7246
7506,49
9161,49
3224,3225
66,2591
9168,66
7246,49
1953,949
920,921
4817,49
5106,49
1135,1135
555,559
9031,807
1135,6495
5011,49
4511,49
1618,49
559,214
6510,4683
1135,6480
1135,6495
8420,49
6375,49
4409,49
1135,6495
3783,145
7654,49
5068,49
1704,49
1135,6480
1135,6500
5325,49
300,49
1135,6500
4765,49
1135,6500
1135,6500
70,71
9284,5540
4102,49
8122,49
555,558
70,71
70,71
5294,49
5317,49
5774,5776
7662,49
4990,5468
4990,5468
4990,5468
4990,5468
4990,5468
4990,5468
4990,5468
4990,5468
71,49
7838,49
5286,49
66,2396
70,71
5491,4009
6580,49
71,49
5491,4009
812,813
2056,49
8731,66
8731,66
9019,49
5260,49
6801,1568
4504,49
4990,5468
4990,5468
42,49
5109,49
743,49
1937,145
4990,5468
3229,49
49,555
212,49
4186,49
70,71
71,49
8270,49
4190,51
5783,49
6510,4683
66,2568
7731,66
1135,6500
2676,246
6053,49
1926,49
2095,2096
70,71
7767,7769
70,71
246,214
5120,7248
7248,49
7662,49
71,49
5145,4659
66,2712
4109,66
4659,49
1135,6481
344,49
7662,49
7811,66
1135,6481
8091,66
8443,72
5318,49
861,49
1568,145
6151,145
1135,6500
920,921
7789,66
7548,7549
72,49
7549,49
5695,30
70,71
8443,72
1135,6481
71,49
72,49
7533,49
70,71
8443,72
8131,867
3474,6048
2676,246
1135,6481
246,214
72,49
5632,49
71,49
66,2625
8443,72
5463,66
4474,49
72,49
347,49
2625,214
325,326
2169,1639
1135,6500
5463,66
223,3781
66,2439
66,2625
2625,214
5047,49
2988,49
49,3514
1135,6471
326,49
7017,49
7536,49
3475,2177
66,2439
2177,49
6048,49
9069,49
8443,72
4190,51
2248,49
72,49
7186,4710
1135,6471
70,71
2439,3107
71,49
7881,49
8337,49
49,2232
70,71
70,71
71,49
5734,49
5085,49
71,49
111,1122
7460,49
564,49
70,71
8713,3961
4544,3961
5028,3672
71,49
3961,49
3672,49
70,71
70,71
71,49
4495,49
8294,49
5540,145
3474,6048
5378,49
8596,49
6048,49
145,908
5695,30
223,2274
8131,8132
908,214
9064,49
4669,49
8443,72
9109,2914
5276,49
8275,1679
70,71
72,49
1679,49
71,49
4767,4768
1135,3572
111,1150
5362,49
618,49
4819,49
8132,111
1135,3572
8155,8156
7662,49
839,49
2196,49
49,3717
2322,1685
274,275
274,275
1426,49
5776,49
7312,49
4374,4375
1568,145
4190,51
8384,7636
252,30
49,1378
7636,49
3425,49
1135,6494
5137,7376
3717,3773
223,2568
111,1112
3773,214
4374,4375
5695,30
5775,49
7376,49
8043,49
111,1198
49,3717
3638,7342
7210,1477
6510,4683
3717,3773
66,2353
7210,1477
145,891
3773,214
7210,1477
7210,1477
4099,49
620,49
66,2313
7210,1477
7210,1477
7210,1477
9348,4243
8515,743
7210,1477
9348,4243
7342,49
743,49
4243,49
49,3491
7210,1477
7210,1477
2255,2140
7210,1477
7210,1477
111,1088
70,71
7621,1938
7210,1477
71,49
4243,49
5060,49
49,3723
66,2894
7210,1477
2894,49
5066,49
4022,49
111,1026
66,2563
1135,6481
66,1757
7313,181
3957,66
7313,181
7662,49
1757,49
4978,49
111,1088
4990,5468
2561,2563
4990,5468
1088,1313
2561,2563
252,30
70,71
70,71
1403,49
66,2556
49,3539
4592,49
2561,2563
3664,7970
2563,5730
3539,80
2302,49
2556,49
71,49
1088,1313
252,30
1160,6867
180,181
1766,49
914,49
1517,49
2563,2561
588,589
70,71
2107,2108
8021,66
70,71
7267,2302
7460,49
111,1313
8021,66
2108,49
71,49
430,30
66,2599
4365,66
2302,49
66,2772
66,2843
71,49
49,3765
7662,49
762,763
2843,214
5189,3933
9035,49
7618,49
214,1468
7708,49
49,3676
3933,49
783,49
111,1081
8067,49
66,2772
7951,49
1135,6474
5070,49
167,49
49,3622
2131,49
3839,4374
8443,72
70,71
72,49
941,49
5064,49
8367,4374
3664,7970
3765,8671
891,355
3583,355
3336,355
3364,355
5706,355
1415,355
3558,355
354,355
3699,355
3664,7970
3507,355
3359,355
2450,355
2518,355
3350,355
7822,355
1318,355
3840,355
6146,355
3664,7970
3664,7970
3664,7970
3664,7970
3664,7970
3664,7970
71,49
3055,49
5323,49
66,2552
3664,7970
3101,3103
111,1280
111,1026
111,1313
111,1177
111,1105
2552,49
8758,49
281,49
9038,5581
66,2539
430,30
5581,49
5628,49
4600,49
1135,6464
4190,51
4997,49
4957,49
1177,7078
4255,49
7885,49
3594,1271
3594,1271
70,71
7445,49
7662,49
71,49
8389,8390
3594,1271
6510,4683
783,49
7080,49
8275,1679
111,1026
1679,49
2249,49
6816,6045
66,2754
4003,49
7909,4658
49,3531
66,652
652,214
3537,4500
783,49
8663,49
6591,49
49,3595
3595,214
2353,145
145,4030
2988,49
4500,49
4060,49
1135,6474
8778,2589
6157,2589
2313,145
7925,2589
5221,49
2589,49
1177,38
2914,49
6942,2589
5887,2589
7861,7369
8203,2191
1177,38
66,2076
2191,49
70,71
2589,49
1938,145
111,1224
3491,145
2140,145
2076,214
7297,66
1177,38
8156,49
49,3503
145,4030
52,53
8443,72
5821,7209
783,49
9167,743
8603,675
111,1088
70,71
111,1338
471,12
2037,53
2462,4030
72,49
49,3503
5821,7209
70,71
3503,12
28,30
5821,634
1785,1789
1785,1786
1785,1791
1785,1790
1785,1795
1785,1796
1785,1793
1785,1792
1785,1787
1785,1794
1785,1788
743,49
7209,49
49,3616
2439,12
8443,72
159,38
3616,12
7662,49
8695,12
70,71
2080,1599
151,12
159,38
78,80
111,1243
72,49
1599,49
49,3387
7662,49
223,3781
2599,145
70,71
71,49
8675,49
9041,49
1598,1599
3697,80
1598,1599
70,71
1599,49
70,71
5624,49
49,2671
468,12
66,2581
2671,12
71,49
3387,12
7995,49
1701,49
49,3750
8443,72
151,12
66,2581
72,49
151,12
8051,12
7662,49
949,49
2169,12
8603,8604
4006,49
5024,49
2581,12
921,49
49,3548
49,920
111,1336
6938,12
2096,49
867,49
4498,49
4683,49
4768,49
5435,49
7408,49
4117,49
7434,49
6326,49
589,49
1518,49
53,49
4710,49
3622,49
9059,49
7817,49
920,921
4658,49
2568,49
7813,49
3572,49
925,49
3514,49
5468,49
7823,66
3103,49
1378,49
111,1088
1639,49
6521,49
557,49
8390,49
214,7508
9171,49
7292,49
813,49
4009,49
2712,49
2772,49
2754,49
70,71
6045,49
921,49
49,3751
49,356
807,49
675,49
71,49
356,49
7369,49
558,49
7508,49
145,2176
1487,12
8443,72
3720,4153
2483,12
1250,12
2176,49
66,2614
145,5553
145,8233
145,3562
145,8077
145,4500
145,7931
145,8226
145,942
145,5206
145,3089
145,6590
145,5770
145,8234
145,550
145,8241
145,5706
1487,12
145,8244
145,8235
3751,12
145,2137
111,1024
7587,2589
5206,49
4500,49
550,49
7662,49
8234,49
5770,49
3089,49
2614,49
49,3362
72,49
2137,49
8077,49
3362,49
8244,49
4153,49
1079,12
2589,49
6252,66
7931,49
5553,49
6590,49
555,558
49,2504
70,71
8443,72
71,49
72,49
66,2546
151,642
1135,6500
4190,51
111,1088
642,49
558,49
1601,66
66,2701
6902,66
2701,49
7957,66
6775,12
70,71
8385,23
70,71
71,49
2546,49
214,3100
3100,49
812,813
49,3536
70,71
4840,2578
70,71
71,49
813,49
145,376
145,4135
2578,49
145,376
3536,12
145,4135
66,2135
145,4135
7861,7369
214,3100
66,2470
8443,72
5037,6406
376,49
375,381
2135,49
7755,558
375,381
375,381
4135,49
3100,49
7369,49
49,3428
8443,72
66,2534
5165,7352
72,49
6406,49
4840,2578
2534,49
66,2844
812,813
145,227
2733,12
2504,4579
2844,49
558,49
783,49
2578,49
813,49
227,49
2565,12
49,847
2916,201
145,891
145,769
7662,49
3428,49
145,5822
1298,12
66,2353
49,3562
7507,5306
5037,6406
1141,12
223,2568
223,2568
5306,49
6457,12
6406,49
5822,49
2568,49
70,71
111,1026
66,1206
70,71
111,1342
3788,12
71,49
7313,181
2568,49
70,71
66,1141
1206,12
2434,12
847,12
71,49
7662,49
180,181
8515,743
66,1757
5533,181
6155,743
223,2441
66,2589
182,181
9167,743
2441,49
2589,49
7460,49
2927,66
7662,49
1691,181
1757,49
743,49
214,8696
70,71
4340,558
2916,201
7748,201
7662,49
743,49
71,49
201,49
66,2422
7181,589
589,49
8443,72
70,71
276,277
72,49
558,49
4070,4069
7745,7746
71,49
276,277
111,1088
4070,6815
70,71
4069,49
7746,49
66,2527
111,1279
6815,49
70,71
71,49
49,3304
66,309
71,49
7460,49
1263,799
2527,49
7788,12
111,1015
49,3717
309,28
49,908
49,3629
908,214
2591,214
3717,3773
3629,49
3773,214
66,309
28,29
1358,3891
29,49
6305,6306
2169,1639
7052,66
8603,8606
3891,49
1639,49
5494,189
6305,6306
6305,6307
111,1279
8606,49
5101,5101
111,1286
66,2385
3366,4470
3250,558
6307,49
8667,66
5494,461
5666,558
3366,4470
6305,760
5517,558
66,2608
558,49
8505,558
7041,66
7150,558
461,12
8667,66
6305,6308
558,49
49,3782
66,2608
8729,6590
5494,12
3194,66
5101,5101
66,2701
783,49
3366,4470
3782,49
6308,49
6590,49
3366,4470
8729,6590
1330,12
2701,49
7041,66
6590,49
49,3717
3366,4470
6346,66
49,3509
3717,3773
7352,145
3773,214
6402,558
558,49
7567,558
70,71
71,49
7460,49
558,49
111,1233
1233,214
8680,2229
2353,145
783,49
2229,214
49,3773
2242,2243
2898,12
2483,12
2242,2243
111,1279
1636,558
8147,558
214,9304
1543,558
6254,558
558,49
8443,72
8442,558
1808,558
2242,2244
111,1298
9258,558
5230,8202
111,1250
66,2491
5310,465
558,49
72,49
111,1279
70,71
49,3362
71,49
465,49
2898,12
3321,607
309,29
2026,2027
70,71
66,1479
7662,49
1479,49
71,49
2027,49
2539,5477
754,759
754,755
754,758
2539,5477
29,49
758,49
754,755
49,2816
111,1088
666,66
2816,214
2145,6920
6920,49
7460,49
3362,49
49,2816
5477,12
2816,214
2948,12
5230,8202
70,71
66,2816
2816,214
754,758
71,49
49,3354
5230,8202
6039,848
848,49
758,49
49,3522
111,1279
66,2582
1974,1975
3522,214
66,2619
111,1279
5230,8202
5477,2539
754,759
2619,49
66,2380
3354,12
1192,12
2739,12
49,3324
2582,12
6039,848
6775,12
848,49
7662,49
5230,8202
49,3717
8202,5230
7329,12
8202,5230
3717,3773
70,71
8202,5230
66,2728
66,2895
3773,214
111,1336
111,1244
2728,49
2895,49
8443,72
71,49
3354,12
4313,5122
7757,7758
8603,6110
7758,49
5622,66
214,8460
7542,3855
72,49
6110,49
8108,38
6462,909
1284,6429
145,5688
909,49
5204,5846
8443,72
5688,214
72,49
5846,49
214,9304
70,71
1284,6429
71,49
49,3717
3717,3773
3235,66
3773,214
111,1160
783,49
49,179
1368,66
2988,49
70,71
995,12
70,71
111,1172
1284,6429
4535,66
71,49
179,49
1284,6429
1284,6429
66,834
3500,4790
1284,6429
71,49
1172,49
4790,49
834,49
49,3667
309,310
8719,12
309,310
7662,49
49,3636
4313,6506
70,71
5120,7248
7662,49
9160,9161
8443,72
7248,49
5092,7062
72,49
71,49
70,71
5145,4659
111,1051
6912,314
70,71
9161,49
4659,49
71,49
49,111
5092,7062
111,1088
3207,12
5474,5475
66,2381
49,3567
49,3324
145,4135
4135,49
5475,49
4979,5734
70,71
5600,1581
1581,214
5613,12
5734,49
145,891
111,1127
5474,5475
9154,236
8443,72
2919,66
9154,5206
111,1348
5582,5583
5475,49
71,49
236,49
72,49
5206,49
49,3640
66,2450
145,2216
9154,4950
111,1127
4979,5734
2066,2067
3638,7342
4979,5734
4950,49
2066,2067
145,891
8460,145
7342,49
5734,49
4979,5734
7662,49
5734,49
1603,4387
7662,49
4979,5733
145,6324
70,71
6352,3234
3234,49
71,49
6324,49
1794,8797
66,2591
70,71
2591,214
71,49
7662,49
4362,66
111,1050
6250,66
314,6912
111,1050
314,6912
111,1152
6352,3234
6148,66
8126,8127
111,1028
8127,49
7662,49
1613,1615
5713,5685
1613,1615
49,111
6148,66
145,5265
3667,145
1613,1616
111,1081
7745,7746
70,71
1613,1614
71,49
7746,49
111,1088
1634,66
314,6912
49,908
111,1061
908,214
7062,145
6912,314
783,49
1061,49
7062,145
1051,145
70,71
111,1279
70,71
6912,314
2169,1639
4193,66
71,49
1639,49
111,1279
214,4595
111,1279
111,1350
111,1279
7460,49
49,3329
49,3668
7662,49
7460,49
49,2231
2231,12
152,151
8443,72
49,111
8275,1679
70,71
151,12
1679,49
71,49
49,377
49,3550
1794,5875
8443,72
8443,72
72,49
4535,66
5583,145
72,49
49,3781
5875,49
7460,49
49,3706
3857,3550
8498,66
8443,72
7662,49
783,49
49,3550
49,3781
70,71
71,49
72,49
70,71
70,71
5733,145
70,71
214,9295
111,1088
145,8222
7460,49
71,49
214,3238
1794,5875
3769,12
6827,12
1705,1706
3238,49
1706,49
5875,49
6842,66
6383,12
49,3662
7662,49
7460,49
49,3632
70,71
6825,6827
4473,4475
4473,4474
4473,1937
8342,2302
8342,2302
4475,49
4474,49
1794,5875
71,49
7460,49
2301,2302
2302,49
5875,49
49,3756
7460,49
2302,49
49,2506
577,578
578,49
111,570
70,71
71,49
49,3729
111,1283
3383,4797
66,2404
8287,1937
4797,49
49,3306
70,71
70,71
8287,1937
49,3855
8287,1937
71,49
7460,49
8287,1937
8287,1937
8287,1937
70,71
7662,49
2563,2561
6044,6045
49,3342
3342,214
71,49
66,1133
6045,49
8760,66
6044,634
111,1338
8760,66
6816,634
6529,66
49,3342
70,71
3342,214
71,49
49,3769
70,71
7460,49
71,49
49,3696
3769,12
111,1205
8367,4374
4190,51
6134,12
111,1232
111,1066
3706,145
783,49
66,2507
111,1279
9327,8331
111,1310
151,12
7648,49
49,3747
111,1227
7648,49
49,3747
7917,6257
111,1205
49,605
111,1347
6257,49
111,1339
7771,7208
1937,145
7648,49
7208,49
7507,5306
1133,6442
1133,6442
9160,9161
7917,6257
9161,49
5306,49
6257,49
111,1205
111,1205
49,3155
2506,145
5203,1962
6622,1520
7460,49
9327,8331
145,4963
3069,2249
1520,49
3753,2417
7460,49
111,1205
783,49
2249,49
111,1049
3155,5869
8443,72
1937,145
1937,145
1937,145
1049,49
5869,49
7648,49
4559,2189
4614,3929
3929,49
2189,49
1937,145
8443,72
72,49
4437,4438
1937,145
8443,72
4438,214
4070,4069
66,1690
4069,49
72,49
49,3846
111,1125
8331,4192
3846,49
4192,49
7460,49
2483,4324
8443,72
72,49
7460,49
7662,49
66,772
772,49
7662,49
3753,2397
1135,6491
111,1291
111,1182
1182,49
49,634
673,66
66,1719
1719,12
8443,72
111,1066
72,49
8443,72
111,1342
72,49
49,3695
49,111
1133,6442
9253,66
66,2554
7662,49
2554,49
214,9315
577,12
49,3342
1166,6632
3342,214
6632,49
111,1279
111,1279
70,71
214,212
111,1279
6765,634
5327,9089
111,1279
111,1279
71,49
212,49
8443,72
9089,49
49,3539
2088,529
72,49
529,49
3539,80
66,2747
5310,465
937,214
465,49
1232,12
1135,6476
5145,4659
7662,49
111,450
9160,9161
9161,49
4659,49
8713,3961
111,1279
8713,3961
783,49
3961,49
2953,937
5103,1713
8367,4374
8367,4374
7662,49
2221,2223
1135,1135
4946,3220
4190,51
5310,465
2223,49
937,163
4946,3220
8594,806
806,49
465,49
8443,72
1713,49
3220,49
111,994
70,71
72,49
71,49
937,1414
937,1477
937,1478
783,49
49,3555
937,1408
7460,49
937,1468
159,160
937,1445
111,1279
111,1279
111,1279
111,1053
111,1279
937,1233
1445,49
1478,49
160,49
49,3593
937,1485
1233,214
111,1130
5310,465
1485,214
9327,12
7662,49
783,49
1135,6463
111,1334
66,2450
2953,937
465,49
1135,6064
8443,72
937,214
72,49
49,3632
1135,6487
4955,160
5171,1956
70,71
1135,1135
1956,49
71,49
7825,66
305,66
4955,160
160,49
5120,7248
6169,12
7825,66
7248,49
7662,49
160,49
49,3781
2221,2223
1135,6488
2223,49
49,1487
5207,7732
1135,1135
1177,38
7732,49
5704,66
7648,49
49,3539
66,2682
3539,80
7662,49
7963,1859
8443,72
1135,6502
70,71
72,49
1859,49
49,3709
3697,80
1135,1135
3224,3226
4796,66
5892,5893
6303,6304
3226,49
7460,49
71,49
6259,2229
5893,49
4979,5733
6304,49
2229,214
1358,3891
783,49
49,3438
6765,634
3891,49
6765,634
4796,66
66,2682
8152,66
6765,634
7648,49
8174,8175
2682,12
66,2417
3224,2031
214,7436
6510,4683
4683,49
1135,1322
8174,8175
214,7418
214,6261
937,164
1135,1322
3224,2031
66,630
49,3729
70,71
1135,1322
70,71
70,71
8174,8175
1135,1322
71,49
630,49
66,630
4679,1704
8174,66
630,49
1704,49
8174,66
1135,1322
8443,72
4679,1704
66,2867
8174,66
811,1582
72,49
783,49
1704,49
7265,5471
5310,465
1582,49
783,49
49,3578
2867,12
465,49
49,151
70,71
70,71
70,71
7265,5471
8556,2338
71,49
2338,49
70,71
70,71
8443,72
7356,5071
7662,49
7356,8814
7356,3594
7356,8900
7356,2964
7356,9062
7356,8907
7356,8848
7356,8924
7356,8868
7356,8212
7356,8663
7356,3480
7356,6008
7356,3693
7356,8880
7356,2680
7356,5715
7356,4504
7356,998
7356,3664
4650,2338
7356,8892
7356,554
7356,8024
7356,8638
7356,9028
7356,5563
7356,8950
7356,420
7356,9012
7356,3652
7356,9000
7356,5776
7356,7751
7356,8973
7356,9033
7356,3290
7356,4186
7356,3734
7356,7437
7356,3433
7356,5120
7356,8958
49,3706
7356,8633
7356,9052
7356,2661
7356,8825
7356,6396
7356,4385
7356,8886
7356,9046
7356,3751
7356,6892
7356,8975
49,3342
7356,2918
7356,8891
7356,8884
7356,8906
7356,6580
7356,9009
7356,8082
7356,167
7356,5865
7356,8926
7356,4973
7356,2808
7356,7405
7356,2916
7356,7185
7356,2218
7356,7358
7356,6146
7356,8937
7356,8856
7356,8940
7356,3013
7356,8899
7356,8813
7356,918
7356,8967
7356,8734
7356,6462
7356,8815
7356,3229
7356,1413
7356,2170
7356,8067
8443,72
7356,7026
7356,7826
7356,5070
7356,770
7356,4543
7356,7553
7356,7620
7356,7422
7356,9040
7356,7398
7356,3588
7356,736
7356,6706
7356,8384
7356,8746
7356,8486
7356,3329
7356,8928
7356,152
7356,1926
7356,8247
7356,8897
7356,8873
7356,1612
7356,8916
7356,8996
7356,7285
7356,8857
7356,7536
7356,7626
7356,7986
7356,5101
7356,839
7356,9021
3342,214
7356,7881
7356,8877
7356,5399
7356,4360
7356,1735
7356,619
7356,5001
7356,33
7356,8862
7356,2040
7356,7317
7356,5360
7356,5225
7356,8917
7356,8876
7356,7210
7356,1564
7356,861
7356,5189
7356,8833
7356,564
7356,4358
7356,5378
7356,5317
7356,5178
8654,5024
7356,7817
7356,6438
7356,1684
7356,2436
7356,281
7356,8966
7356,3039
7356,43
7356,8947
7356,5060
7356,2927
7356,1953
7356,8806
7356,7125
7356,6660
7356,6679
7356,5176
7356,9010
7356,5351
7356,3101
7356,395
7356,496
7356,8898
7356,8270
7356,4610
7356,2434
7356,871
7356,8805
7356,9060
7356,6053
7356,8272
7356,3810
7356,8088
7356,3371
7356,7550
7356,1038
7356,8965
7356,294
7356,875
7356,9020
7356,8951
7356,5324
7356,8281
4385,49
7356,7689
7356,7024
7356,5254
7356,3915
7356,8389
7356,8894
7356,2099
7356,9005
7356,8828
7356,8834
7356,7025
7356,3719
7356,7618
7356,8954
7356,4806
7356,1522
7356,7654
33,49
7356,5190
7356,4255
7356,5354
3734,49
7356,4513
7356,8816
7356,3321
7356,5131
7356,1014
7356,233
7356,2054
7751,49
7356,460
7356,8948
7356,5223
7356,8878
7356,8920
7356,8227
7356,6163
7356,4266
7356,6531
7356,4900
5225,214
2170,214
7356,5128
72,49
7356,8294
7356,3188
7356,5325
7356,7445
7356,693
7356,5318
7356,7411
9028,49
7356,1521
7356,4496
7356,8835
7356,7080
7356,5685
7356,4819
7356,8787
7356,8874
7356,5056
7356,4615
7356,5491
1653,12
7356,6522
7356,7780
7356,1426
7356,5031
7356,9064
7356,8634
7356,4815
5715,49
7356,9055
7986,49
5360,49
7356,8126
7356,4600
7356,7097
7356,5262
7356,9044
7356,7533
7356,4992
7356,7838
7356,5878
7356,5285
7356,849
7356,8184
7356,5148
7356,8936
7356,5037
7356,8366
7356,3960
7356,4102
7356,8675
7356,3234
7356,4409
7356,6303
7356,917
7356,2425
7356,811
7356,4742
7356,4823
7356,5068
7356,5040
7356,5358
7356,8802
5176,1752
4186,49
7356,4585
7356,8003
7356,920
7356,7439
7356,692
7356,7956
7356,8963
7356,8162
7356,786
3229,49
7356,8758
7356,9069
7356,5098
7356,7072
7356,5879
7356,9029
7356,7925
7356,8065
7356,1734
7356,8844
7356,7621
7356,5172
7356,8800
7356,2209
861,49
5865,49
7356,8999
7356,4511
7356,5582
7356,6375
7356,6232
7356,7434
1752,145
7356,3929
7356,4816
7356,7771
7356,826
7356,8807
554,49
7881,49
7356,5323
214,2871
5776,49
7356,5628
7356,8875
7356,300
7356,5186
7356,8946
7356,7506
7356,5783
7356,4391
7356,4981
7356,3224
7356,1758
7356,5276
7356,9034
7356,7757
7356,9061
7356,8927
7356,8977
7356,5204
8067,49
7356,720
7356,4963
7356,859
7356,4117
7356,3025
7356,4838
7356,6457
7356,2308
7356,2056
7356,4669
7356,4003
7356,5249
7356,3725
7356,9002
7356,7939
7356,4632
7356,6585
7356,8872
7356,2301
7356,8355
7356,7408
7356,2249
7356,6510
7356,6606
7356,1709
7356,668
7356,795
7356,5064
7356,7312
7356,5180
7356,8152
7356,8596
2301,2302
2301,2302
2301,2302
7356,204
7356,5133
7356,5092
167,49
5070,49
7356,2248
7356,6591
7356,7861
7356,8845
7356,2278
7356,212
2308,49
7356,7819
7356,5880
7356,8882
7356,5251
7356,7435
7356,5386
7356,3055
7356,6185
7356,5112
7356,3183
7356,5286
5354,49
7356,8804
7356,4984
7356,5260
7356,5066
7356,5109
7356,5362
7356,1976
7356,7246
7356,5106
7356,1517
7356,2107
7356,8420
7356,4500
7356,1907
7356,7708
7356,7115
7356,925
7356,4108
7356,6282
7356,5011
8486,49
7356,5202
7356,5349
7356,8922
7356,9014
7356,6815
7356,324
7356,6421
7356,7648
7356,8105
7356,2131
7356,4556
7356,8809
7356,1403
7356,4424
7356,5139
7356,7017
7356,9015
7356,359
7356,5231
7356,2978
7356,5242
7356,8507
7356,5466
7356,2256
7356,1766
7356,4069
7356,4022
7356,2095
7356,9035
7356,7966
7356,1618
7356,5146
7356,5135
7356,4827
3234,49
4391,49
7356,5175
7356,3194
7356,8143
7356,4839
7780,49
3960,49
1522,49
7356,4846
7356,1368
7356,4766
7356,4693
7356,8043
7356,453
7356,5018
7356,9053
7356,4866
7356,5775
7356,812
5254,49
7356,8041
7356,6083
5285,49
7356,5085
7356,5210
7356,8129
7356,4990
7356,7186
7356,1704
7356,1700
7356,5294
7356,618
7356,2013
7356,4997
7356,9031
7356,4099
7356,3034
7356,9019
7356,7392
7356,4004
7356,4715
7356,8618
7356,2676
7356,3962
7356,2225
7356,4495
7356,7885
3188,49
7356,6766
7356,4964
7356,6521
4990,5468
4990,5468
7356,9059
7356,4957
7356,4592
7356,8498
7356,5014
7356,5364
7356,2196
7356,8859
4990,5468
2871,49
8065,49
4632,49
8088,49
7356,4978
7356,6664
3929,49
6510,4683
4615,49
8003,49
70,71
233,49
5178,49
4500,49
8355,49
1758,49
2054,49
5135,49
6421,49
4766,4767
6531,49
1976,49
1734,49
8143,49
5466,49
1684,49
453,49
4069,49
9015,49
5175,49
7012,1536
6815,49
6606,49
8041,49
4766,4768
1700,1701
5242,49
5133,49
2013,49
111,1150
4984,49
2256,49
4839,49
5878,49
5146,49
7956,49
4108,49
5018,49
6232,49
9029,49
4513,49
4846,49
5223,49
7939,49
7356,5892
7356,63
70,71
7356,8846
7356,6077
6083,49
1709,49
7356,260
7356,5074
8155,8156
7356,9025
7356,5321
7356,5255
7356,5221
7356,8949
7356,5275
7356,1887
7356,8337
7356,2103
7356,9073
7356,6311
875,49
7356,3582
7356,9022
7356,7766
7356,8942
7356,344
2978,49
1907,49
7246,49
7356,5171
7356,5200
7356,565
7356,8660
7356,7292
795,49
7356,584
7356,3243
5324,49
111,1305
584,49
1887,49
4424,49
565,49
8660,49
3582,49
5321,49
4823,49
5251,49
9025,49
5180,49
5879,49
9014,49
5172,49
4816,49
7506,49
7356,5632
7356,5287
4693,49
5106,49
5262,49
4979,5733
7249,7248
4511,49
5386,49
5139,4765
7620,49
812,813
8420,49
4409,49
6375,49
7654,49
5325,49
5068,49
300,49
4102,49
5317,49
5294,49
111,1205
5286,49
7838,49
6282,2332
7248,49
5287,49
786,49
3962,49
6679,49
7648,49
9053,49
71,49
6766,66
70,71
70,71
1618,49
4765,49
1704,49
2056,49
6580,49
9019,49
5260,49
4504,49
5109,49
212,49
8270,49
5783,49
1926,49
344,49
2332,49
5318,49
111,1049
7533,49
71,49
8337,49
9069,49
2248,49
7017,49
5632,49
5085,49
7536,49
564,49
8294,49
4495,49
6786,6787
5378,49
9064,49
4669,49
8596,49
1536,49
4819,49
2196,49
618,49
1426,49
355,6918
4581,12
1049,49
6053,49
5276,49
5310,465
4592,49
2302,49
5066,49
4022,49
8043,49
5060,49
4978,49
4099,49
5775,49
839,49
1403,49
7312,49
5014,49
5056,49
1517,49
4581,12
1766,49
5064,49
7708,49
3055,49
5323,49
5362,49
5733,145
2131,49
66,2755
281,49
8758,49
66,2894
66,2692
5628,49
4600,49
7445,49
4997,49
4957,49
5231,7151
7885,49
7080,49
2249,49
4003,49
6591,49
5221,49
8156,49
8675,49
1701,49
5210,7813
111,1305
6510,4683
465,49
2894,49
111,1070
7151,49
4255,49
9035,49
2692,49
7618,49
5024,49
8663,49
4768,49
4683,49
7434,49
7408,49
4117,49
7817,49
2338,49
9059,49
5468,49
925,49
6521,49
7292,49
5131,49
813,49
5255,49
8275,1679
783,49
4683,49
619,620
7813,49
4556,4557
9167,743
3039,620
8746,620
2755,49
6646,743
49,3317
8515,743
49,3633
111,1126
7662,49
4557,49
1679,49
743,49
5011,49
620,49
49,3472
9031,807
7197,7198
2031,145
7662,49
807,49
6918,49
5061,51
49,3472
2031,145
66,2682
214,3238
3317,12
4580,1358
3345,4331
3238,49
871,872
3345,4331
4331,49
4004,4006
4006,49
4331,49
324,152
49,3781
5471,80
4815,4817
4817,49
5171,1956
8639,66
7460,49
1956,49
70,71
7823,66
4004,4006
3345,4332
71,49
4006,49
174,66
4990,5468
6130,2152
4842,2152
5468,49
7289,2152
111,1336
8028,2152
9281,2152
7460,49
3345,12
7507,5306
7321,66
3434,38
1267,12
2152,49
5306,49
9022,2056
6008,145
9012,145
3706,145
7115,66
4981,5746
2056,49
1521,145
2323,66
6163,145
4992,145
8366,145
4806,145
3371,145
9020,145
4358,145
7553,145
3725,145
1612,145
3025,145
187,188
5249,145
7422,145
188,49
5186,5624
8639,66
2278,66
5624,49
375,376
111,1247
260,145
5733,145
376,49
5061,51
6646,743
6510,4683
5310,465
743,49
4683,49
5310,465
3254,208
4680,5743
3254,208
3254,208
3254,208
4680,5744
4680,5744
2988,49
465,49
4680,5744
112,114
3254,208
7662,49
7648,49
49,3632
3254,208
3254,208
49,3634
49,3851
3254,208
7186,4710
3254,208
3633,145
4543,1518
7460,49
3254,208
49,1264
3254,208
3224,2031
66,2747
3254,208
3254,208
7662,49
3254,208
1518,49
3851,49
4710,49
3254,208
3254,208
4680,5744
3254,208
8105,7017
3254,208
9109,2914
4979,5734
3254,208
7017,49
3254,208
3254,208
3254,208
7626,3582
3254,208
3254,208
2914,49
5734,49
3582,49
361,66
49,375
3254,208
3254,208
3254,208
7548,7549
3254,208
355,266
3254,208
7662,49
8105,7017
3254,208
5310,465
3254,208
8105,7017
5136,6172
6806,66
3254,208
6172,49
7549,49
465,49
7017,49
266,49
3254,208
1160,6865
4990,5468
49,3624
49,3700
3254,208
4990,5468
4990,5468
4990,5468
6462,909
4990,5468
3624,214
3254,208
4990,5468
3254,208
1160,6865
66,2755
4990,5468
5468,49
909,49
4990,5468
1160,6865
3254,208
3254,208
9160,9161
3254,208
3254,208
9161,49
3254,208
8342,2302
7317,2888
3254,208
2755,49
5092,7062
872,145
7317,2888
3254,208
111,1088
3254,208
2302,49
3254,208
3254,208
4990,5468
4990,5468
4990,5468
4990,5468
3321,606
1787,66
4943,606
6967,135
7662,49
49,356
5468,49
3254,208
214,606
3254,208
3254,208
3254,208
356,49
3254,208
6670,66
49,606
3254,208
3254,208
5171,1956
3254,208
145,3640
8275,1679
3254,208
3254,208
1956,49
1679,49
8485,8156
3254,208
3254,208
3254,208
3254,208
8156,49
49,382
111,1088
382,375
152,151
773,239
420,151
7648,49
5145,4659
6077,151
377,380
9344,5466
9344,5466
7819,38
380,49
4659,49
5466,49
3804,5466
114,12
5466,49
7819,38
239,49
5310,465
8381,1521
6510,4683
5746,145
5434,5435
9344,5466
111,1088
8381,1521
5466,49
465,49
7819,38
5435,49
4683,49
49,3529
7819,38
5310,465
49,1378
1378,49
5774,5776
111,1205
4650,2338
5776,49
465,49
783,49
2338,49
49,3629
111,1088
3629,49
8696,634
7108,7109
49,382
4405,66
382,375
49,3781
7109,49
8696,5571
111,1205
375,376
9160,9161
7423,5232
1477,12
9161,49
376,49
5232,49
5143,2367
5571,634
2366,2367
4715,4716
7108,7109
8556,2338
2338,49
4716,49
7109,49
111,1088
3461,6145
2031,145
3461,6145
7662,49
4544,3961
2095,2096
3961,49
66,2869
2096,49
214,606
2255,2140
2732,7812
3254,208
3254,208
3254,208
3254,208
4496,4498
3254,208
3254,208
7062,145
3254,208
5297,8686
3254,208
4498,49
3254,208
3254,208
3461,6145
3254,208
3254,208
4680,5744
3461,6145
5061,51
3254,208
5202,4976
3254,208
49,3341
3254,208
3254,208
3254,208
4976,49
9172,4337
180,182
4337,214
182,181
264,265
111,1088
7460,49
145,6516
7662,49
6516,49
145,8240
4680,5744
783,49
264,266
1598,1599
1521,145
1521,145
266,49
1986,1984
7550,941
1599,49
941,49
796,799
145,5771
8498,66
7108,5811
1953,949
8397,66
8046,66
949,49
5811,49
6670,66
2561,5716
1263,799
66,2729
66,2441
111,1285
1986,1984
8161,111
66,2441
2441,49
375,376
8275,1679
6510,4683
1679,49
376,49
7460,49
4683,49
1632,12
111,1122
111,1285
4979,5733
4979,5734
66,459
8046,66
5734,49
4680,5744
66,2568
214,4607
214,9086
66,2753
2568,49
2753,49
7548,7549
3723,7704
7549,49
70,71
7861,7369
920,921
921,49
7369,49
49,111
111,1187
375,376
375,378
9086,49
7662,49
3091,12
3207,3209
5112,5882
305,66
71,49
111,1205
7704,49
49,111
2107,2108
4070,6815
3209,49
2108,49
5882,49
5028,6326
111,1088
376,49
6326,49
4070,1966
6815,49
3156,66
111,1088
1966,49
6326,49
4070,4068
1993,6407
2140,145
8766,2132
5061,51
3561,3561
3561,2771
1993,6407
1099,2615
8179,155
5137,7376
7662,49
1993,6407
155,49
66,630
3254,208
3254,208
3254,208
9348,4243
7376,49
630,49
111,1088
5037,6406
8389,8390
5145,4659
7911,155
7464,12
155,49
7662,49
6406,49
4243,49
4659,49
8390,49
111,1088
111,1233
6452,5007
5007,49
111,1088
49,3622
1233,214
66,518
2221,2223
3622,49
49,2591
3531,6833
2591,214
111,1088
2223,49
1984,145
49,3855
214,8280
145,7177
1780,66
8601,66
111,1205
5552,12
7460,49
2988,49
7177,49
223,4318
1477,12
49,3531
3855,12
3616,7630
8280,49
1984,145
8275,1679
5040,66
587,12
111,1313
111,1205
1679,49
111,1313
783,49
7628,7629
6975,6976
3490,12
5733,145
7629,49
4680,5744
8794,8795
4068,4071
66,2509
5840,66
4071,111
49,3782
4607,145
796,799
1263,799
8795,12
3788,12
6510,4683
3782,49
2509,4334
49,3632
7542,12
3788,12
4683,49
49,3650
4334,2509
111,1307
5203,1962
1962,214
111,1313
8632,7629
5203,1962
4068,4069
5203,1962
7629,49
1962,214
49,111
8174,66
4069,49
1601,66
49,3826
49,3758
2274,2275
3550,663
355,5712
3531,6833
5712,214
5203,1962
49,1759
3531,6833
1477,12
1962,214
1477,12
2671,12
355,5712
7745,7746
7745,7746
7278,66
5712,214
6833,3531
3758,49
7746,49
663,49
4318,5799
6407,145
7460,49
7662,49
49,3781
5297,8686
4318,5799
8686,214
3099,3100
111,1342
111,1337
4318,5799
5297,8686
3100,49
8686,214
49,3729
7572,1639
3550,663
111,1205
5358,8748
1639,49
663,49
6407,145
7143,743
49,3491
743,49
1135,6064
111,1205
3341,12
3140,1369
3235,1369
1369,49
4791,581
6510,4683
5031,554
554,49
66,199
4683,49
2869,12
66,2605
3567,12
214,7568
2605,49
7568,49
49,199
66,2757
1263,799
5122,4313
66,2869
2757,12
9127,12
4313,5122
4313,5122
2869,12
3550,7037
49,111
9127,12
8342,2302
2539,5478
3194,1369
7037,49
2539,5478
111,1305
111,1205
2302,49
49,3517
3341,4213
1771,1710
8010,8011
49,3562
8010,8011
8010,8011
3341,4213
8010,8011
1369,49
7460,49
1569,66
5478,12
1141,12
1710,49
49,3661
66,2869
66,2652
2365,12
3957,2271
2271,49
2869,12
8011,49
8507,5135
49,3650
49,3781
1368,66
8129,66
5135,49
7648,49
783,49
49,3755
3034,66
111,1244
7662,49
2365,12
49,3781
49,3755
5028,3672
4294,4295
3672,49
783,49
49,3764
3661,1192
4295,214
3661,1192
3661,1192
49,3416
3661,1192
3341,4213
49,3548
7162,66
8748,5358
7641,66
49,3632
49,3764
7662,49
8489,8490
66,2432
1287,1346
8748,5358
49,2506
111,1336
8489,8490
49,3781
111,1344
560,561
111,1346
5310,465
4266,362
560,562
66,518
3404,12
8748,5358
465,49
214,6036
8748,5358
7662,49
49,3547
8748,5358
7698,128
6036,111
8748,5358
128,49
49,3574
8748,5358
9075,5119
6975,6977
49,2688
49,3645
111,1081
111,1044
518,519
7460,49
1133,6442
111,1313
49,269
7278,66
7592,66
21,143
8174,66
8174,66
66,518
21,143
8174,66
5204,5846
7278,66
643,644
6975,6977
269,49
6975,6977
3491,145
5119,49
5846,49
21,143
49,2570
3797,6835
3797,6835
7460,49
2729,12
6510,4683
111,1313
1088,1313
4683,49
66,2688
4943,5424
66,2787
111,965
581,145
725,727
560,562
7662,49
562,49
111,1282
7662,49
773,239
239,49
2088,529
529,49
21,143
7662,49
143,20
49,3461
3461,6144
7662,49
49,3729
2242,2244
7460,49
49,3835
21,143
66,2475
3461,6144
7648,49
66,2410
2475,634
21,143
66,2441
3461,6144
111,1088
8719,208
66,2475
7260,2978
2978,49
2441,49
3461,6144
2475,4214
111,1287
21,143
4213,145
21,143
783,49
7260,2978
49,3632
21,143
7260,2978
7662,49
8719,208
2978,49
4214,111
111,1156
111,1313
7143,743
111,1066
743,49
49,3807
66,2602
66,1896
8196,4396
1344,145
362,145
2506,145
66,2488
1896,214
4396,49
3461,6144
2602,49
66,2415
49,606
49,607
8196,4396
6759,3141
8051,12
1777,181
6760,3141
3547,145
4396,49
3141,3142
3461,6144
2688,145
3142,49
49,213
49,3547
213,214
111,1065
783,49
7380,7415
7380,7271
7380,6605
7380,7433
7380,7418
7380,7416
7380,7395
7380,7387
111,1287
49,2570
6775,12
214,5353
2570,214
66,1333
5353,49
49,2688
1777,181
214,3308
3141,3142
3142,49
7460,49
783,49
214,7414
214,5027
111,1224
214,5134
214,5037
214,7391
214,5245
7829,4517
214,5248
4517,214
811,1582
214,5126
1582,49
2688,145
5845,811
111,1240
920,921
66,2787
7481,66
214,2997
214,5112
214,2290
214,9297
214,5218
111,1081
251,12
214,5078
7460,49
214,5132
214,9310
145,8231
1468,2204
3461,6143
2204,214
7481,66
2787,49
7662,49
5078,49
49,3807
7481,66
111,1004
214,5093
214,5284
214,8280
3461,6143
2290,49
921,49
111,1287
5132,49
13,15
2997,49
1777,181
15,49
1468,2204
49,2145
2204,214
214,2688
3567,7178
49,3584
3584,214
49,2170
2170,214
4473,4475
4473,1937
9258,558
4473,4474
111,1313
66,2570
111,1205
4475,49
4474,49
558,49
49,1487
214,2787
7433,7444
9258,558
214,3574
1487,8528
214,8303
2787,49
558,49
49,3342
49,3706
3342,214
4595,1560
214,4949
1808,558
4949,49
1560,49
49,111
214,4743
214,514
214,5150
558,49
49,3744
214,4924
214,5038
214,8322
214,4931
214,3696
214,5153
66,2481
214,4924
555,558
3461,6143
8442,558
988,1617
214,5188
214,9302
214,9298
1977,1617
6254,558
111,1205
111,1297
3807,12
214,8328
214,1232
783,49
5038,49
558,49
1543,558
214,4891
214,5096
214,5295
1977,1978
3461,6143
214,770
214,2255
2045,2046
7460,49
2046,49
6143,3461
3807,12
8147,558
6510,4683
1636,558
7567,558
3807,12
1978,111
214,5389
214,5087
214,890
5389,49
9154,5206
783,49
9154,236
558,49
4683,49
7150,558
8505,558
5517,558
5666,558
4340,558
890,49
111,1297
236,49
5206,49
558,49
7755,558
9154,4950
9214,12
5887,2589
6157,2589
558,49
7587,2589
8778,2589
9214,12
324,152
355,1747
4950,49
9214,12
2589,49
214,8315
214,2565
6662,6663
9154,236
214,9292
214,4072
236,49
9154,5206
9154,4950
355,772
1794,5875
214,8787
49,3309
66,1757
111,1205
214,5007
214,281
214,5125
214,9299
214,5379
355,5712
355,1747
2988,49
5206,49
772,49
5007,49
281,49
5712,214
1757,49
5125,49
214,9312
214,4077
214,5195
4950,49
4072,49
5875,49
214,5348
214,1993
7433,7444
5348,214
7444,214
214,5010
214,4144
214,4979
214,3299
214,2979
111,1205
5010,214
66,2570
3547,145
214,1837
145,2058
5195,49
4077,49
214,5001
214,5322
8155,8156
2570,214
66,2441
7433,7444
1794,5875
214,5043
214,2381
214,4962
214,4959
7444,214
2441,49
8156,49
783,49
7271,145
5043,49
4962,49
5875,49
214,690
214,990
214,8327
214,9290
214,5346
2058,49
214,8329
214,991
214,5288
214,2913
8196,4396
7662,49
2913,49
5322,49
214,9314
214,8311
214,9311
214,4998
214,2373
66,2556
2688,145
1333,145
66,1559
8485,8156
6021,5806
214,7442
214,5205
5806,49
2556,49
4396,49
7662,49
8156,49
783,49
214,9313
7442,6938
5245,145
111,1297
214,650
49,3299
650,49
1240,145
214,650
783,49
650,49
111,1224
1004,145
7662,49
7662,49
49,920
111,1224
2688,145
8275,1679
1679,49
111,973
145,2787
49,3310
145,3574
145,2570
1937,145
49,3300
2570,214
2787,49
3706,145
6756,66
5364,9208
754,756
754,761
9208,49
49,2504
783,49
756,49
8303,214
8303,214
145,2058
111,973
2058,49
49,3416
49,2661
49,3418
5087,145
314,6912
2274,2276
6912,314
49,3403
49,3737
6912,314
2274,2276
6912,314
66,2353
49,3483
8711,66
111,976
3483,49
6510,4683
1747,145
7662,49
4683,49
783,49
2604,66
2145,1930
355,5712
49,3588
5712,214
2604,66
2604,66
2604,66
111,1302
1747,145
2604,66
111,171
8300,7112
2604,66
145,4963
7460,49
783,49
7112,49
5892,5893
1559,145
5893,49
4308,66
1188,5650
5650,5650
6786,6787
6162,66
6684,66
1168,1030
6684,66
783,49
2504,4579
7648,49
783,49
4579,49
49,2450
2079,66
1180,171
1180,171
111,1297
111,1297
185,66
171,9165
171,9165
145,8240
49,1461
1168,171
223,2441
2123,66
2441,49
111,1217
111,1297
49,1406
1030,171
1157,171
1183,171
49,3775
1964,424
424,49
5396,66
170,171
1016,171
5582,5583
1180,171
7662,49
145,1738
111,1297
66,2819
5145,4659
171,1180
1738,49
4659,49
2819,49
49,3560
9160,9161
49,3119
9161,49
4294,4295
2353,145
4295,214
152,151
111,1297
7662,49
5396,66
111,981
70,71
7662,49
2481,12
111,967
7662,49
71,49
70,71
111,967
49,111
308,66
71,49
111,1317
4614,3929
8763,66
3929,49
8279,66
70,71
70,71
111,1297
71,49
49,768
981,1547
214,1757
111,1324
7662,49
1757,49
768,49
1931,6837
70,71
1931,6837
71,49
70,71
7460,49
71,49
49,3499
111,1297
111,1336
66,2507
7662,49
49,1659
70,71
3499,12
223,2664
2664,49
71,49
197,66
5061,51
70,71
111,1297
71,49
1135,6485
4070,6815
6815,49
4070,4069
49,3428
66,2787
70,71
1777,181
111,973
4069,49
71,49
2787,49
3428,49
3775,145
8155,8156
9160,9161
8485,8156
49,3216
9161,49
8156,49
811,1582
49,920
305,66
66,2491
1582,49
5583,145
3612,4492
7507,5306
783,49
5306,49
66,2482
70,71
8010,8011
2482,214
4492,111
8275,1679
240,243
1679,49
71,49
8011,49
810,811
6654,12
811,1582
49,111
49,3216
1582,49
6654,12
111,1110
111,1297
111,1256
349,350
3880,3881
3087,3088
349,351
351,49
7662,49
3088,49
3881,49
70,71
7662,49
71,49
70,71
70,71
71,49
70,71
70,71
71,49
70,71
71,49
49,3668
4715,4716
66,2597
4716,49
66,2717
111,977
7662,49
9075,5119
9075,5119
70,71
2323,66
111,1249
981,1548
5119,49
1777,181
7662,49
5817,617
71,49
2597,49
49,3559
617,49
70,71
1540,223
70,71
7460,49
66,2801
66,2782
7662,49
71,49
49,2665
49,2441
111,1091
66,2887
5061,51
2441,49
2782,49
2887,49
2801,49
66,630
145,5771
630,49
70,71
2665,223
71,49
49,3559
7662,49
111,1091
1777,181
4979,5734
4979,5733
5734,49
66,2570
2570,214
13,15
7662,49
15,49
496,6731
66,2894
70,71
1256,145
111,1226
2894,49
1226,214
70,71
8010,8011
49,1226
1226,214
7460,49
71,49
8011,49
783,49
70,71
6765,634
71,49
1188,5650
5459,5260
6765,634
5260,49
70,71
7012,1536
1536,49
71,49
7418,5348
4614,3929
111,570
7662,49
3929,49
3207,3209
214,8232
2458,3978
8275,1679
3209,49
1679,49
8232,49
66,2796
2796,49
6765,634
355,7105
3694,1271
145,1738
145,7029
7029,49
1738,49
7460,49
5685,5686
111,1353
5686,49
5061,51
7662,49
70,71
355,8260
71,49
6765,634
3975,3977
6765,634
6765,634
6765,634
3977,49
6765,634
70,71
528,529
6765,634
7418,5348
5348,214
214,2787
6765,634
529,49
6765,634
5061,51
7418,5348
5733,145
7418,5348
70,71
6765,634
5348,214
7436,5348
6261,5348
6765,634
2787,49
5348,214
8342,2302
7415,5348
71,49
2302,49
1634,66
5348,214
5101,3445
4564,66
3087,3088
70,71
6765,634
3975,3977
3064,1746
3977,49
71,49
6731,493
3088,49
1746,214
70,71
6659,5179
5179,49
3975,3977
71,49
49,1746
6731,493
1745,1746
1746,214
7460,49
3977,49
7356,5738
7356,8995
7356,1612
7356,8024
7356,8921
7356,8424
7356,1413
7356,8843
7356,1422
49,3284
7356,4983
7356,8938
7356,8907
7356,8989
7356,8384
7356,8928
7356,8888
7356,1719
7356,7437
7356,8950
7356,4060
7356,7882
7356,8986
7356,859
7356,3588
7356,1735
7356,9009
7356,4742
7356,8638
7356,2916
7356,490
7356,1897
7356,4973
7356,8968
7356,5689
7356,9028
7356,8825
7356,8967
7356,4186
7356,9012
7356,7390
7356,5120
7356,6892
214,9309
7356,1926
7356,8856
7356,33
7356,8663
7356,6346
7356,3433
7356,8930
7356,2026
7356,9007
7356,8886
7356,8890
7356,5892
7356,6580
7356,4385
7356,3652
7356,1283
7356,8906
7356,6178
7356,9052
7356,9008
7356,8813
7356,4360
7356,2808
7356,8940
7356,3229
7356,8951
7356,6706
7356,918
7356,6053
7356,770
7356,8898
7356,2218
7356,8664
7356,167
7356,7986
7356,8847
7356,9021
7356,63
7356,1213
7356,9000
7356,3594
7356,8746
7356,5184
7356,2357
7356,8734
7356,4102
7356,8937
7356,3329
7356,5148
7356,7358
7356,2434
7356,9033
7356,8247
7356,7026
7356,8272
7356,7620
7356,8947
7356,8916
7356,7398
7356,5001
7356,496
7356,839
7356,5373
7356,5849
7356,6146
7356,8862
7356,9010
7356,5101
7356,460
66,2381
7356,8440
3975,3976
7356,7689
7356,8877
7356,9020
7356,8917
7356,6679
7356,7405
7994,7995
7356,6462
7356,2436
7356,5189
7356,1684
7356,871
7356,1014
7356,9073
7356,7817
7356,564
7356,8873
7356,7553
7356,9060
7356,7317
7356,1038
7356,9005
7356,7550
7356,8815
7356,7994
7356,8088
7356,3013
33,49
7356,8270
4385,49
7356,5360
7356,5351
7356,7881
7356,861
7356,1564
7356,8949
7356,5378
7356,8954
7356,7536
7356,8857
7356,619
7356,8816
7356,5176
7356,8806
7356,7766
7356,260
7356,5632
7356,7025
7356,8939
7356,5060
7356,9046
7356,8984
7356,8920
7356,8281
7356,3101
7356,3039
7356,3915
7356,8966
7356,4806
7356,7285
7356,2661
7356,7662
7356,8833
7356,7125
7356,8876
7356,7654
7356,5070
7356,5178
7356,4543
7356,8486
7356,8828
7356,1953
7356,8948
7356,2927
7356,43
7356,8805
7356,8996
7356,8897
7356,8831
7356,693
7356,9040
7356,5317
7356,4610
7356,7210
7356,4358
7994,7995
7356,5715
7356,294
7356,5297
7356,6660
7356,7445
7356,8294
6178,49
7356,8227
7356,5190
7356,5254
7356,4266
7356,692
7356,5200
7356,8389
7356,3371
7356,6531
7356,2099
7356,1522
7356,3188
7356,3321
7356,2054
7356,7621
7356,8894
7356,5128
7356,5275
7356,1811
7356,5775
7356,875
7356,5260
7356,4819
7356,5056
7356,1426
8389,8390
7356,5074
7356,8878
7356,1887
7356,4513
7356,8337
7356,281
7356,5225
4102,49
7356,7411
7356,6522
7356,6510
7356,8846
7356,8874
7356,7780
7356,4585
7356,9064
7356,9069
7356,3960
6580,49
7356,849
7356,5324
3229,49
5225,214
7356,8003
7356,8126
7356,5491
7356,9044
6053,49
7356,8675
7356,9027
7356,3719
7356,4615
7356,4600
7356,8787
7356,7648
7356,7533
1926,49
4186,49
7356,5318
7356,9022
7356,7618
7356,7439
7356,7956
7356,4409
7356,3234
7356,8845
7356,6303
7356,5223
7356,5358
8664,49
7356,5685
7356,8162
7356,8963
7356,5040
7356,2425
167,49
8663,49
7356,8802
7356,5068
7356,4900
7356,7757
7356,8835
7356,4496
7356,8809
7356,7292
7356,7097
7356,4823
7356,7072
7356,5262
7356,811
7356,5098
4060,49
7356,233
7356,8758
7356,4117
7356,7838
7356,9025
7356,5878
7356,826
7356,5879
7356,2209
7356,6375
7356,9029
7356,4632
7356,8999
7356,5354
7356,4511
7356,5325
7356,2056
7356,3929
7356,1734
7356,8844
7356,2103
7356,635
7356,6232
7356,8834
7356,786
7356,4992
7356,7434
7356,9061
7356,5172
7356,5628
7356,7626
7356,8800
7356,8936
7356,1758
7356,5221
7356,8065
7356,5582
7356,4816
7356,920
7356,8807
7356,3582
7356,3224
7356,8355
7356,2249
7356,4391
7356,5276
7356,5235
7356,795
7356,4669
7356,5783
7356,5349
7356,7595
7356,7771
7356,7408
8486,49
7356,5321
7356,8875
7356,5323
7356,2308
7356,8152
7356,2301
7356,8596
7356,5131
7356,8882
7356,4984
7356,204
7356,4956
7356,9002
7356,7819
7356,5386
7356,4838
7356,6606
7356,9034
7356,720
7356,5092
7356,3725
7356,1709
7356,7939
7356,8872
7356,4963
7356,5202
7356,8946
7356,300
7356,5186
7356,5179
7356,6591
7356,7506
7356,8927
7356,3025
7356,5139
7356,5285
7356,5133
7356,5362
7356,5249
7356,5112
7356,7312
7356,4556
7356,6585
7356,5180
7356,5064
7356,6438
7356,324
7356,4003
7356,1517
7356,9047
7356,1976
7356,344
1887,49
7356,8507
7356,7708
7356,188
7356,8366
7356,7435
7356,5286
7356,3055
7356,5287
7356,8420
7356,2107
7356,8804
7356,5175
7356,8105
7356,1521
7356,5466
7356,5109
7356,336
7356,6457
7356,6185
7356,4693
5324,49
7356,5018
7356,9035
7356,5171
7356,5083
5354,49
7356,5037
3960,49
7356,7966
7356,4424
7356,6282
7356,5011
7356,925
7356,5106
1734,49
7356,9015
7356,4022
3234,49
7356,359
7356,2248
7356,5880
7356,5255
7356,5066
7356,1403
7356,212
7356,9014
7356,3183
7356,4069
7356,1907
7356,1766
7356,7246
7356,2095
7356,2131
7356,5242
7356,7115
1522,49
7356,2978
7356,6421
7356,8922
7356,2256
7356,2278
7356,4108
3975,3976
7356,7017
5254,49
7356,5135
1684,49
7356,1618
7356,5146
7356,4592
7356,8043
7356,1599
7356,7925
6531,49
3188,49
7356,4827
7356,7186
7356,5085
7356,3243
7356,7885
7356,4766
7356,9019
9028,49
7356,8618
8088,49
7356,5210
7356,8660
7356,2013
7356,9031
4632,49
7356,8041
7356,4099
7356,8129
7356,6815
7356,4500
7356,9053
7356,3034
7356,5251
7356,3962
7356,2676
7356,4495
7356,5294
7356,3194
7356,1704
7356,4990
7356,7392
7356,1700
7356,618
7356,6083
5738,49
7356,4004
7356,812
7356,453
7356,8143
7356,5231
7356,4846
4990,5468
7356,584
4990,5468
4990,5468
4990,5468
7356,2196
7356,6766
7356,9059
7356,565
7356,8859
7356,4715
7356,4997
7356,6521
7356,4957
7356,2225
7356,1368
7986,49
7356,5364
1758,49
4615,49
233,49
8003,49
7356,4978
3929,49
7356,5014
2054,49
5878,49
5178,49
3975,3278
5135,49
2308,49
4391,49
584,49
5092,7062
8660,49
6421,49
4069,49
7780,49
7925,2589
8143,49
5175,49
9015,49
5285,49
453,49
1976,49
5466,49
6815,49
6606,49
8041,49
5210,7813
4424,49
5242,49
5373,49
3975,3505
1599,49
5133,49
2013,49
2256,49
4500,49
2589,49
5321,49
4984,49
8355,49
3582,49
5146,49
7956,49
4108,49
5018,49
188,49
6232,49
9029,49
4513,49
4823,49
7356,3328
7356,4910
7356,8900
7356,5031
7356,3480
7356,2918
7356,4958
7356,7826
7356,8926
7356,4815
7356,774
5251,49
7356,4981
7356,8942
7356,7861
7356,2040
7356,6163
7356,3810
7356,917
7356,8634
5223,49
7356,4255
7356,2170
7356,8184
7356,9055
7356,6664
7356,4839
1709,49
7356,4866
7356,8498
7356,7423
9025,49
7356,6311
7356,8977
7356,4964
8191,66
7939,49
6083,49
5287,49
336,49
2170,214
7662,49
5715,49
5879,49
2978,49
6679,49
7246,49
795,49
9014,49
5179,49
4766,4767
5172,49
786,49
1907,49
3962,49
5386,49
4816,49
875,49
9027,49
5180,49
5231,7151
5310,2366
4839,49
565,49
7356,3664
7356,668
7460,49
4766,4768
6766,66
5262,49
384,12
7620,49
9053,49
7648,49
8065,49
7151,49
4846,49
5360,49
4693,49
7506,49
1160,2097
5011,49
4511,49
8420,49
7654,49
4409,49
5068,49
6375,49
7838,49
1704,49
300,49
5294,49
5325,49
5317,49
812,813
5286,49
2056,49
7648,49
1659,23
9019,49
5106,49
8270,49
5109,49
1160,2097
212,49
4556,4557
1618,49
5260,49
5783,49
861,49
5318,49
344,49
7533,49
9069,49
7536,49
7626,3582
7017,49
5632,49
2248,49
7881,49
5085,49
564,49
5378,49
8294,49
4495,49
145,1427
8596,49
1700,1701
9064,49
3582,49
1427,49
4669,49
5276,49
4819,49
8337,49
5362,49
2919,66
618,49
1426,49
2196,49
7312,49
3224,2031
5775,49
8043,49
5060,49
5066,49
2097,111
4099,49
4022,49
1403,49
4978,49
4592,49
5056,49
8485,8156
1766,49
9035,49
4557,49
5171,1956
70,71
8155,8156
1517,49
7708,49
7766,6998
5186,5624
5070,49
5323,49
5064,49
2131,49
3055,49
5628,49
281,49
8758,49
4600,49
1953,949
4997,49
4957,49
4255,49
7445,49
6591,49
4003,49
2249,49
66,2441
5235,49
5221,49
7648,49
71,49
839,49
9319,5157
7105,145
8156,49
8675,49
6510,4683
5624,49
1701,49
7995,49
949,49
4768,49
7408,49
4117,49
5468,49
9059,49
7813,49
925,49
7817,49
70,71
8390,49
6521,49
7423,5232
7292,49
2441,49
5157,49
7618,49
5014,49
7434,49
4683,49
7885,49
813,49
5083,49
5255,49
9047,49
4956,49
7595,49
3638,7342
9031,807
49,3505
49,3479
66,2441
49,3445
1956,49
5232,49
71,49
3505,49
6998,49
5131,49
8440,49
4274,4278
3976,49
4274,4275
49,3807
66,2441
49,3407
4266,362
5176,1752
4274,4278
4274,4275
3807,12
2441,49
7342,49
807,49
3505,49
3479,49
5122,4313
5122,7258
7662,49
66,2751
5122,7258
4276,5038
4276,5140
4276,5362
4276,5096
4276,5263
4276,5200
4276,4937
4276,4932
4276,2240
4276,5002
4276,5016
4276,5327
4276,5037
4276,3518
4276,4274
4276,2060
4276,5174
4276,4966
4276,5121
4276,2373
4276,2393
4276,3105
4276,523
4276,5004
4276,5064
4276,5136
4276,4278
4276,4922
4276,5308
4276,38
4276,5343
4276,4587
4276,5390
4276,38
4276,1158
4276,3915
4276,4753
4276,5104
4276,5321
4276,2913
4276,5337
4276,5328
4276,5288
4276,5150
4276,5345
4276,1626
4276,5093
4276,5160
4276,5295
4276,4275
4276,5043
4276,5220
4276,4949
2751,7974
4004,4006
5004,49
5321,49
5140,49
523,49
3105,49
4587,49
5064,49
5043,49
4966,49
4753,49
2751,7974
3518,49
5288,49
5038,49
2913,49
5121,49
49,1487
7460,49
5362,49
4949,49
4006,49
560,562
560,561
70,71
49,3407
4276,2462
4004,4006
214,5597
7662,49
71,49
4276,5078
4276,4905
4276,4875
4276,5043
4276,5087
4276,1158
4276,5096
4276,3105
4276,5295
4276,4278
4276,4275
4276,3914
4276,5307
4276,4753
4276,1413
4276,871
4276,5049
4276,4274
4276,3915
4276,497
4276,4858
4276,5183
4276,4922
4276,5192
4276,5038
4276,1626
4276,5390
4276,5064
4276,4545
4276,3518
4276,5126
4276,5341
4276,5109
4276,2900
4276,2964
4276,2393
4276,5140
4276,4966
4276,3188
4276,5263
4276,5308
4276,5037
4276,5200
4276,5327
4276,5328
4276,5321
4276,336
4276,5009
4276,2913
4276,5362
4276,5004
4276,5002
4276,890
4276,5121
4276,5046
4276,5104
4276,4949
4276,5150
4276,2240
4276,523
4276,5093
4276,5343
4276,4887
4276,5288
4276,4587
4276,5235
4276,5061
49,3807
8082,8083
4990,5468
4990,5468
3807,12
5002,49
4990,5468
4990,5468
890,49
5004,49
3445,145
336,49
523,49
5140,49
145,1757
4587,49
5109,49
5235,49
4949,49
5362,49
4966,49
8105,7017
562,49
3105,49
4006,49
5038,49
4753,49
5288,49
5468,49
3518,49
4990,5468
2913,49
5121,49
4545,49
5321,49
1757,49
7017,49
70,71
6585,8000
151,12
71,49
5468,49
151,150
151,878
66,1487
70,71
70,71
70,71
1612,145
9012,145
9020,145
4806,145
7553,145
260,145
4358,145
71,49
151,880
8366,145
1521,145
5249,145
3725,145
3025,145
3371,145
880,25
880,25
880,25
880,25
4992,145
880,25
880,25
880,25
880,25
880,25
880,25
880,25
880,25
880,25
880,25
880,25
880,25
880,25
880,25
880,25
880,25
880,25
880,25
880,25
880,25
880,25
880,25
880,25
880,25
880,25
878,151
1192,3348
1192,7252
1192,7253
1192,4359
1192,868
1192,4338
1192,7254
1192,609
7662,49
7062,145
150,151
49,2231
7994,7995
70,71
7628,7629
1192,1566
111,1019
71,49
7662,49
7995,49
3348,3348
7629,49
4496,4498
6163,145
4498,49
1019,49
70,71
71,49
2231,12
3337,12
4070,4069
7662,49
66,2787
49,3851
4069,49
2787,49
2031,145
3851,49
7042,1370
1370,214
70,71
71,49
3650,12
8603,4227
6706,66
4227,49
49,3337
3348,608
70,71
71,49
7662,49
49,356
7042,1370
1370,214
3235,1370
356,49
2988,49
1752,145
362,145
3445,145
1370,214
70,71
375,382
7460,49
71,49
6462,909
9160,9161
70,71
9161,49
71,49
909,49
4784,66
4784,66
6303,6304
70,71
6304,49
71,49
4809,66
223,4313
1357,1358
49,3340
4809,66
70,71
71,49
497,145
5087,145
5009,145
7548,7549
49,3340
145,8229
7549,49
111,1088
7662,49
49,3807
608,609
4338,609
4359,609
111,1088
7253,609
868,609
7253,609
608,609
7254,609
66,2470
7550,941
70,71
70,71
71,49
941,49
66,2441
71,49
2441,49
49,1893
70,71
71,49
8498,66
70,71
224,135
71,49
4703,135
3807,12
7626,7627
70,71
49,1893
5037,6406
71,49
111,1297
8766,2132
111,1297
6510,4683
9160,9161
8766,6514
4683,49
6514,49
7460,49
6406,49
7627,49
5096,6767
70,71
71,49
9161,49
49,3639
2922,2924
2924,49
223,2441
3630,1070
2441,49
5364,9208
70,71
49,3815
7254,609
1566,609
66,2887
375,376
111,1313
1566,609
223,2664
4803,3427
7252,609
8155,8156
376,49
7662,49
9208,49
2887,49
71,49
2664,49
4803,1494
8156,49
1494,49
8736,3151
3150,3151
6207,3151
5061,51
3151,49
3348,1192
2095,2096
49,2353
6282,2332
2096,49
3630,1070
2332,49
7662,49
49,3706
3235,1369
4543,1518
3630,1070
1369,49
375,378
1518,49
111,1313
796,375
5774,5775
49,3706
796,375
111,267
5775,49
5774,5776
5774,4592
5776,49
4592,49
49,2570
111,1273
2570,214
66,2570
2570,214
1794,5875
111,1088
5875,49
3243,3244
2107,2108
7185,400
111,1297
3244,49
2108,49
400,49
5756,5757
111,1088
5757,49
199,200
5756,66
111,1297
6978,66
4955,160
49,3348
2369,1603
111,1324
3348,1192
160,49
111,1088
9038,5581
2067,2066
5581,49
49,3417
49,2506
49,3280
111,1088
66,2894
796,799
6510,4683
1263,799
1263,375
2894,49
4683,49
5202,4976
1603,1602
4976,49
66,2696
49,3417
8766,6514
6514,49
6767,145
7662,49
2696,49
5189,3933
111,1297
796,799
1263,375
1263,799
3933,49
8342,2302
49,3782
3782,49
2302,49
7861,7369
7369,49
49,3611
49,3611
49,3525
7460,49
49,3592
49,3831
8342,2302
2676,246
2676,246
2302,49
49,111
246,214
2353,145
145,111
3706,145
7380,7387
7380,7393
7380,7395
7380,5001
7380,7433
7380,7444
7380,7407
7380,5348
7380,7418
7380,6605
7380,7271
7380,7406
7380,5009
7380,7432
7380,7436
7444,214
5348,214
5028,6326
3839,4374
5028,3672
6326,49
3706,145
1628,569
111,1297
3672,49
6510,4683
9347,66
4683,49
49,3672
111,1244
66,438
3672,49
5764,5765
5139,4765
5892,5893
4765,49
1273,145
49,200
5765,4802
4802,49
5893,49
49,3547
8155,8156
8156,49
3788,12
6143,3461
111,1338
5798,5799
5798,5799
49,3795
4680,5744
4680,5744
619,620
3417,145
2506,145
8746,620
3039,620
49,2694
49,2694
620,49
145,8232
1152,3511
8275,1679
1679,49
8232,49
5137,7376
49,2353
49,2694
49,2665
6143,3461
52,53
66,1664
7376,49
53,49
3417,145
49,2694
7015,5358
8489,12
5061,51
6622,1520
2665,223
8489,12
1520,49
49,3518
49,3819
1152,814
3518,49
375,376
814,111
7015,5358
376,49
2240,1520
5798,5799
7015,5358
1520,49
1263,799
200,12
7745,7746
108,109
66,1664
5112,5882
108,109
621,12
1152,3511
109,214
3831,145
5882,49
7746,49
8076,66
108,109
109,214
49,3800
3511,12
9168,9169
7819,7627
3101,3103
7271,145
5009,145
7819,7819
9168,66
7819,7627
7627,49
7117,66
7819,7627
3103,49
7627,49
49,3605
49,3800
214,4607
7460,49
49,3641
49,3518
214,2257
7433,7444
3800,3605
5607,4162
4162,49
7444,214
49,3622
6510,4683
6803,6805
7460,49
3518,49
3622,49
4683,49
49,3547
49,3356
214,2257
438,145
773,239
5607,4162
6803,6804
66,2540
2257,12
4162,49
2257,12
7819,7627
6228,66
2540,12
3547,145
7627,49
7662,49
7819,7627
6315,6316
7819,7627
239,49
7627,49
6804,49
66,482
66,2894
2894,49
66,2589
6662,6664
111,1297
111,981
6316,111
2589,49
1632,12
2539,5476
66,2441
7662,49
9347,66
2539,5476
111,1117
8696,8698
5765,4802
2441,49
4473,4474
49,3279
4473,4475
4473,4475
4475,49
4802,49
49,1378
66,2457
2353,145
4475,49
1378,49
4474,49
2255,2140
111,1297
111,1037
8696,8697
111,1117
1037,49
8129,1369
1369,49
66,2441
3194,1369
6803,6804
3461,3754
287,6442
2441,49
1369,49
6804,49
1368,1369
49,3362
111,1211
6510,4683
66,2457
1369,49
4683,49
3362,49
3034,1370
111,1110
1370,214
3034,1369
1369,49
49,3491
2457,12
6835,2121
214,3463
2121,49
145,4287
4287,49
66,1559
355,4951
4148,4149
111,1297
9168,66
49,111
5040,66
49,3721
4607,145
2255,2140
214,831
375,376
7356,7620
7356,5865
7356,5178
7356,7317
7356,8877
7356,7285
7356,8856
111,1297
7356,3588
7356,8996
7356,564
7356,8876
7356,8816
7356,8833
7356,8759
7356,1564
7356,3188
7356,8270
7356,1101
7356,8917
7356,7210
7356,5849
7356,8633
7356,3025
7356,1413
7356,8820
7356,8664
7356,5070
7356,5101
7356,7994
7356,5001
7356,3290
7356,5351
7356,5031
7356,5189
7356,619
7356,8967
7356,8914
7356,2434
7356,8486
7356,3039
7356,7422
7356,7918
7356,4610
7356,8848
7356,5071
7356,8805
7356,496
7356,5354
7356,7881
7356,8867
7356,4816
7356,8873
7356,294
7356,7550
7356,7956
7356,3810
7356,43
8759,214
7356,8868
7356,871
7356,6396
7356,811
7356,9073
7356,7025
7356,2054
7356,3101
9044,7800
7356,1038
7356,8806
7356,6462
7356,2099
7356,5190
7356,8891
7356,1684
7356,6679
7356,460
7356,1734
7356,3664
7356,7689
7356,2680
7356,8958
7356,8088
7356,5055
7356,8954
7356,8862
7356,9040
7356,5297
7356,7817
7356,6053
7356,9020
7356,9010
7356,1953
7356,5317
7356,7648
7356,8949
7356,6531
7356,8939
7356,861
7356,8281
7356,8894
7356,8878
7356,8965
5178,49
7356,8828
7356,8948
7356,1522
7356,4600
7356,5056
7956,49
7356,1014
7356,5223
7620,49
4816,49
7356,5275
7356,7766
7356,3915
7356,875
7356,1426
7356,3321
7356,8920
5865,49
8270,49
564,49
8664,49
7356,8389
7881,49
7356,8126
5070,49
7356,8337
7356,9055
7356,4409
7356,2425
7356,9027
7356,5491
7356,4102
7356,9022
7356,4819
7356,7080
7356,3719
7356,7292
7356,6522
7356,5128
7356,6163
7356,4615
7356,6185
7356,3234
7356,395
7356,8882
7356,7780
7356,8874
7356,9064
7356,9069
7356,8846
7356,8067
7356,5109
7356,4585
7356,8832
7356,9044
7356,849
7356,8787
7356,8835
7356,8675
7356,8294
7356,4266
7356,8003
7356,5318
7356,5068
7356,7445
7356,6303
7356,1887
7356,3013
7356,281
7356,9046
7356,5184
7356,7411
7356,917
7356,8809
6805,145
7356,5715
3547,145
7356,7439
7356,4496
7356,8963
7356,2170
7356,5262
7356,786
7356,9061
7356,5582
7356,5098
7356,5040
7356,8800
7356,826
7356,5172
7356,6585
7356,5878
7356,4117
7356,8065
7356,8942
7356,8802
7356,8758
7356,8634
7356,635
7356,233
7356,4900
7356,2103
7356,5325
7356,2209
7356,4511
7356,8936
7356,8834
7356,7097
7356,9029
7356,4255
7356,9025
7356,8844
7356,5358
7356,8919
7356,8440
49,3548
7356,7072
7356,4823
7356,4992
7356,7618
7356,4632
7356,7838
7356,5879
7356,5221
7356,7434
7356,8355
7356,3929
7356,8807
7356,5276
7356,5235
7356,7757
7356,2056
7356,6438
7356,4669
7356,5628
7356,8927
7356,7771
7356,4391
7356,3224
7356,1758
9044,7800
7356,6375
7356,8946
7356,5783
6786,6787
7356,8872
7356,3582
7356,9034
7356,5131
7356,5323
7356,8804
7356,1709
7356,5133
7356,3725
7356,920
7356,9002
7356,2308
7356,6232
7356,6606
7356,8875
7356,5064
7356,300
7356,5285
7356,720
7356,5112
7356,2249
2170,214
8486,49
7356,5139
7356,5186
7356,324
7356,5685
7356,8977
7356,5386
7356,2301
7356,4838
7356,5180
7356,4910
7356,7861
7356,5286
7356,7408
7356,7506
7356,8922
7356,7939
7356,5092
7356,1517
7356,5037
7356,4556
7356,4003
7356,4984
7356,5202
7356,795
7356,8152
7356,5349
7356,6421
7356,2256
7356,5260
7356,3055
7356,7115
7356,2248
7356,188
7356,6282
7356,8105
7356,5249
7356,5175
7356,5880
7356,2278
7356,8596
7356,7708
7356,7246
7356,5066
7356,9015
7356,5255
7356,925
7356,3183
7356,212
7356,5242
7356,4424
7356,4500
7356,1976
7356,3425
7356,7017
7356,7626
7356,1403
7356,4866
7356,5011
7356,9014
7356,5106
7356,8420
7356,8366
7356,4108
7356,6311
7356,5157
7356,2131
7356,359
5354,49
7356,204
7356,7312
1734,49
1522,49
3234,49
4391,49
7780,49
6531,49
1887,49
7800,49
7356,1907
7356,7595
7356,7435
7356,5466
7356,344
7356,4022
7356,5146
7356,8507
7356,1521
7356,5018
7356,2095
7356,4839
7356,9019
7356,5287
7356,5135
7356,914
7356,7966
7356,6083
7356,1766
7356,9035
7356,2978
7356,1618
7356,5251
7356,9053
7356,4956
7356,8143
7356,8043
7356,812
7356,4069
7356,5775
8088,49
7356,5083
7356,453
7356,5231
7356,4846
7356,4827
4632,49
7356,7423
7356,5364
7356,3034
7356,7925
7356,8041
7356,3194
5878,49
8065,49
2054,49
8355,49
376,49
233,49
4615,49
8003,49
1758,49
7356,8618
3929,49
111,1010
1664,12
7356,4004
7356,5210
7356,565
7356,5014
7356,6664
7356,6521
7356,4592
7356,1368
7356,2196
7356,9059
7356,4957
7356,8129
7356,6815
7356,7885
7356,2013
7356,8845
7356,8859
7356,1599
7356,8660
7356,4978
7356,9031
7356,584
7356,1704
7356,7186
7356,8498
7356,5085
7356,5294
7356,4715
7356,7392
7356,4990
7356,2676
7356,4964
7356,6766
7356,4997
7356,3962
7356,2225
7356,3243
7356,9047
7356,1700
7356,4099
7356,5373
9029,49
4823,49
5223,49
2308,49
5135,49
6421,49
4069,49
7626,7627
8660,49
8143,49
5175,49
66,2415
5285,49
5157,49
9015,49
5287,49
453,49
5466,49
1976,49
6815,49
3188,49
8041,49
4424,49
6606,49
5133,49
5242,49
2013,49
1599,49
2256,49
584,49
4500,49
5373,49
1684,49
565,49
6679,49
4984,49
7939,49
6232,49
795,49
5251,49
4846,49
5715,49
9027,49
875,49
7356,3960
66,1664
3582,49
4108,49
7356,4693
7356,8857
7356,3371
7356,751
7356,4981
7356,7533
7356,693
7356,4963
7356,618
7356,4742
7356,8999
7356,4495
7356,6591
7356,4766
7356,4513
7356,4358
6083,49
7356,6457
7356,8162
7356,5225
7356,5254
7356,5171
7356,9060
188,49
5146,49
3962,49
9025,49
1709,49
4839,49
5018,49
2978,49
5225,214
111,1297
111,1070
1907,49
7246,49
786,49
5879,49
9014,49
5172,49
5180,49
8389,8390
4513,49
3960,49
111,1010
5254,49
7662,49
5386,49
9053,49
7506,49
7648,49
4693,49
6766,66
4511,49
1664,12
8300,7112
1618,49
5011,49
8420,49
4409,49
6375,49
3745,4645
5068,49
4102,49
5325,49
1704,49
5317,49
5286,49
7838,49
5294,49
5106,49
7112,49
5262,49
2056,49
9019,49
5109,49
212,49
5260,49
6053,49
5783,49
344,49
5318,49
861,49
7533,49
7017,49
9069,49
8294,49
2248,49
5085,49
8337,49
4495,49
9064,49
300,49
8596,49
4669,49
5276,49
4819,49
2196,49
618,49
1426,49
5775,49
7312,49
8043,49
3425,49
4099,49
5066,49
5014,49
4592,49
1403,49
4022,49
5056,49
914,49
1891,66
375,376
376,49
9035,49
7618,49
4978,49
7708,49
1766,49
1517,49
2483,12
6282,2332
5064,49
2131,49
281,49
8758,49
5628,49
4815,4817
4600,49
7445,49
7885,49
7080,49
66,2556
9347,66
2249,49
812,813
6591,49
7918,49
2556,49
4766,4767
4817,49
3055,49
66,2485
4255,49
4003,49
7434,49
7817,49
9059,49
925,49
6521,49
8390,49
7292,49
5131,49
9047,49
5255,49
5083,49
8067,49
2332,49
145,333
5323,49
4957,49
5221,49
7408,49
813,49
8440,49
7595,49
7627,49
5055,49
1700,1701
49,3647
49,3721
7662,49
5235,49
333,49
4997,49
8675,49
4117,49
4956,49
2140,145
4645,49
831,49
49,3848
1487,8528
1777,181
1701,49
7460,49
8498,66
981,1548
1487,8535
981,1549
49,3547
111,1297
1487,8534
8126,8127
981,1549
8127,49
1487,8532
5210,7813
1487,8531
7662,49
7813,49
3491,145
6510,4683
4683,49
5040,66
375,376
375,376
8489,12
5061,51
3463,145
376,49
111,991
1559,145
4149,145
5171,1956
1956,49
1257,8113
4148,4149
7085,7086
49,2353
375,376
376,49
5037,66
2140,145
9020,145
7422,145
3025,145
3461,3754
4992,145
6163,145
3725,145
4529,757
8366,145
1521,145
5249,145
49,3667
214,8312
4529,757
981,1549
4529,4531
4531,49
3957,66
3371,145
4358,145
5037,66
3957,2271
375,376
111,1325
5597,355
376,49
3216,355
5771,355
8240,355
3119,355
891,355
605,355
769,355
2216,355
8235,355
3578,355
3438,355
6146,355
3709,355
942,355
3509,355
2450,355
5706,355
7916,6051
2271,49
49,3453
7572,1639
7662,49
4529,4530
111,1109
49,3847
49,3568
1639,49
1634,66
4266,362
3453,6084
3453,607
49,3319
49,3851
49,1112
111,1117
3851,49
49,3754
49,3768
994,1783
5189,3933
1346,1287
1346,1287
995,1869
995,1869
3933,49
3547,145
1346,1287
995,1871
995,1871
49,3585
49,3459
9031,807
807,49
2095,2096
4369,66
2096,49
49,3547
49,607
4276,5093
4276,5343
4276,4767
4276,4922
4276,5243
4276,5121
4276,3938
4276,5185
4276,4917
4276,5295
4276,5288
4276,5360
4276,2221
4276,4902
4276,4932
4276,4979
4276,5213
4276,4205
4276,4905
4276,5195
4276,5000
4276,1158
4276,5205
4276,5173
4276,4140
4276,5306
4276,5078
4276,4895
4276,5043
4276,2290
4276,5348
4276,5068
4276,5191
4276,4817
4276,2393
4276,5321
4276,4077
4276,3629
4276,48
4276,5103
4276,5286
7662,49
4276,5362
4276,5192
4276,5091
4276,4959
4276,5200
4276,5308
4276,5115
4276,5150
4276,4911
4276,4858
4276,3338
4276,5354
4276,5320
4276,3095
4276,4914
4276,5230
4276,3362
4276,3915
4276,3099
4276,2470
4276,3308
4276,5327
4276,4274
4276,4001
4276,5090
4276,2045
4276,2913
4276,5235
4276,5112
4276,2329
4276,5126
4276,5302
4276,5146
4276,991
4276,5109
4276,5087
4276,5382
4276,4753
4276,890
4276,2099
4276,5328
4276,5065
4276,5001
4276,3188
4276,5051
4276,4875
4276,5259
4276,5212
4276,743
4276,5346
4276,3518
4276,5307
4276,3851
4276,4275
4276,5242
4276,4936
4276,5030
4276,2138
4276,4867
4276,4488
4276,4545
4276,3315
5348,214
49,3323
4276,5140
4276,4276
4276,5266
4276,4998
4276,2367
4276,3105
4276,5353
4276,4974
4276,1540
4276,690
4276,2255
4276,5165
4276,4721
4276,5016
4276,2979
4276,4872
4276,1734
4276,5215
4276,4984
4276,994
4276,5132
4276,5038
4276,4928
4276,5047
4276,5284
4276,5096
4276,4816
4276,4990
4276,2240
4276,4278
4276,5015
4276,5369
4276,4600
4276,5341
4276,3025
4276,1993
4276,5390
4276,523
4276,5073
4276,4931
4276,4587
4276,260
4276,738
4276,5133
4276,5049
4276,5011
4276,5263
4276,5007
4276,4965
4276,4966
4276,5031
4276,617
4276,4891
4276,5168
4276,4742
4276,5245
4276,3422
4276,5268
4276,5010
4276,5179
4276,4876
4276,5009
4276,2997
4276,5278
4276,5223
4276,5270
4276,5262
4276,4949
4276,5254
4276,5178
4276,5037
4276,5125
4276,5113
4276,497
4276,4937
4276,5148
4276,4999
4276,5207
4276,5153
4276,1626
4276,4072
4276,5086
5010,214
3338,214
5354,49
1734,49
5254,49
5242,49
5321,49
5178,49
5306,49
2138,49
4984,49
5146,49
5007,49
523,49
5179,49
617,49
4817,49
5360,49
5262,49
5011,49
5140,49
3188,49
890,49
5286,49
5109,49
4587,49
5068,49
214,607
4816,49
743,49
5078,49
3938,49
5243,49
8176,66
375,376
5047,49
5125,49
4600,49
5235,49
5043,49
4140,49
2290,49
4949,49
3851,49
5073,49
376,49
5223,49
5362,49
2997,49
5266,49
3362,49
3105,49
4753,49
5288,49
3629,49
5353,49
5132,49
3095,49
4001,49
3518,49
4077,49
4072,49
5038,49
2913,49
5121,49
4545,49
4966,49
5195,49
9154,236
9154,5206
5191,49
4999,49
4205,49
48,49
4488,49
4149,145
49,2570
9154,4950
49,3491
2570,214
9258,558
5133,49
236,49
4950,49
9258,558
1808,558
606,607
555,558
8442,558
2353,145
111,1088
1636,558
558,49
607,2003
7567,558
49,3706
607,2006
6402,558
607,2007
7150,558
607,2005
8505,558
607,2004
5517,558
3250,558
5666,558
3323,49
4340,558
558,49
7755,558
5051,49
5206,49
6803,12
606,607
3475,12
606,607
111,1088
6803,12
6899,66
5265,5130
111,1088
558,49
6510,4683
4683,49
6899,66
3667,145
214,6773
6773,49
8563,135
7662,49
66,2856
8176,66
49,3562
214,6773
111,570
375,376
8176,66
376,49
7662,49
111,1234
6773,49
49,3362
66,2445
3362,49
2856,49
49,111
66,2445
111,1336
2240,1520
7662,49
1616,8362
2604,634
362,145
1520,49
111,1122
49,3475
8755,66
267,268
7550,941
941,49
49,3772
111,1274
111,1171
267,268
7267,2302
7267,2302
2302,49
2357,2359
4196,2302
3475,12
2302,49
8755,66
1487,12
6807,6374
2301,2302
2302,49
111,1313
7662,49
6374,49
111,1313
1616,8362
3547,145
49,3342
3025,145
5009,145
497,145
5245,145
5215,145
5065,145
111,1313
260,145
5087,145
5090,145
3342,214
6510,4683
1133,6444
4683,49
1133,6442
8766,6514
1133,6442
111,1335
4955,160
160,49
6514,49
5390,7822
145,8236
3491,145
66,2693
8236,49
7191,66
3706,145
49,3632
70,71
5130,145
111,1058
71,49
7423,5232
5232,49
7423,5232
3880,3881
5232,49
111,1297
3337,12
3881,49
3337,12
3975,3505
2445,145
3505,49
2445,145
1777,181
7771,7208
111,1255
5112,5882
7208,49
49,111
3345,12
5882,49
145,5420
2359,145
5420,49
49,3588
49,3446
621,622
3087,3088
49,3370
49,3707
111,1297
3707,214
3088,49
49,356
49,2353
356,49
49,3491
5096,6767
49,3547
6510,4683
4683,49
49,1335
49,3808
3370,12
1434,4381
49,2591
2591,214
4614,3929
145,7339
49,3754
3929,49
4805,66
5774,64
111,1170
5103,1713
145,7339
214,1489
1713,49
111,1211
1670,66
7662,49
49,3706
8200,282
738,739
622,4156
49,3738
111,1338
6043,12
5042,3096
111,1091
3096,49
49,204
49,2506
739,49
5247,4994
49,3687
1777,181
4994,49
49,3801
111,1211
7507,5306
7916,634
5306,49
7285,4075
111,1040
5774,64
111,1297
6654,12
49,3376
2353,145
145,3801
7916,6242
6242,111
1284,4198
49,204
3491,145
111,1239
5061,51
3547,145
6767,145
4196,2302
6510,4683
111,1279
2302,49
3808,145
111,1140
4683,49
7543,5692
204,206
5692,49
7338,7339
7175,7339
111,1164
1033,4198
7543,5692
9160,9161
7662,49
5692,49
1284,4198
1032,4187
35,33
7916,9278
1284,4198
8445,7339
9161,49
33,49
7662,49
4187,12
1032,4187
1033,4199
7339,66
7699,7698
668,635
4199,4198
49,3347
668,635
3706,145
720,635
774,635
826,635
859,635
1284,4198
204,206
204,158
282,145
4187,12
204,158
204,206
7450,7451
7698,7699
5691,5692
7698,128
128,49
5692,49
2506,145
1777,181
803,804
804,49
49,2802
1120,6170
49,2802
66,2802
66,1524
4075,145
49,3694
49,2353
49,3633
2221,2223
2223,49
6795,506
5774,5776
506,49
66,2578
8766,6514
3347,12
5203,7983
2578,49
6514,49
7450,12
7983,214
7450,12
1524,12
803,804
206,145
6510,4683
804,49
7117,66
5203,7983
4683,49
1166,6632
7983,214
6632,49
3194,1369
355,8261
7592,66
1369,49
49,3847
324,152
145,645
873,874
7460,49
873,12
5190,5746
3975,12
6765,634
8129,1369
645,646
1368,1369
1369,49
3694,12
3034,1369
646,645
206,145
1369,49
49,3620
49,3446
646,645
646,645
49,3632
206,145
66,2570
2570,214
49,3781
49,3781
145,645
49,3516
1811,635
5704,66
5031,554
3516,214
1897,635
49,3808
49,3491
7267,2302
214,158
645,647
205,214
554,49
6605,285
2302,49
6452,5007
2802,145
5007,49
49,3808
49,3457
66,1333
7662,49
49,2506
49,3338
2802,145
49,3457
3338,214
3620,12
49,3717
49,3814
2802,145
49,3710
6765,634
7012,1536
111,1066
1536,49
49,3814
3717,3773
3773,214
3389,223
5310,2366
7356,8996
7356,8900
7356,5101
7356,8847
7356,8989
7356,8664
7356,6706
7356,4358
7356,8917
7356,8876
7356,554
7356,7317
7356,9000
7356,5849
7356,5364
7356,7994
7356,2218
7356,8926
7356,8833
7994,7995
7356,8831
7356,6053
7356,4806
7356,7620
7356,9052
7356,3013
7356,9012
7356,8942
7356,1926
7356,2808
7356,770
7356,8884
7356,8886
7356,1876
7356,1564
7356,8663
7356,3751
7356,8384
7356,3652
7356,8966
7356,8805
7356,4385
7356,8950
7356,1413
7356,496
7356,8825
7356,5070
7356,2964
7356,7881
7356,3329
7356,6892
7356,4610
7356,5542
7356,3039
7356,4600
7356,7550
7356,3588
7356,4186
7356,9028
7356,7210
7356,619
7356,5297
7356,3433
7356,564
7356,2918
7356,8814
7356,8486
7356,6008
7356,5892
7356,5120
7356,8951
7356,8880
7356,9073
7356,8856
7356,1684
7356,8813
7356,8270
7356,8898
7356,33
7356,7817
7356,8873
7356,8888
7356,2974
7356,294
7356,4496
7356,7358
7356,1953
7356,8940
7550,941
7356,6580
7356,9020
7356,3101
7356,8948
7356,8916
7356,8894
7356,3810
7356,5176
7356,8294
7356,5317
7356,8947
7356,6462
7356,7026
7356,8920
7356,7826
7356,7766
7356,5491
7356,9005
7356,7553
7356,3594
7356,5190
7356,167
7356,8828
7356,4543
7356,8878
7356,7986
7356,7398
7356,3229
7356,7025
7356,8897
7356,8806
7356,1735
7356,7125
7356,1522
7356,8954
7356,8949
7356,8815
7356,5632
7356,839
7356,861
7356,8088
7356,7405
7356,5378
7356,8440
7356,9021
7356,8281
7356,7536
7356,5200
7356,1014
7356,8832
7356,4823
7356,460
7356,8937
7356,8734
7356,4513
7356,1038
7356,3188
7356,3321
7356,2040
7356,3371
7356,8984
7356,3664
7356,5128
7356,1426
7356,6531
7356,7445
7356,2054
7356,8126
7356,6303
7356,875
7356,7689
7356,5055
7356,7411
3633,145
7356,8337
7356,8891
2353,145
7356,1887
7356,3582
7356,6522
7356,9055
7356,4615
7356,8874
7356,849
7356,8389
7356,9022
7356,4819
7356,7780
7356,8067
7356,9064
7356,395
7356,9046
7356,8787
7356,4585
7356,281
7356,3719
8486,49
7356,3960
7356,693
7356,8184
7356,7618
1684,49
7356,9069
7356,7654
7356,7956
7356,8919
7356,692
7356,7422
7356,8963
7356,4102
7356,8162
4385,49
7356,6146
1522,49
7356,8800
7356,2170
7356,4409
7356,6679
7356,8634
7356,8846
7356,6163
7356,2425
7356,8003
7356,7072
33,49
7356,7533
7356,5262
7356,8675
7356,7439
7356,9044
7356,5318
7356,3234
7356,8965
7356,6606
7356,8936
7356,7626
7356,5878
3188,49
7356,4117
7356,9027
7356,9061
7356,8835
7356,5325
7356,4992
7356,826
7356,2103
7356,9025
8088,49
7356,4255
7356,7097
7356,8802
7356,5715
7356,8758
9028,49
7356,5358
7356,7434
7356,786
7356,8872
7356,2301
7356,5098
7356,8845
7356,9029
7356,7838
7986,49
7356,8844
7356,811
7356,233
7356,635
7356,8999
7356,4511
7356,5040
7356,5582
7356,4981
2170,214
2054,49
7356,2056
7356,5172
7356,917
7356,1758
7356,7771
4513,49
7356,3929
7356,8927
7356,4632
7356,8807
7356,5628
7356,8875
7356,4003
7356,4900
7356,7757
7356,4669
7356,4910
7356,1709
7356,8804
7356,2209
7356,7080
7356,2308
7356,5276
875,49
7356,4766
7356,4391
4823,49
7356,5131
7356,300
7356,5285
7356,324
7356,8355
6580,49
7356,5685
7356,3725
7356,795
7356,8946
7356,6585
5317,49
7356,9002
7620,49
7356,2249
7356,9034
7356,6232
7356,6375
7356,920
4186,49
7356,5783
7356,7408
3229,49
7356,5323
7356,4838
7356,720
7356,5202
7356,5064
7356,7506
7356,6591
7356,8977
7356,4984
7356,6438
5632,49
8270,49
554,49
1926,49
6053,49
7356,5092
861,49
7356,359
7356,2978
7356,7246
7356,6282
7356,5066
7356,7918
7356,1403
7356,5180
7356,8596
7356,188
7356,3425
7356,5386
7356,5175
7356,5221
7356,5133
7356,5349
7356,3055
7881,49
7356,5260
7356,4556
7356,5135
7356,5287
7356,7115
7356,5466
7356,7819
7356,204
7356,4108
7356,6457
7356,8152
7356,5286
7356,7595
7356,2131
7356,5880
7356,4866
7356,212
7356,925
7356,7017
7356,1907
7356,8882
7356,4424
7356,1976
7356,6083
7356,6421
7356,2248
7356,1517
7356,2278
7356,5106
7356,8759
7356,5171
7356,5186
7356,1521
7356,9015
7356,9014
7356,8105
7356,3183
7356,7939
7356,8507
7356,5249
7356,8366
7356,7648
7356,914
7356,7708
7356,7312
7356,8809
7356,5011
7356,5255
7356,5112
7356,8922
564,49
7356,5037
7356,6311
7356,8143
7356,5085
7356,7435
7356,7186
7356,1766
7356,5251
7356,7966
3234,49
7356,7460
7356,812
7356,7423
7356,5018
7356,2013
7356,4846
1887,49
7356,618
7356,5083
7356,2676
7356,4956
7356,4022
7356,453
7356,9053
7356,8660
7356,9035
7356,5373
7356,5231
7356,1618
7356,5775
7356,1704
7356,4693
7356,2256
7356,4827
7356,3194
7356,8043
7356,4069
7356,4997
7356,8041
7356,344
7356,3034
7356,5146
7780,49
7356,7925
7356,4839
7356,5210
7356,1599
2308,49
7356,8618
4979,5734
3960,49
7356,7885
7356,4990
7356,3243
7356,3962
7356,9047
7356,6815
7356,1700
7356,7392
7356,5294
7356,5157
7356,4099
7356,4964
7356,9031
7356,8129
5285,49
7356,4957
7356,2196
7356,9059
6531,49
7356,8859
7356,4592
7356,565
7356,2225
7356,6766
7356,8498
7356,1368
4632,49
7356,4978
4979,5733
7356,5014
1953,949
4615,49
8003,49
1758,49
8355,49
8759,214
70,71
4984,49
5878,49
66,2491
3582,49
7956,49
6232,49
1709,49
9025,49
9029,49
5186,5624
6679,49
9027,49
5135,49
795,49
4391,49
4069,49
6421,49
8660,49
8143,49
9015,49
5175,49
5157,49
5287,49
5466,49
3389,223
453,49
5373,49
8041,49
5133,49
812,813
233,49
1599,49
2013,49
565,49
5146,49
2256,49
3389,223
4839,49
4108,49
6815,49
1976,49
6606,49
7356,2095
7356,584
7356,5879
7356,8834
7356,5324
3389,223
7356,5254
7356,6521
7356,8857
7356,8746
7356,5074
7356,63
7356,7861
7356,9060
7356,5225
7356,3480
7356,8420
7356,8902
7356,4495
7356,9009
5018,49
7356,4004
7356,8638
7356,360
7356,3224
7356,4963
7356,5139
7356,8065
7356,6664
7356,4266
2095,2096
188,49
4846,49
7460,49
7939,49
5251,49
6083,49
3962,49
5715,49
5225,214
2978,49
1907,49
786,49
5386,49
5172,49
9014,49
5180,49
6766,66
584,49
360,49
3929,49
5879,49
8065,49
5254,49
7246,49
4424,49
1700,1701
5324,49
5262,49
4693,49
7648,49
5106,49
9053,49
4511,49
5011,49
8420,49
4409,49
1618,49
7654,49
1704,49
300,49
5325,49
71,49
5294,49
7506,49
7838,49
5286,49
2056,49
5260,49
212,49
5783,49
7017,49
66,2769
344,49
7533,49
5318,49
7536,49
9069,49
2248,49
8337,49
5085,49
8294,49
5734,49
4495,49
8596,49
5378,49
9064,49
5276,49
4669,49
6375,49
618,49
4102,49
8664,49
4819,49
5231,7151
839,49
2196,49
3425,49
1426,49
8043,49
7312,49
5775,49
4099,49
5014,49
5066,49
7462,4038
914,49
4592,49
4022,49
1517,49
1766,49
5176,1752
7708,49
7618,49
8067,49
5070,49
7151,49
7662,49
9035,49
167,49
2131,49
941,49
3055,49
8758,49
4600,49
5628,49
6282,2332
4997,49
4255,49
7080,49
7445,49
7885,49
4957,49
7626,7627
2249,49
4266,362
5323,49
7918,49
5221,49
2332,49
6591,49
5171,1956
5624,49
7995,49
1701,49
8675,49
949,49
6462,909
2096,49
4117,49
7434,49
7817,49
6521,49
925,49
813,49
5255,49
9047,49
5131,49
4038,111
1956,49
1403,49
4003,49
909,49
8663,49
7408,49
9059,49
5083,49
8440,49
7595,49
1014,3001
5055,49
7627,49
4956,49
7626,3582
49,3717
49,3814
49,3456
281,49
5202,4976
8498,66
49,2769
49,3633
3389,223
6510,4683
9031,807
49,3808
49,111
49,3633
3717,3773
3001,111
3773,214
4976,49
3582,49
4683,49
5064,49
4740,4740
4978,49
807,49
3456,49
49,3832
49,3808
4946,3220
5746,145
3220,49
49,3448
49,3814
4740,4740
5139,4765
8105,7017
4765,49
7017,49
635,206
49,3632
8155,8156
3446,145
635,206
204,206
8156,49
49,3832
2733,12
49,3446
204,206
3808,145
49,3296
49,3342
49,3706
3342,214
2733,12
4946,3220
3220,49
285,145
3491,145
204,205
49,3604
2654,66
3808,145
7259,6792
214,9294
6775,12
7662,49
7259,6792
49,3491
1333,145
2506,145
49,3445
7423,5232
3814,145
5232,49
49,3338
5101,3445
3338,214
111,1091
6792,49
3710,145
4004,4006
4979,5734
3814,145
4006,49
7259,6792
5734,49
5192,5769
49,3392
9020,145
49,2031
7553,145
9012,145
3371,145
6008,145
4806,145
3725,145
7422,145
4992,145
4358,145
6163,145
6792,49
5769,49
5249,145
8366,145
1521,145
4614,3929
8665,4799
5733,145
5704,66
251,255
3929,49
4294,4295
4295,214
254,255
528,529
4799,49
529,49
4004,4006
4006,49
49,3767
49,3283
2769,145
5210,7813
1752,145
3767,12
2333,2336
2865,12
7813,49
49,3781
49,3568
362,145
1876,1878
1876,1878
1876,1878
49,3176
4537,6937
1878,214
1878,214
4537,6937
3633,145
3814,145
49,3767
2769,145
66,2700
3767,12
3808,145
4362,66
3633,145
355,2506
7380,5295
7380,43
7380,7409
7380,7432
7380,4742
7380,2948
7380,3428
49,3672
7380,7444
7380,6605
7380,5371
7380,4918
7380,7440
7380,7385
7380,7402
7380,3300
7380,5348
7380,871
7380,7387
7380,7396
7380,7395
7380,5111
7380,7429
7380,4001
7380,884
7380,3146
7380,7416
7380,2900
7380,7440
7380,7391
7380,4965
7380,5140
7380,7414
5348,214
7444,214
3832,145
3808,145
4001,49
5140,49
4537,6937
3428,49
5765,4802
3672,49
3146,49
3814,145
4802,49
49,3781
6605,285
206,145
49,3754
49,3632
4537,6937
3224,2031
206,145
3832,145
206,145
3446,145
206,145
3706,145
6277,135
3176,3177
3176,3177
4537,6937
4537,6937
3604,145
9281,2152
145,4098
6510,4683
2152,49
145,4098
5037,12
3176,3177
3445,145
4683,49
3491,145
49,3805
4536,4537
3176,3177
3754,429
8028,2152
111,1029
2152,49
4842,2152
3445,145
2152,49
3531,3180
66,268
7662,49
49,2665
4148,4149
6130,2152
3392,145
2031,145
2152,49
884,158
49,356
2665,223
356,49
49,2665
4148,4149
2665,223
66,0
111,1029
6192,66
4979,5733
66,0
49,2435
2865,9191
7994,7995
3176,3177
7995,49
7548,7549
8258,66
9160,9161
2329,4681
7549,49
9161,49
7909,8544
7558,12
223,3781
49,1523
66,2704
4715,2374
2506,145
2374,49
4827,4828
7662,49
6510,4683
4556,4557
4557,49
4683,49
49,3781
49,3323
8755,66
375,376
376,49
3323,49
4715,4716
49,3632
4827,4829
285,145
66,2704
4716,49
4543,1518
2031,145
1518,49
5030,6345
223,2568
214,5225
66,1688
5556,66
2568,49
8706,66
619,620
8746,620
49,1893
3039,620
5225,214
4532,66
7662,49
7662,49
620,49
66,2445
8300,7112
7112,49
49,1893
145,204
4196,2302
2302,49
6462,909
7722,7723
7723,214
7662,49
204,207
207,49
909,49
204,207
66,2862
111,1139
2862,49
207,49
4149,145
204,207
6530,6531
7548,7549
7549,49
207,49
6531,49
49,2591
2591,214
49,3338
3338,214
2739,7330
355,1450
7991,7992
8113,8350
66,0
1777,181
49,3338
8024,4115
4369,66
9137,7643
5112,5882
4149,145
3726,4716
4680,5744
8113,8350
2445,145
214,9307
7745,7746
1263,799
4369,66
8113,8350
5028,6326
2209,2210
111,1139
111,1297
5092,7062
6345,7715
4979,5734
6526,4073
49,3338
66,2445
8250,2210
7572,1639
3337,3447
8272,6374
5015,6187
66,2486
405,407
66,1559
145,3054
3668,49
6345,7712
3531,6834
5733,145
145,8223
1523,145
0,2
375,376
8024,4115
145,2040
3726,2374
9137,7643
7440,5705
8024,4115
9239,2210
145,6923
5723,7643
223,3781
8283,336
1198,12
7594,66
7861,7369
8389,8390
7358,2360
6345,7712
3176,3180
2145,6918
6783,6373
5034,6373
5472,66
5137,7376
8024,4115
7440,9145
5270,3106
3409,5546
429,3461
2132,2134
5798,5799
7358,2360
7767,12
3638,7342
8101,66
375,376
3531,218
7329,7330
4680,5744
5723,7643
8283,336
7440,5705
145,8223
2209,2210
111,1297
2739,7330
111,1145
2739,7330
5723,7643
2739,7330
4979,5733
49,3338
3531,6834
66,2486
145,8223
49,3338
5723,7643
66,2831
5723,66
3461,3585
5723,66
111,1136
49,3754
7376,49
3106,49
4680,5744
4680,5744
1639,49
49,3338
7369,49
4073,49
4680,5744
6918,49
5882,49
4680,5744
7342,49
111,1354
4680,5744
111,1150
4680,5744
218,6834
4680,5744
111,1145
4680,5744
111,1145
111,1136
111,1136
111,1136
49,3347
49,3338
111,1354
111,1338
111,983
49,3853
49,3782
49,3609
49,1264
49,3303
8113,8349
7329,7330
1559,145
111,1120
49,3781
111,1120
49,3808
49,1264
49,3447
49,3708
49,3574
49,3717
49,1264
49,3754
49,3604
3054,49
49,3491
7329,7330
49,3338
49,3632
49,3285
49,3425
49,3808
49,3781
49,3847
49,2353
8113,8349
8113,8348
8113,8348
111,1088
111,1077
8113,8347
111,1336
111,1258
2360,214
111,1313
376,49
2374,49
3782,49
336,49
6187,49
3447,49
5734,49
407,49
6326,49
8390,49
1450,49
4716,49
7643,49
3754,429
3585,429
111,1088
3347,12
111,1145
7643,49
111,1336
2831,4431
6374,49
6923,49
111,1136
3425,49
7643,49
3338,214
7643,49
376,49
7643,49
2360,214
3338,214
3338,214
3338,214
3338,214
3338,214
3338,214
7746,49
405,406
2486,4341
4341,49
4431,4432
3176,3179
4271,4272
4271,4272
4271,4272
4271,4272
143,143
6092,2210
6092,2210
7329,7330
7329,7330
1014,3003
3003,111
218,6834
2278,66
8575,66
218,6834
7117,66
375,378
2831,4432
4978,49
3708,49
4272,49
1010,2295
6462,909
429,3461
152,151
2739,7331
7356,9073
7356,7654
7356,619
7356,8088
7356,1038
7356,8873
7356,5865
7356,3371
7356,3664
7356,3101
7380,3146
7380,2900
7380,7385
7329,7331
7356,5287
7356,8894
7356,3005
7356,2328
7356,8954
7356,5275
7356,294
7356,8270
7356,4504
7356,2436
7356,1684
7356,4610
7356,8902
7356,6396
7356,8968
7356,2357
7356,9060
7356,2301
7356,8891
7356,1719
7356,8928
7356,8806
7356,3810
7356,8924
7356,8898
7356,9022
7356,7550
7356,1283
7356,5317
7356,8906
7356,8868
7356,8281
7356,8949
7356,4600
7380,3428
7380,4971
7380,5371
7380,7387
7380,4918
7380,7443
7380,6605
7380,884
7380,7391
7380,7403
7380,4545
7380,7444
7356,9062
7380,4076
7356,1953
7356,1522
7356,5001
7356,8787
7356,6303
7356,1014
7356,861
7356,8942
7356,8920
7356,3188
7356,8809
7356,4060
7356,5060
7356,8294
7356,8878
7356,9020
7356,5254
7356,6053
7356,3013
7356,875
3176,3178
7356,7025
7356,7956
7356,1426
7356,8939
7356,7285
7356,8828
7356,3582
7356,3290
7356,9040
7356,4266
7356,6531
7356,2054
7356,5190
66,1757
66,2609
66,1559
7356,4513
66,2353
66,2857
7356,7445
7356,871
7356,7838
7356,8874
7356,6522
7356,8337
7356,5324
7356,5098
7356,5128
7356,6679
7356,5491
7356,826
7356,8877
7356,395
7356,8802
7356,8067
7356,9044
7356,2103
7356,6163
7356,9046
7356,4409
7356,4102
7356,8846
7356,917
7356,8862
7356,3719
7356,8634
7356,4585
7356,7780
7356,5878
7356,8675
7356,8872
7356,7422
7356,281
7356,8835
7356,8126
7356,8162
7356,4669
7356,8845
7356,795
7356,6181
7356,3234
7356,9055
7356,7072
7356,8184
7356,2170
7356,4866
7356,5056
7356,2425
7356,4391
7356,8003
7356,7411
7356,9064
7356,8389
7356,8800
7356,5074
7356,4819
7356,5189
7356,5318
7356,8963
7356,4742
7356,5225
7356,692
7356,7439
7356,7434
7356,7618
7356,8507
7356,4255
7356,1887
7356,9069
7356,7097
7356,9027
7356,4992
7356,811
7356,4003
7356,5325
7356,8936
7356,3960
7356,2056
7356,635
7356,5011
7356,8810
7356,8758
7356,786
7356,8919
7356,5582
7356,693
7356,4162
7356,233
7356,5358
7356,9029
7356,5172
7356,4511
7356,8065
7356,7689
7356,6438
7356,3929
7356,4117
7356,5715
7356,8999
7356,5323
7356,5139
7356,3224
7356,8882
7356,5092
7356,1758
7356,1709
7356,5202
7356,7423
7356,4981
7356,8804
7356,300
7356,7506
7356,3725
7356,8946
7356,2209
7356,9034
7356,5685
7356,4632
7356,7939
7356,6606
7356,5628
7356,5285
7356,6591
7356,8927
7356,8355
7356,6232
7356,7771
7356,324
7356,7080
7356,8977
7356,2308
7356,8875
7356,7757
7356,5066
7356,8834
7356,5131
7356,5055
7356,5180
7356,5879
7356,720
7356,1976
7356,4984
7356,2249
7356,9061
7356,8807
7356,6585
7356,5064
7356,5783
7356,6375
7356,4838
7356,920
7356,9002
7356,4963
7356,7861
7356,4900
7356,4910
7356,5286
7356,7648
7356,5186
7356,7819
7356,8366
7356,5221
7356,9014
7356,7115
7356,5260
7356,5349
7356,5386
7356,4556
7356,1403
7356,4108
7356,8596
7356,8922
7356,7017
7356,212
7356,2278
7356,2248
7356,1517
7356,3183
7356,4424
7356,9015
7356,5204
7356,33
7356,5112
7356,2131
7356,7918
7356,5249
7356,7312
7356,6083
7356,8420
7356,359
7356,6311
7356,8759
7356,6282
7356,5133
7356,7246
7356,6421
7356,5175
7356,3425
7356,204
7356,5251
7356,7708
7356,5146
7356,5466
7356,1618
7356,5880
7356,5171
7356,2095
7356,6457
7356,1907
7356,8105
7356,453
7356,8043
7356,2978
7356,4956
7356,914
7356,7966
7356,1521
7356,4500
7356,5018
7356,5085
7356,344
7356,618
7356,4846
7356,9035
7356,9053
7356,4693
7356,4839
7356,4022
7356,2256
7356,7435
7356,1766
7356,5083
7356,849
7356,8041
7356,4069
7356,3194
7356,4827
7356,5775
7356,7925
7356,2676
7356,812
7356,8143
7356,4766
7356,8660
7356,8129
7356,9031
7356,5294
7356,4495
7356,1700
7356,3962
7356,1599
7356,8618
7356,9047
7356,4004
7356,1704
7356,6815
7356,7885
7356,5120
7356,4990
7356,5210
7356,3034
7356,3243
7356,7186
7356,7392
7356,5373
7356,7460
7356,8498
7356,4964
7356,4957
7356,4099
7356,2196
7356,584
7356,2225
7329,7331
7356,6521
7356,5014
7356,6766
7356,4592
7356,565
7356,4978
7356,6664
7356,1368
7356,9059
1891,66
3638,7342
3839,7147
7356,3321
7356,8152
7356,7408
7356,5037
7356,8844
7356,5134
7356,5276
7356,4615
7356,5040
7356,8965
7356,9025
7356,7766
7356,7595
7356,5106
7356,4997
7356,2013
7356,5157
7356,8859
7356,5231
7356,3055
7329,7331
151,152
6282,2332
7329,7331
2739,7331
7329,7331
8711,66
7329,7331
2739,7331
7356,5255
152,8359
152,151
3531,6834
6833,6834
5028,3672
5037,6406
66,2427
2671,7170
6834,218
3178,218
3179,218
66,2845
70,71
70,71
8443,72
70,71
70,71
70,71
70,71
5584,5585
2757,12
70,71
70,71
66,598
6796,2463
4473,4475
6510,4683
70,71
70,71
9154,236
218,717
70,71
5190,5746
66,2816
2311,66
6662,5329
7767,7769
6662,4866
70,71
6662,5338
7767,7769
1856,662
3319,3974
70,71
70,71
4766,4767
9229,66
6510,4683
5171,1956
7757,428
8129,1369
5145,4659
3194,1369
7767,7768
7767,7768
3034,1369
6569,12
6462,909
7966,7266
4276,2462
3243,3244
1634,66
70,71
8272,6374
4276,5168
4276,4970
4276,5179
4276,2811
4276,1158
4276,4545
4276,5075
4276,5242
4276,5103
4276,5123
4276,4895
4276,5103
4276,3315
4276,5028
4276,4767
4276,5139
4276,4974
4276,1655
4276,2249
4276,5241
4276,5037
4276,5129
4276,2381
4276,5369
4276,4941
4276,4917
4276,5207
4276,4817
4276,3422
4276,5032
4276,5092
4276,5270
4276,3629
4276,4985
4276,5366
4276,5195
4276,5348
4276,5313
4276,5098
4276,5295
4276,4965
4276,3518
4276,3308
4276,5173
4276,4929
4276,5368
4276,4928
4276,4934
4276,890
4276,2290
4276,5277
4276,4969
4276,4873
4276,5100
4276,5007
4276,5054
4276,5320
4276,2278
4276,5284
4276,5010
4276,5275
4276,5096
4276,4948
4276,5321
4276,5223
4276,2988
4276,5334
4276,3220
4276,743
4276,160
4276,3915
4276,4979
4276,4958
4276,5090
4276,5043
4276,4887
4276,4959
4276,3099
4276,5212
4276,5382
4276,4915
4276,2913
4276,4995
4276,5068
4276,4830
4276,4890
4276,5185
4276,4875
70,71
4276,5051
4276,5265
4276,5235
4276,738
8101,66
4276,4952
4276,5332
4276,5140
4276,5262
4276,4951
4276,4949
4276,4090
4276,5390
4276,4866
4276,5011
4276,5030
4276,5016
4276,5370
4276,1583
4276,5213
4276,1040
4276,5362
4276,3105
4276,5290
4276,4891
4276,5091
4276,4863
4276,5381
4276,4920
4276,5003
4276,4721
4276,5240
4276,5286
4276,5153
4276,4883
4276,5041
4276,5220
4276,4274
4276,5269
4276,497
4276,2170
4276,5196
4276,5388
4276,5328
4276,5341
4276,4870
4276,5263
4276,5212
4276,4795
4276,4997
4276,4931
4276,4072
4276,5031
4276,5308
4276,3851
4276,5111
4276,4937
4276,5020
4276,4936
4276,5170
4276,5372
4276,4823
4276,4077
4276,5361
4276,5344
6569,12
6510,4683
70,71
214,9296
2816,214
5348,214
5220,214
2170,214
8759,214
5010,214
7444,214
5225,214
8755,66
8755,66
7615,66
6520,4935
214,9293
1529,66
70,71
1529,66
5584,5585
8258,66
4500,49
584,49
1369,49
2308,49
6421,49
4069,49
5324,49
3234,49
4391,49
8660,49
7780,49
1522,49
1887,49
8143,49
5175,49
33,49
5254,49
3960,49
5285,49
5157,49
4475,49
9015,49
5287,49
1956,49
4659,49
453,49
7147,49
7034,66
1684,49
6531,49
1976,49
5466,49
6510,4683
6815,49
3188,49
72,49
4632,49
8088,49
8041,49
6606,49
8065,49
890,49
3929,49
4424,49
5242,49
5133,49
5373,49
4615,49
233,49
1599,49
7266,49
6406,49
8003,49
1758,49
2256,49
2013,49
2988,49
565,49
4162,49
2054,49
5321,49
8355,49
4984,49
3582,49
5878,49
4839,49
5146,49
7956,49
4108,49
5007,49
5018,49
7460,49
4823,49
4513,49
6232,49
2332,49
9029,49
4846,49
5223,49
5251,49
9025,49
7939,49
6083,49
1709,49
5715,49
9027,49
6679,49
3962,49
5179,49
795,49
5204,5846
875,49
4817,49
1907,49
2978,49
5879,49
786,49
7246,49
5180,49
5172,49
5386,49
9014,49
5262,49
7648,49
4693,49
7506,49
9053,49
5106,49
4511,49
5011,49
1618,49
8420,49
5140,49
6375,49
4409,49
5068,49
7654,49
1704,49
5325,49
300,49
71,49
7838,49
4102,49
5294,49
5317,49
5286,49
2056,49
5260,49
4504,49
212,49
743,49
5783,49
8270,49
3672,49
5865,49
344,49
861,49
5318,49
6053,49
7017,49
1757,49
2248,49
5085,49
9069,49
8337,49
4495,49
9064,49
8596,49
8294,49
4669,49
5276,49
5362,49
4819,49
2196,49
618,49
1426,49
598,49
7312,49
5775,49
3425,49
5145,4659
8043,49
5014,49
4978,49
5066,49
5060,49
4099,49
4022,49
7191,66
1403,49
914,49
4592,49
1766,49
5056,49
1517,49
7708,49
9035,49
7618,49
5323,49
8067,49
5064,49
3244,49
2131,49
8758,49
3055,49
281,49
5628,49
4600,49
7445,49
4957,49
4255,49
4997,49
6374,49
70,71
7885,49
7080,49
214,9291
2249,49
4003,49
5221,49
4060,49
6591,49
7918,49
70,71
5235,49
8675,49
5043,49
4683,49
909,49
2290,49
4949,49
4683,49
3851,49
7434,49
7408,49
4117,49
3105,49
5388,49
9059,49
3428,49
5195,49
6521,49
5255,49
9047,49
3629,49
160,49
5131,49
3220,49
5083,49
5051,49
4077,49
3518,49
4072,49
2913,49
7595,49
4956,49
4970,49
4545,49
3146,49
4795,49
5055,49
5003,49
4090,49
5100,49
5075,49
3005,49
6181,49
5054,49
5041,49
4971,49
70,71
4659,49
71,49
4978,49
5846,49
4683,49
5390,7822
3754,429
70,71
995,1868
66,2403
70,71
6510,4683
70,71
9073,6707
70,71
70,71
4614,3929
7267,2302
70,71
70,71
70,71
6353,66
5202,4976
70,71
6510,4683
214,9296
995,11
995,11
995,11
9038,5581
995,11
4969,3220
9254,66
995,11
11,12
66,2881
11,12
2915,18
11,12
11,12
11,12
70,71
70,71
995,11
70,71
11,12
4294,4295
4295,214
70,71
70,71
70,71
4271,4272
223,2568
6510,4683
223,684
70,71
70,71
4985,5769
647,6247
647,8585
647,7366
2221,2223
647,4689
647,6165
5032,12
647,7575
647,8353
647,3029
647,4222
647,687
937,1499
937,1514
937,1470
214,3691
937,1508
937,1500
937,1409
937,1510
937,1481
214,9296
937,1455
937,1443
1409,214
214,9296
66,2880
70,71
214,9296
214,9296
1499,49
5581,49
66,2880
4976,49
7662,49
3929,49
7648,49
71,49
4978,49
2302,49
5769,49
2223,49
4683,49
2568,49
1455,49
1514,49
1470,49
1481,49
2880,6349
1500,49
3220,49
214,9296
70,71
2880,12
71,49
4978,49
7662,49
214,9296
7012,1536
1536,49
4978,49
428,429
1270,1189
214,9296
70,71
71,49
1270,1011
214,9296
137,138
1905,1906
4978,49
138,49
70,71
6510,4683
5032,12
4978,49
71,49
1906,49
4683,49
5798,5799
6765,634
5210,7813
9209,7611
6765,634
4978,49
6765,634
7611,214
35,6986
4978,49
7813,49
920,921
214,9296
6765,634
9209,2075
921,49
2075,49
6765,634
214,9296
4978,49
214,9296
49,3809
6765,634
4978,49
7550,941
49,3470
49,3489
49,3853
9209,7611
7611,214
3470,49
941,49
9209,2075
49,204
7757,428
49,3435
355,5712
49,3435
5712,214
4978,49
5136,7335
8155,8156
7335,49
70,71
70,71
71,49
7662,49
4978,49
8156,49
66,2444
4978,49
5798,5799
5765,4802
70,71
6130,2152
7662,49
2152,49
4978,49
71,49
4802,49
70,71
71,49
8424,7335
4978,49
6510,4683
7335,49
1678,1679
4978,49
4683,49
1679,49
4978,49
375,380
380,49
4978,49
1678,1679
70,71
1679,49
4978,49
214,9316
9107,66
71,49
4978,49
7117,66
4978,49
5270,3106
7356,9009
4767,4768
3106,49
7356,8886
7356,5056
7356,3734
7356,8638
7356,8907
7356,9021
7356,4742
7356,8831
7356,3433
7356,7437
7356,8989
7356,1734
7356,4943
7356,5364
7356,9058
7356,8872
7356,5189
7356,5176
7356,8950
66,2575
7356,9008
7356,8829
7356,72
7356,6892
7356,8633
7356,5351
7356,2918
7356,9028
7356,8833
7356,918
7356,294
7356,9007
7356,8867
7356,3915
7356,9073
7356,8947
7356,3594
7356,7882
7356,9033
7356,8734
7356,5268
7356,4186
7356,3290
7356,7358
7356,8951
7356,5354
7356,2680
7356,861
7356,4610
7356,5477
7356,6706
7356,9060
7356,8270
7356,8940
408,409
7356,8873
7356,2040
7356,7550
7356,7405
7356,7881
7356,1684
7356,3013
7356,1953
7356,4253
7356,2434
7356,770
7356,3329
7356,8888
7356,8916
7356,63
7356,8815
7356,751
7356,7826
7356,871
7356,7398
7356,8664
7356,5542
7356,7026
7356,564
7356,7025
7356,8634
7356,5865
7356,8939
7356,8787
7356,7317
7356,3229
7356,5632
7356,8954
7356,8857
7356,2054
7356,5070
7356,8937
7356,8281
7356,8902
7356,8184
7356,619
7356,1522
7356,7620
7356,7125
7356,8898
7356,7445
7356,3101
7356,7994
7356,7654
7356,5060
7356,7210
7356,1014
7356,8384
7356,5128
7356,7956
7356,3810
7356,1564
7356,8876
7356,3321
7356,839
7356,3664
7356,9020
7356,8917
7356,5190
7356,5360
7356,8996
7356,4513
7356,4358
7356,8949
7356,8897
7356,8486
7356,8806
7356,8878
7356,5287
7356,6053
7356,8894
7356,5849
7356,5074
7356,8088
7356,4266
7356,8891
7356,875
7356,8962
7356,5184
7356,496
7356,3188
7356,7766
7550,941
7356,3588
7356,5254
7356,8294
7356,9027
7356,8805
7356,6531
7356,4615
7356,7411
7356,4600
7356,1426
7356,1413
7356,8675
7356,4543
7356,6679
7356,8984
7356,8389
7356,9005
7356,9046
7356,4409
7356,395
7356,4585
7356,9061
7356,8874
7356,786
7356,9044
7356,1887
7356,8800
7356,8856
7356,2170
7356,8067
7356,7689
7356,9022
7356,281
7356,6163
7356,3719
7356,9064
7356,8126
7356,8835
7356,5491
7356,4255
7356,7817
7356,3234
7356,9069
7356,7439
7356,3606
7356,260
7356,5324
7356,8003
7356,4866
7356,1876
7356,8162
7356,8846
7356,2301
7356,3224
7356,9055
8486,49
7356,4900
7356,4823
7356,3960
1876,1878
1876,1878
1734,49
1876,1878
5354,49
1876,1878
7356,5378
7356,9025
7356,826
7356,8809
5254,49
7356,6181
7356,5011
7356,4003
7356,5582
7356,5325
1522,49
7356,8999
7356,2249
7356,8065
7356,8963
7356,3582
7356,693
7356,5715
7356,8942
7356,33
7356,5225
7356,5040
7356,7072
7356,5879
7356,8844
7356,4511
7356,5878
7356,5223
7356,8758
7356,5783
7356,4102
7356,8936
7356,233
7356,2056
7356,8965
7356,4819
7356,5358
7356,8919
7356,6660
7356,4669
7356,4117
7356,5068
7356,8810
7356,5037
7356,7434
7356,4992
7356,2103
7356,5172
5287,49
3734,49
1684,49
7356,4632
2170,214
1878,214
7356,8337
7356,4984
7356,2209
8088,49
3188,49
7356,5064
7356,6375
7356,4162
7356,1758
7356,5031
7356,5321
72,49
7356,5131
7356,6232
7356,5066
7356,4815
7356,6606
7356,920
7356,8355
7356,7918
7356,795
7356,8834
7356,2308
7356,4391
7356,6585
7356,7771
7356,8875
7356,4981
7356,9002
7356,3725
7356,4816
7356,720
7356,7757
7356,1709
7356,3929
7356,5139
7356,5685
7356,5323
7356,4838
7356,9034
7356,300
7356,5628
7356,8927
7356,8946
2054,49
7356,2248
9028,49
7956,49
7662,49
7356,5285
7356,7861
4513,49
7356,6591
7356,7506
7356,7939
9027,49
7356,4556
7356,4424
7356,3183
875,49
7356,5286
7356,7312
7356,5112
7356,9038
7356,1517
7356,324
7356,7115
7356,5180
7356,5386
7356,5186
7356,5202
7356,5175
7356,2278
7356,8152
7356,7408
7356,5362
7356,5776
7356,8922
7356,8845
7356,5349
7356,8807
5360,49
7620,49
7356,2131
7654,49
7356,5251
3229,49
7356,5260
8270,49
4186,49
7356,204
7356,8977
3345,4331
5865,49
409,49
5225,214
7356,4997
6053,49
2308,49
7356,8596
5324,49
7356,5249
7356,212
4391,49
7356,9014
3234,49
1887,49
3960,49
5175,49
33,49
7356,5085
7356,6457
7356,6664
7356,4978
7356,3962
7356,1700
7356,7966
7356,8507
7356,5171
7356,8618
7356,8129
7356,1704
7356,359
7356,5120
7356,7423
7356,8041
7356,453
7356,7595
7356,4495
7356,5135
7356,2013
7356,4592
7356,584
7356,914
7356,8859
7356,6282
7356,344
5285,49
7356,8498
7356,6083
7356,1403
7356,5466
7356,6521
7356,6421
7356,3194
7356,8660
7356,8105
7356,5133
7356,4022
7356,4069
7356,7186
7356,4964
7356,4910
7356,5373
7356,4500
7356,5106
7356,3034
7356,3243
7356,4990
7356,5221
7356,1599
7356,1907
7356,8759
7356,849
7356,4693
7356,2196
7356,812
7356,4957
7356,2978
7356,1521
7356,4099
7356,8366
7356,7819
7356,8882
7356,7246
7356,9047
7356,8143
7356,9019
7356,3005
7356,7460
7356,4766
7356,1618
7356,3425
7356,2676
7356,3055
7356,7392
7356,5083
7356,2256
7356,7435
7356,4846
7356,1368
7356,6815
7356,5880
7356,8043
7356,618
7356,5294
7356,2095
7356,2225
7356,188
7356,5157
7356,1766
7356,4827
7356,5018
7356,7885
7356,4004
7356,7925
7356,5255
7356,5204
7356,5014
7356,5775
7356,9031
7356,5146
7356,6766
7356,5210
7356,5231
6531,49
6606,49
8065,49
4632,49
6510,4683
8759,214
4424,49
3929,49
233,49
4615,49
5878,49
4984,49
1758,49
6232,49
5321,49
3582,49
8355,49
5122,7258
4162,49
4842,2152
8003,49
4500,49
584,49
5135,49
6421,49
8143,49
5157,49
8660,49
4069,49
453,49
5466,49
4331,49
6815,49
8041,49
5373,49
5133,49
8155,8156
7289,2152
1599,49
6765,634
2256,49
2013,49
5146,49
7356,8813
5018,49
8485,8156
7356,3652
7356,692
7356,9032
188,49
7356,1735
7356,7097
7356,917
7356,7553
7356,8920
7356,8828
7460,49
7356,334
7356,5055
7356,4956
7356,5262
7356,7780
7356,811
7356,4963
7356,6438
7356,7838
7356,8966
7356,9015
7356,3039
7356,5297
3039,620
9025,49
7939,49
7356,8420
4846,49
4823,49
5223,49
5251,49
7356,7708
7356,9053
7356,9035
7662,49
6083,49
7356,4839
1709,49
5715,49
8028,2152
6679,49
3962,49
7356,9059
70,71
7356,565
2978,49
795,49
6766,66
7246,49
5879,49
4816,49
1907,49
786,49
9014,49
5180,49
5172,49
5386,49
9015,49
7780,49
565,49
4839,49
4693,49
2301,2302
5262,49
5106,49
7506,49
9053,49
7356,7536
7356,5276
5011,49
8420,49
4511,49
4409,49
1618,49
66,2453
6375,49
7356,6311
5068,49
300,49
4102,49
5325,49
1704,49
7356,4108
5294,49
7838,49
71,49
4108,49
3606,5318
7662,49
5783,49
212,49
9019,49
2056,49
5286,49
5260,49
861,49
5632,49
7536,49
344,49
9069,49
2248,49
7881,49
4276,5002
4276,5232
4276,2900
8337,49
4276,1734
4276,5387
4276,5360
4276,1976
4276,1913
4276,5126
4276,5200
4276,2255
4276,5001
4276,5258
4276,4904
4276,5004
4276,2367
4276,3938
4276,2393
4276,5087
4276,5047
4276,3622
4276,3928
4276,4911
4276,2434
4276,5343
4276,5093
4276,5236
4276,5354
4276,198
4276,4984
4276,408
4276,5310
4276,5307
4276,5005
4276,4955
4276,260
4276,4205
4276,739
4276,5353
4276,48
4276,4421
4276,5230
4276,4892
4276,690
4276,5188
4276,4867
4276,4932
4276,4140
4276,5166
4276,3456
4276,4905
4276,4692
4276,1993
4276,5015
4276,694
4276,5109
4276,617
4276,3095
4276,5027
4276,5017
4276,5150
4276,2781
4276,5345
4276,5135
4276,188
4276,5069
4276,2481
4276,5322
4276,5266
4276,4872
4276,5049
4276,4922
4276,3338
4276,5058
4276,5086
4276,5177
4276,4876
4276,4914
4276,3582
4276,5191
4276,4946
4276,5346
4276,4918
4276,5204
4276,5113
4276,5065
4276,4753
4276,4587
4276,5078
4276,4998
4276,4966
4276,523
4276,4858
4276,5141
4276,1969
4276,5125
4276,408
4276,5038
4276,5121
4276,4729
4276,2221
4276,2470
4276,4441
4276,4939
4276,1626
4276,4925
4276,5288
7356,6522
4276,2240
4276,3362
4276,499
4276,4600
4276,5019
4276,1540
4276,4893
4276,5253
4276,5293
4276,5273
4276,2138
4276,4816
4276,1227
4276,5146
4276,991
4276,5165
4276,43
4276,4916
4276,4999
4276,5115
4276,4994
4276,5171
4276,5245
4276,514
4276,4968
5085,49
4276,4136
4276,5101
4276,5132
4276,2997
4276,5061
564,49
4276,5327
4276,925
4276,5082
4276,5306
4276,4923
4276,5283
4276,4869
4276,2979
4276,4488
4276,5329
4276,5243
4276,5215
8294,49
4276,5302
4495,49
4276,2099
4276,5268
8596,49
4692,214
9064,49
4669,49
4276,4444
3338,214
4276,5117
5135,49
5354,49
4276,5061
4276,5087
4276,188
1976,49
4276,5200
4276,5232
4276,4893
4276,5017
4276,5058
4276,5177
4276,5004
4276,5253
4276,4984
4276,408
4276,3582
4276,5001
4276,5093
4276,2900
4276,5306
4276,5002
4276,4858
4276,3622
4276,5126
4276,991
4276,5204
4276,2138
4276,2434
4276,4905
1734,49
4276,5178
4276,5109
4276,5065
4276,4892
4276,5132
4276,499
4276,5307
4276,3938
4276,5346
4276,4753
4276,5283
4276,694
4276,1734
4276,5230
4276,4869
4276,3456
5004,49
4276,523
2138,49
5002,49
4276,5047
4276,5135
4276,3362
4276,4918
4276,2997
4276,5266
4276,1976
4276,2255
4276,408
4276,5086
4276,1993
5306,49
4276,4816
4276,4922
4276,4994
4276,2367
4276,2481
4276,5188
4276,5215
4276,4729
4276,4999
4276,4876
4276,5113
4276,198
4276,4872
5005,49
4276,4905
4276,48
5232,49
523,49
188,49
3582,49
4984,49
5146,49
4816,49
5360,49
5078,49
5109,49
3938,49
5047,49
5243,49
5318,49
5176,1752
5117,49
1734,49
5135,49
5002,49
5178,49
5306,49
1976,49
5004,49
2138,49
3582,49
4984,49
188,49
523,49
617,49
5232,49
4816,49
5061,51
4587,49
5109,49
8664,49
5276,49
5378,49
5362,49
4819,49
3938,49
5047,49
618,49
839,49
5776,49
2196,49
1426,49
7312,49
5775,49
3425,49
5066,49
8043,49
4099,49
620,49
5014,49
5060,49
1403,49
4022,49
4978,49
2302,49
5056,49
914,49
4592,49
1766,49
9035,49
7708,49
8067,49
1517,49
4729,49
5070,49
941,49
2131,49
5064,49
5323,49
3055,49
8758,49
281,49
4997,49
4600,49
7445,49
4957,49
5628,49
4255,49
7885,49
2249,49
2453,3923
2453,3923
5125,49
4136,4137
4978,49
4003,49
5221,49
2152,49
6591,49
7918,49
8675,49
4683,49
8156,49
4140,49
4768,49
2997,49
5266,49
2781,49
7434,49
7408,49
223,4310
4117,49
3362,49
7817,49
4966,49
2221,2222
3622,49
9059,49
4753,49
5322,49
925,49
6521,49
5288,49
2222,214
4978,49
1700,1701
5255,49
5083,49
5131,49
9047,49
5353,49
3095,49
5132,49
7595,49
5038,49
48,49
4956,49
4205,49
223,2274
5055,49
4999,49
4994,49
5121,49
5191,49
4488,49
739,49
5258,49
1913,49
324,152
3456,49
4968,49
5069,49
2453,3923
2221,2222
2222,214
70,71
71,49
1969,49
1701,49
5058,49
4978,49
5293,7147
6181,49
4444,49
3005,49
49,717
49,3562
70,71
7147,49
4978,49
71,49
4282,2811
66,2570
70,71
2811,4283
812,813
2570,214
5231,7151
5139,4765
2811,4283
4283,49
7151,49
66,2700
66,2865
4765,49
71,49
9168,66
813,49
4978,49
5231,7151
5798,5799
4283,49
2865,12
5210,7813
7151,49
4978,49
4610,3611
694,695
694,695
49,3761
7813,49
4978,49
8798,4283
695,49
49,3761
214,3691
4283,49
1040,4333
4979,5734
49,3761
66,2738
8689,4283
5122,7258
3611,4610
214,717
4283,49
7662,49
5734,49
4978,49
6188,4283
49,717
6510,4683
5774,5776
5141,6751
5776,49
4283,49
4683,49
9209,7611
6751,214
7611,214
7423,5232
7181,589
4610,3611
214,717
6130,2152
4610,3611
5232,49
589,49
4955,160
2240,1520
2336,9153
2152,49
1520,49
160,49
49,3343
5183,6751
66,2855
66,2640
66,2502
6751,214
66,2489
5141,6751
49,3460
6751,214
4815,4817
812,813
66,2644
70,71
813,49
4978,49
4817,49
71,49
4978,49
5186,5624
7662,49
4978,49
619,620
4978,49
620,49
5624,49
49,3681
35,33
70,71
4978,49
66,438
9031,807
33,49
71,49
70,71
70,71
807,49
71,49
4978,49
3957,66
6378,3460
5098,66
70,71
4978,49
71,49
49,3633
70,71
4978,49
71,49
2495,12
1953,949
949,49
4004,4006
6452,4350
4978,49
4006,49
70,71
6510,4683
4978,49
71,49
4683,49
3348,1192
7662,49
49,2009
4978,49
6378,6379
5313,7806
4978,49
7806,214
66,2439
3681,8092
4004,4006
4978,49
4006,49
66,2640
9136,66
5203,7983
6378,6379
7024,66
7983,214
49,3460
7994,7995
70,71
884,885
6378,6379
2453,3921
2453,3921
71,49
66,2637
4978,49
7995,49
885,49
1071,5527
214,7158
66,2489
7158,49
7024,66
917,919
5031,554
919,49
8155,8156
66,1427
5527,8462
4556,4557
554,49
1427,49
8156,49
917,919
5049,6517
5527,8473
919,49
4557,49
6517,49
6510,4683
4978,49
223,376
66,2732
376,49
4978,49
4683,49
9107,66
66,2637
66,2887
359,360
684,12
360,49
2887,49
7460,49
2637,12
5145,4659
66,2664
917,919
4760,4759
7548,7549
4659,49
2664,49
919,49
716,12
7549,49
4978,49
717,218
70,71
71,49
66,2441
2441,49
4978,49
66,2764
2764,49
2328,12
4978,49
1457,7010
7010,214
4978,49
4100,4101
214,5413
4100,4101
1457,7010
5413,49
7010,214
1457,7010
7010,214
4978,49
66,2781
4101,7736
7736,49
2781,49
4543,1518
5202,4976
223,4314
66,2534
1518,49
6282,2332
4976,49
7662,49
4978,49
66,2894
2894,49
4978,49
2332,49
2534,49
428,429
9160,9161
2922,2924
5723,5722
4978,49
1586,1587
5474,5475
4978,49
2924,49
1587,49
9161,49
4835,66
5475,49
4978,49
5723,5722
7349,5380
4276,5009
5722,5723
1368,1369
5380,49
1369,49
9137,5722
3194,1369
9137,5722
8129,1369
1369,49
3034,1369
1369,49
4978,49
1135,6486
6510,4683
1135,6486
4978,49
4683,49
1135,6475
1135,6486
5474,5475
5475,49
4978,49
5798,5799
7380,7271
7380,4947
7380,3428
7380,7385
7380,7416
7380,4971
7380,7414
7380,7443
7380,7409
7380,4742
7380,7402
7380,7387
7380,7395
7380,5041
7380,6605
7380,2060
7380,7391
7380,2615
7380,3146
7380,5371
7380,7444
7380,884
7380,4924
4978,49
7444,214
3428,49
4947,49
3146,49
4971,49
5041,49
66,2745
7107,7071
7662,49
4978,49
7107,7071
49,3527
49,3460
8498,66
49,2637
49,3568
1135,1135
2486,4341
7925,2589
735,66
4341,49
2589,49
3726,8502
49,2565
49,3823
9137,5722
3823,49
49,3823
49,3691
3726,8502
1529,66
3823,49
49,3672
49,717
49,3451
5798,4318
3672,49
4978,49
7380,2060
49,3611
49,1893
6510,4683
4978,49
4946,3220
4683,49
4680,5744
7380,2060
5722,12
8400,8402
4318,12
7380,2060
7662,49
4978,49
3220,49
49,3527
2676,246
49,3611
214,7938
246,214
8400,8402
4978,49
7938,49
7572,1639
66,2549
5112,5882
1639,49
214,9308
49,1893
7757,428
5882,49
49,3691
214,9308
4979,5734
214,7938
5734,49
4978,49
306,307
218,7327
4978,49
5527,8464
5527,8464
2088,529
4978,49
529,49
49,3618
4595,1560
7662,49
1560,49
3618,425
425,49
3568,12
306,307
3839,7147
7460,49
4978,49
5040,66
5293,7147
6510,4683
49,3411
3529,618
214,9305
7147,49
7460,49
618,49
4683,49
66,459
2145,3429
3568,7195
9105,1358
214,6524
7460,49
4978,49
5171,1956
1956,49
4978,49
7195,49
6524,49
1794,8796
7412,6385
66,2765
307,3051
4978,49
2765,49
9154,5206
9241,1358
5206,49
4978,49
66,2663
4978,49
1010,1043
8389,8390
8390,49
2663,49
7412,6385
5145,4659
4978,49
1010,1043
4659,49
1010,1043
66,2663
49,1840
2663,49
49,1335
9281,2152
4978,49
2152,49
1010,1043
8184,335
7662,49
335,49
4978,49
5137,7376
6673,66
49,1840
7012,1536
8275,1679
7376,49
1536,49
4978,49
152,151
1679,49
7460,49
4978,49
8200,282
49,3500
8275,1679
6822,7470
849,850
5092,7061
850,49
7662,49
4978,49
1679,49
49,3500
6426,335
2195,66
2195,66
335,49
4978,49
4766,4767
754,757
49,3746
2301,2302
2302,49
6802,66
4978,49
3500,12
2195,66
3968,1521
49,1970
2195,66
1970,1971
1971,49
49,3455
849,850
4978,49
2195,66
6510,4683
151,12
850,49
4683,49
3725,145
1521,145
5746,145
5366,145
5090,145
5249,145
7422,145
8366,145
5361,145
6707,145
6163,145
497,145
4992,145
662,145
1559,145
2353,145
3808,145
3726,4716
2445,145
4115,145
3808,145
3371,145
5705,145
2353,145
3604,145
9020,145
5733,145
3491,145
4115,145
7062,145
4115,145
4978,49
4716,49
3726,8502
4350,145
3633,145
1510,145
5009,145
1443,145
438,145
5065,145
1752,145
5177,145
5087,145
5065,145
5215,145
499,145
5245,145
198,145
260,145
5177,145
3928,145
5215,145
499,145
5087,145
4441,145
198,145
3725,145
6986,145
260,145
4358,145
1521,145
4992,145
8366,145
5249,145
9020,145
6163,145
4978,49
214,7668
7553,145
5134,7342
5134,6381
66,2878
7342,49
7460,49
7668,49
66,1559
9261,9220
355,5712
6956,66
5712,214
9261,9220
6381,49
9220,49
49,132
6462,909
5015,6187
111,1279
1840,218
717,218
1457,7010
66,2570
7010,214
909,49
6187,49
2570,214
1777,181
7271,145
111,1172
2299,223
111,1145
111,1244
49,3534
9318,3707
1172,49
3707,214
4978,49
3534,49
111,1279
2609,2387
111,1094
7281,12
4978,49
1457,7010
49,14
1457,7010
132,133
7010,214
2299,223
66,630
7010,214
70,71
630,49
7662,49
71,49
1010,2293
49,3680
3680,218
66,2899
6438,3875
2899,218
49,3646
49,111
2299,223
7460,49
3717,3773
3875,49
3646,218
3726,2374
49,14
66,2870
3773,214
7861,7369
7369,49
4978,49
2374,49
2870,49
14,12
49,3680
49,111
111,1043
3680,218
4978,49
66,2899
5259,6809
70,71
71,49
2899,218
111,1043
4978,49
9261,9220
6809,49
70,71
6510,4683
4978,49
71,49
4683,49
111,1209
111,1325
111,1317
111,1313
7662,49
70,71
7325,7539
7662,49
71,49
111,1313
49,3701
49,3680
3680,218
428,429
111,1023
49,3773
70,71
3773,214
4978,49
7662,49
71,49
7745,7746
7746,49
4978,49
7043,4014
111,1353
5270,4626
7210,1477
7662,49
4978,49
4014,49
4626,49
49,3833
111,1338
111,1102
422,423
49,3833
49,994
4978,49
7043,4014
49,3680
49,3833
7662,49
66,2749
3680,218
70,71
4014,49
66,2120
8665,8666
49,3833
4097,66
3833,7325
4978,49
66,2695
71,49
3429,145
49,3850
49,3586
1135,6479
1135,6475
4978,49
4990,5468
3586,7325
49,3586
5468,49
4274,4276
49,319
1135,6465
319,218
66,2749
4978,49
1135,6074
4276,2462
1471,4253
7460,49
4310,49
4978,49
4272,49
6385,49
2575,49
2075,49
7938,49
1135,6074
2738,49
2549,49
9220,49
1209,7530
2878,49
70,71
49,3680
49,3792
4276,5025
4276,848
4276,5185
4276,5098
4276,160
4276,4971
4276,4073
4276,3315
4276,5213
4276,1583
4276,5362
4276,4883
4276,5052
4276,5269
4276,5381
4276,3629
4276,5328
4276,5058
4276,3915
4276,5341
4276,5010
4276,5187
4276,3099
4276,4970
4276,5041
4276,5092
4276,3518
4276,4870
4276,4959
4276,5020
4276,5090
4276,5351
4276,5103
4276,5123
4276,5105
4276,5270
4276,5263
4276,4899
4276,5051
4276,4243
4276,5045
4276,4920
4276,4875
4276,4077
4276,694
4276,4887
4276,5388
4276,4471
4276,2249
4276,5295
4276,3220
4276,4830
4276,4795
4276,5347
4276,5167
4276,5212
4276,5036
4276,4863
4276,5206
4276,5380
4276,2987
4276,5011
4276,5232
4276,3105
4276,5096
4276,3422
4276,4978
4276,1966
4276,890
4276,3864
4276,5130
4276,5240
4276,4274
4276,2045
4276,5212
4276,4869
4276,5054
4276,743
4276,3851
4276,5321
4276,4949
4276,4072
4276,5195
4276,5235
4276,2278
4276,6
4276,5028
4276,4951
4276,5279
4276,2988
4276,5168
4276,5030
4276,4965
4276,1546
4276,5313
4276,5275
4276,5261
4276,5119
4276,4895
4276,5111
4276,5179
4276,5249
4276,5061
4276,4866
4276,5091
4276,5361
4276,5007
4276,5242
4276,5370
4276,159
4276,3654
4276,5251
4276,4545
4276,4917
4276,5043
4276,5100
4276,2913
4276,5152
4276,2900
4276,4721
4276,5207
4276,5196
4276,4873
4276,5220
4276,2170
4276,4997
4276,5366
4276,738
4276,4817
4276,2811
4276,4989
4276,4860
4276,5308
4276,36
4276,2290
4276,4090
4276,5284
4276,5153
4276,5166
4276,3035
4276,4916
4276,5345
4276,5141
4276,5316
4276,5069
4276,5302
4276,5132
4276,4966
4276,5158
4276,1705
4276,617
4276,5387
4276,5101
4276,4205
4276,5329
4276,1227
4276,5049
4276,5360
4276,5038
4276,4962
4276,514
4276,5293
4276,4955
4276,4968
4276,739
4276,4984
4276,4946
4276,408
4276,5009
4276,4904
4276,5145
4276,5155
4276,5306
4276,5117
4276,1976
4276,4729
4276,4872
4276,858
4276,5135
4276,5268
4276,3037
4276,5245
4276,5121
4276,5288
4276,5353
4276,4488
4276,5175
4276,5343
4276,4421
4276,5188
4276,4923
4276,4918
4276,5115
4276,4871
4276,2781
4276,4942
4276,4441
4276,2240
4276,4954
4276,5203
4276,3095
4276,2221
4276,48
4276,2978
4276,5327
4276,1626
4276,1734
4276,5150
4276,5078
4276,4867
4276,5258
4276,5259
4276,5015
4276,1908
4276,4876
4276,3622
4276,1969
4276,5243
4276,43
4276,198
4276,4939
4276,5149
4276,4950
4276,4444
4276,4999
4276,4921
4276,3224
4276,925
1135,6465
36,49
4243,49
1471,4253
9022,2056
890,49
2988,49
6510,4683
3792,49
70,71
2170,214
5321,49
5220,214
3680,218
5052,214
5010,214
5007,49
7460,49
5206,49
5251,49
1546,49
5232,49
5011,49
743,49
1966,49
5179,49
4817,49
71,49
4073,49
66,2899
5119,49
5362,49
4997,49
4978,49
1678,1679
1471,4253
5135,49
1734,49
5117,49
2899,218
1135,6465
4990,5468
4990,5468
1679,49
4990,5468
5175,49
1976,49
4990,5468
5242,49
4990,5468
5306,49
4984,49
617,49
7310,7311
2978,49
5360,49
6509,4253
2009,2010
5078,49
5243,49
71,49
111,1014
1135,6465
2056,49
4729,49
2249,49
5043,49
4683,49
1135,6479
2290,49
70,71
2781,49
3105,49
3851,49
4966,49
5388,49
1135,6465
3622,49
145,2892
71,49
7662,49
66,2899
3220,49
848,49
925,49
4949,49
3629,49
5195,49
5468,49
4950,49
160,49
5288,49
5353,49
3518,49
5051,49
4072,49
4962,49
4545,49
2913,49
48,49
4999,49
4970,49
4205,49
2899,218
5100,49
4968,49
4090,49
4488,49
4795,49
5054,49
5041,49
5258,49
5069,49
5058,49
1969,49
739,49
7310,66
3037,49
858,49
4471,49
5025,49
5149,49
4444,49
1908,49
4971,49
4954,49
3864,49
5347,49
5152,49
5167,49
5158,49
5141,6751
2010,49
2892,49
6751,214
2120,49
4990,5468
4990,5468
4990,5468
4990,5468
5096,6767
5141,6751
5270,4626
70,71
9261,9220
4990,5468
4990,5468
4990,5468
4990,5468
6751,214
4978,49
71,49
5038,49
5235,49
3095,49
5121,49
5468,49
5132,49
4077,49
4626,49
9220,49
1189,7232
66,2556
1189,7232
7648,49
2556,49
49,994
49,1487
49,3814
49,1572
1572,218
5380,49
66,2603
7662,49
4978,49
111,1317
111,1082
282,145
4978,49
5714,5715
49,3680
1777,181
3680,218
70,71
5715,49
2603,49
49,994
49,2822
7600,7601
7601,218
4978,49
71,49
7600,7601
5477,7239
7601,218
5714,5715
5203,7983
66,2414
49,3680
7983,214
3680,218
4990,5468
5468,49
5715,49
789,790
49,3684
3684,218
735,66
3348,12
4946,3220
3348,12
1521,145
3220,49
7356,5101
7356,1735
7356,5563
7356,5849
7356,8857
7356,8865
7356,8917
7356,1564
7356,9060
7356,7817
7356,8951
7356,8906
7356,8664
7356,7405
7356,490
7356,564
7356,9000
7356,496
7356,8184
7356,8891
7356,8938
7356,3371
7356,1876
7356,8270
7356,3039
7356,8961
7356,3664
7356,2964
7356,5317
7356,5189
7356,6580
7356,4010
7356,3480
7356,8968
7356,4060
7356,5268
7356,7390
7356,8805
7356,8486
7356,7826
7356,8939
7356,1522
7356,4358
7356,8806
7356,751
7356,8876
7356,8937
7356,6178
7356,5060
7356,294
7356,1413
7356,8108
7356,8828
7356,4543
7356,1953
7356,4610
7356,7994
7356,5632
7356,3588
7356,8873
7356,7445
7356,3188
7356,7881
7356,5297
7356,3290
7356,8872
7356,3328
7356,3719
7356,693
7356,8996
7356,6303
7356,9052
7356,8848
7356,167
7356,334
7356,9046
7356,7986
7356,8984
3039,620
1876,1878
7356,395
7356,1014
7356,9073
7356,1926
7356,8020
7356,8902
7356,5056
7356,9012
7356,7097
7356,8663
7356,8967
7356,5074
7356,6053
7356,4504
7356,7285
7356,8954
7356,2054
7356,6766
7356,3606
7356,8962
7356,9005
7356,7025
7356,9040
7356,9020
7356,5254
7356,8878
7356,7766
7356,2218
7356,7780
7356,1038
7356,5262
7356,5287
7356,2434
7356,8877
7356,3810
7356,8894
7356,3321
7356,1887
7356,5865
7356,7654
7356,5892
7356,3582
7356,619
7356,2170
7356,8928
7356,8898
7356,8856
7356,8949
7356,8920
7356,8281
3348,1192
7356,2099
1878,214
7356,8294
8486,49
7356,8088
7356,8003
7356,5378
7356,4984
7356,7956
7356,6531
7356,9055
7356,6679
7356,5128
7356,9069
7356,7533
7356,4513
7356,4585
7356,5055
7356,5879
7356,8126
7356,6522
7356,5223
7356,8835
7356,281
7356,8675
7356,875
7356,5225
7356,4409
7356,5491
7356,7324
7356,9044
7356,1426
7356,7411
7356,4600
7356,4819
7356,8832
7356,8874
7356,7439
7356,4992
7356,260
7356,3234
7356,8800
7356,6660
7356,4102
7356,4943
7356,5134
7356,786
7356,5324
7356,4615
7356,8067
7356,7422
7356,7838
7356,6163
7356,5068
7356,8963
7356,5325
7356,8389
7356,9022
7356,4816
7356,3013
7356,8919
7356,8787
7356,861
7356,8162
7986,49
6178,49
4060,49
5632,49
4010,49
7445,49
5060,49
5317,49
167,49
3188,49
7817,49
8664,49
1522,49
7881,49
8270,49
6580,49
564,49
7356,5582
7356,5318
7356,8355
7356,3960
7356,6181
7356,9025
7356,1758
7356,7689
7356,5040
7356,4117
7356,4255
7356,7434
7356,4823
7356,8844
7356,2056
7356,811
7356,8965
7356,8834
7356,8936
7356,8845
7356,8758
7356,8882
7356,5354
7356,8942
7356,8999
7356,8065
7356,9061
7356,5172
7356,7072
7356,233
7356,2425
7356,4003
7356,5276
7356,5251
7356,5878
7356,5783
7356,2103
7356,6375
7356,5358
49,3547
7356,917
7356,826
66,2820
66,2433
7356,8810
7356,4981
7356,3929
5225,214
2615,12
2170,214
7356,5112
7356,5011
7356,5628
7356,7757
7356,6438
7356,2308
7356,7115
7356,1521
7356,6606
7356,5131
7356,3725
7356,1709
2820,214
7356,9002
7324,214
7356,4900
7356,8875
7356,300
7356,2248
7356,6232
7356,5323
7356,9034
7356,4838
7356,7771
7356,6591
7356,5285
7356,4391
7356,4632
7356,920
7356,4815
7356,6311
7356,8337
7356,8927
7356,9029
7356,4669
7356,795
7356,5064
7356,7861
7356,7925
7356,5139
7356,925
7356,5202
7356,4963
7356,5186
7356,5018
7356,6282
7356,7408
7356,5349
7356,3183
7356,8759
7356,5066
7356,2278
7356,8596
7356,9015
7356,5180
7356,5685
7356,8807
7356,7506
7356,8922
7356,2256
7356,4108
7356,720
7356,4556
7356,6421
7356,8977
7356,5221
7356,7312
7356,8420
7356,4866
7356,2131
7356,7423
7356,5386
7356,7939
7356,5880
7356,212
7356,5260
7356,1403
7356,5175
7356,4958
7356,7918
7356,5286
7356,204
7356,3055
7356,7246
7356,188
7356,7595
7356,5133
7356,6457
7356,3005
7356,9014
7356,9035
7356,7460
7356,5255
7356,7819
7356,8366
7356,5106
7356,1907
7356,5466
7356,4956
7356,5204
5354,49
2308,49
6421,49
7356,2095
5324,49
7356,914
7356,4022
3234,49
7356,33
6531,49
5254,49
9015,49
5285,49
4391,49
1887,49
8088,49
7356,4910
5287,49
3960,49
8759,214
7356,6815
7356,4693
8065,49
7356,4766
6606,49
7356,8809
4632,49
7356,8143
7356,1599
7356,4495
7356,3194
7356,584
7356,2013
7356,5373
7356,5146
7356,5171
7356,5083
7356,618
7356,453
7356,8660
7356,4069
7356,4997
7356,7966
7356,6083
7356,1766
7356,1618
7356,4846
7356,8105
7356,5085
7356,344
7356,3034
7356,3243
7356,5294
7356,5231
7356,1704
7356,7435
7356,4839
7356,8041
7356,812
3929,49
7356,849
5878,49
2054,49
4615,49
2256,49
7956,49
7356,3962
233,49
4984,49
7356,8129
8003,49
8355,49
9029,49
6232,49
4108,49
7356,9047
4823,49
5018,49
4513,49
7356,8498
5386,49
5011,49
5879,49
786,49
7939,49
4816,49
1709,49
7506,49
6679,49
875,49
795,49
7356,2676
5172,49
9025,49
5223,49
5262,49
7356,5210
5180,49
7356,4964
7356,5775
7356,4990
7356,4957
7356,5776
7356,8859
7356,2196
7356,5157
7356,4099
7356,4004
7356,8618
7356,2225
7356,7885
7356,9031
8420,49
7838,49
5068,49
7654,49
5325,49
300,49
6375,49
7356,6766
4102,49
4409,49
2056,49
6053,49
861,49
5783,49
5286,49
212,49
5260,49
4504,49
5865,49
5318,49
1926,49
7356,4592
9069,49
8337,49
8294,49
7533,49
2248,49
7356,1368
7356,6521
7356,6664
7356,4978
7356,565
7356,5014
2240,1520
5378,49
8596,49
5066,49
7312,49
4819,49
1426,49
4669,49
5276,49
620,49
8067,49
4978,49
5056,49
1403,49
2131,49
8758,49
5064,49
6510,4683
281,49
5628,49
5133,49
8660,49
8143,49
6060,66
8041,49
4069,49
453,49
5466,49
33,49
1599,49
565,49
2013,49
4942,5075
4839,49
3582,49
5146,49
7246,49
5251,49
5106,49
4693,49
1618,49
9014,49
3962,49
6083,49
7460,49
1520,49
4846,49
1907,49
188,49
66,2615
1704,49
2196,49
5294,49
4099,49
5776,49
4495,49
5775,49
344,49
5085,49
618,49
914,49
9035,49
4022,49
4997,49
1766,49
4592,49
4600,49
4957,49
5014,49
5323,49
3055,49
4978,49
7885,49
4003,49
4255,49
6591,49
7918,49
8663,49
8675,49
4683,49
7408,49
5221,49
7434,49
6521,49
5210,7813
5255,49
70,71
3005,49
8020,49
6181,49
4956,49
5083,49
5131,49
5055,49
49,3618
812,813
2615,12
6815,49
5157,49
7780,49
584,49
5175,49
5373,49
9233,12
7595,49
925,49
4117,49
7813,49
71,49
9047,49
7356,7620
49,3680
7356,8900
7356,8880
7356,5031
7356,3101
7356,4266
1873,1875
7356,5362
7356,7708
7356,7392
7356,1700
7356,7186
7356,9053
7356,8152
7356,2209
7356,359
7356,4500
7356,4827
7356,324
7356,3425
7356,9059
7356,8946
7356,4511
7356,8043
111,1338
1873,1875
66,2899
4766,4767
4942,5417
1758,49
4500,49
7620,49
9053,49
5362,49
3425,49
9059,49
813,49
8043,49
49,3680
1875,1873
7356,1517
7356,4424
70,71
5015,6187
66,2516
4424,49
4978,49
4511,49
71,49
7708,49
6187,49
49,3632
49,3684
3680,218
2899,218
1517,49
4978,49
694,695
355,5712
49,3680
1559,145
49,3675
5712,214
695,49
49,3421
49,1413
111,1308
5171,1956
3421,214
1956,49
49,3675
66,2899
3680,218
3684,218
66,2640
381,375
2899,218
5370,9244
70,71
4990,5468
71,49
4990,5468
4978,49
49,3660
49,3684
4990,5468
4990,5468
4990,5468
214,9250
49,3680
3343,4304
4942,5417
5370,9244
5468,49
8365,66
49,3680
3680,218
3684,218
6510,4683
3680,218
5310,2366
66,2716
66,2861
223,1640
4683,49
2861,218
111,1082
1160,288
6378,3460
4304,49
4978,49
1640,49
288,49
66,2591
66,1757
49,3684
66,2353
6378,3460
3684,218
2591,214
66,2657
70,71
4978,49
49,2568
66,2502
8384,7636
71,49
5831,3234
4978,49
2568,49
1757,49
1626,1627
2550,5579
4473,4475
1626,1627
9258,558
9258,558
1808,558
7636,49
4475,49
3234,49
558,49
1626,1627
1627,49
1626,1627
789,790
1627,49
558,49
4978,49
2979,2980
8384,7636
555,558
2979,2980
66,2550
8442,558
6254,558
1543,558
8147,558
1636,558
7567,558
66,2665
8384,7636
3660,12
7150,558
6402,558
5831,3234
8505,558
8666,12
7636,49
790,49
5517,558
66,2861
5666,558
3250,558
2861,218
4340,558
7755,558
6889,558
70,71
66,2550
9322,6434
4978,49
71,49
7232,7233
725,726
49,111
5470,2271
70,71
9322,9323
66,2665
2271,49
7648,49
71,49
111,570
7232,7233
8665,6951
6951,49
2980,49
7662,49
6434,49
558,49
49,3660
49,908
70,71
3660,12
908,214
71,49
7662,49
70,71
66,2861
5527,8466
71,49
2861,218
111,570
1457,7010
725,726
3348,4359
7010,214
907,12
70,71
2987,2988
4978,49
66,376
5399,584
145,6743
8665,6951
6510,4683
2988,49
584,49
376,49
70,71
66,2899
7648,49
4978,49
49,2665
1101,12
2899,218
4979,5734
145,8242
5734,49
111,570
726,12
5231,7151
2987,2988
2988,49
66,1608
111,1189
4979,5734
66,376
1189,7233
71,49
5734,49
7151,49
4683,49
4978,49
376,49
6193,6195
6951,49
145,3728
49,2637
49,3706
2550,12
3728,218
6193,5035
7861,7862
4978,49
2550,12
4421,4422
66,2550
9031,807
66,2861
4422,49
49,2353
70,71
2861,218
3761,6704
7155,2256
8436,66
807,49
71,49
6704,49
4978,49
2256,49
2550,12
1189,7233
70,71
7460,49
6303,6304
49,2861
49,3381
2861,218
5527,8461
8410,5719
6304,49
6522,66
71,49
5527,8461
66,2699
70,71
7155,2256
1189,7233
7689,7296
71,49
1189,7233
1189,7233
5719,12
70,71
71,49
2256,49
49,2861
49,2899
1010,2293
2899,218
2861,218
6274,12
7296,49
49,3675
1010,2294
145,5781
66,2876
5781,49
4978,49
49,3497
70,71
1010,2294
66,2483
3874,3875
7696,5719
7696,5719
71,49
3875,49
49,2009
5719,12
49,376
5719,12
2665,223
5245,145
4441,145
198,145
5009,145
5249,145
376,49
5366,145
49,2450
5090,145
5361,145
5130,145
5045,145
8389,8390
66,2450
66,2876
375,383
70,71
71,49
214,2450
1189,7233
2876,12
49,3816
3816,218
2876,12
1189,7233
70,71
71,49
8390,49
49,1991
49,3728
49,3331
3728,218
3331,218
145,217
66,2899
217,218
1991,49
7460,49
49,2899
4952,5177
7689,7296
4952,5177
2899,218
355,6658
6767,145
14,12
6658,218
4978,49
70,71
66,2897
4952,5177
70,71
3814,145
66,2441
71,49
7460,49
2897,49
49,3399
5105,4188
3399,218
2441,49
7296,49
49,3739
49,2899
145,3728
145,4675
3739,218
2899,218
3728,218
4675,218
7232,7233
66,2524
66,2861
7460,49
49,3423
7232,7233
2861,218
2009,12
4978,49
49,2657
3423,12
6510,4683
49,3728
3728,218
111,1279
2657,12
66,2861
111,1279
7662,49
4683,49
2861,218
49,1378
49,2899
2899,218
1378,49
49,3728
49,2009
49,75
7689,7296
2009,12
3728,218
5708,2156
4978,49
7296,49
49,3548
3968,1521
66,2604
218,7327
2604,6317
49,2009
70,71
9012,145
9020,145
3371,145
4358,145
260,145
7422,145
145,3728
4992,145
145,3240
6163,145
70,71
3728,218
4978,49
3240,49
71,49
2156,49
49,3728
2009,12
1521,145
8366,145
3547,145
2433,145
3725,145
3728,218
49,2899
2352,12
2899,218
5092,7062
4978,49
49,2920
49,3603
1837,1838
111,1194
2920,218
9160,9161
66,1757
66,2591
7662,49
1757,49
4978,49
9161,49
1838,49
49,3728
2591,214
3728,218
49,2899
5417,145
5708,2156
2899,218
111,1279
4979,5733
2187,2188
2156,49
4978,49
66,2894
4978,49
2894,49
49,3684
3684,218
4835,66
49,2899
49,3728
49,3785
2899,218
3728,218
3785,218
70,71
71,49
49,3618
5202,4976
9250,145
145,3728
5417,145
4978,49
4976,49
3728,218
111,975
5145,4659
70,71
66,2397
49,3381
66,2861
4659,49
71,49
4978,49
49,3728
2353,145
2861,218
3728,218
1189,7233
7263,7264
145,3728
3728,218
4978,49
4978,49
70,71
3013,12
5061,51
4407,12
71,49
70,71
71,49
5150,7589
6510,4683
4978,49
4683,49
3013,12
111,1218
1189,7233
4978,49
3529,618
7589,111
4989,3424
1189,7233
618,49
49,3680
49,3347
3680,218
4989,3424
1189,7233
70,71
5685,5686
5686,49
71,49
111,1063
1189,7233
1189,7233
49,3754
2695,7479
4978,49
8573,66
49,3424
5484,12
4978,49
6714,6715
6714,6715
6715,214
4978,49
70,71
1194,986
49,3728
5101,7132
830,66
3728,218
830,66
71,49
5341,6374
49,3320
49,2899
2899,218
70,71
7263,7264
71,49
6374,49
4978,49
49,3442
2060,2061
4276,2170
4276,4004
4276,2249
4276,5083
4276,5284
4276,4545
4276,1618
4276,1546
4276,3629
4276,4984
4276,5124
4276,5119
4276,5332
4276,5179
4276,5201
4276,5041
4276,5109
4276,5367
4276,4997
4276,3188
4276,5359
4276,5058
4276,2811
4276,5206
4276,4978
4276,278
4276,4941
4276,4910
4276,3622
4276,5028
4276,3864
4276,890
4276,4869
4276,5011
4276,4917
4276,4099
4276,5007
4276,5061
4276,1734
4276,5235
4276,3220
4276,4473
4276,5112
4276,5285
4276,42
4276,694
4276,5036
4276,2290
4276,5132
4276,5384
4276,5220
4276,5100
4276,4422
4276,5054
4276,5347
4276,5262
4276,5153
4276,5255
4276,5210
4276,5311
4276,2900
4276,5388
4276,3099
4276,4471
4276,4971
4276,5317
4276,5196
4276,738
4276,408
4276,5270
4276,5261
4276,2278
4276,4243
4276,5030
4276,5294
4276,5242
4276,5025
4276,2351
4276,4090
4276,5177
4276,5274
4276,3643
4276,5093
4276,5159
4276,3938
4276,4077
4276,2913
4276,5386
4276,4753
4276,5195
4276,2988
4276,4073
4276,5230
4276,5092
4276,5260
4276,5098
4276,3518
4276,5212
4276,4959
4276,236
4276,3851
4276,743
4276,5249
4276,4920
4276,4877
4276,5362
4276,3105
4276,5321
4276,4970
4276,523
4276,5168
4276,4895
4276,3362
4276,5251
4276,5219
4276,5173
4276,5167
4276,4936
4276,3422
4276,4873
4276,5052
4276,5010
4276,4072
4276,3582
4276,5051
4276,4866
4276,5032
4276,1704
4276,4949
4276,4957
4276,5213
4276,5223
4276,5374
4276,1966
4276,5276
4276,848
4276,497
4276,5325
4276,5096
4276,5306
4276,5045
4276,233
4276,5152
4276,4274
4276,5135
4276,5047
4276,1993
4276,4136
4276,5258
4276,3095
4276,4950
4276,4960
4276,48
4276,5343
4276,4846
4276,2221
4276,5113
4276,5015
4276,1227
4276,5175
4276,4914
4276,5327
4276,3224
4276,4669
4276,5293
4276,4729
4276,5191
4276,5146
4276,4981
4276,514
4276,1969
4276,5244
4276,4140
4276,5149
4276,858
4276,1626
4276,4992
4276,4999
4276,5157
4276,5145
4276,4867
4276,5085
4276,5387
4276,1976
4276,5360
4276,5259
4276,5180
4276,807
4276,5391
4276,3037
4276,5038
4276,2240
4276,4968
4276,3638
4276,2997
4276,4932
4276,4991
4276,4872
4276,5329
4276,4911
4276,5155
4276,5078
4276,5019
4276,5082
4276,2978
4276,4962
4276,3725
4276,5049
4276,2393
4276,5377
4276,3035
4276,5203
4276,4409
4276,3534
4276,4916
4276,5158
4276,617
4276,4882
4276,5353
4276,4990
4276,4441
4276,1908
4276,4424
4276,4839
4276,3055
4276,5326
4276,360
4276,5358
4276,4444
4276,5069
4276,5302
4276,5349
4276,5172
4276,5316
4243,49
5175,49
5135,49
1734,49
5285,49
5157,49
3188,49
360,49
1976,49
2170,214
5321,49
233,49
2988,49
4984,49
5306,49
5052,214
5242,49
4424,49
5220,214
4839,49
5010,214
890,49
4846,49
5223,49
236,49
617,49
3582,49
5251,49
5007,49
523,49
5206,49
4409,49
5360,49
5262,49
5325,49
1704,49
2978,49
5180,49
1618,49
5179,49
5172,49
1546,49
5011,49
5386,49
3055,49
5047,49
66,2499
4978,49
4729,49
4099,49
4073,49
5078,49
4669,49
3938,49
743,49
5085,49
5362,49
5276,49
5109,49
42,49
3105,49
4949,49
5235,49
5274,49
5388,49
2290,49
5119,49
2997,49
4140,49
4957,49
2249,49
3534,49
3851,49
4997,49
3362,49
7662,49
5061,51
807,49
3629,49
5132,49
3518,49
3095,49
5195,49
4077,49
5260,49
2913,49
1966,49
5083,49
5051,49
3622,49
5353,49
4072,49
5038,49
5255,49
5146,49
5317,49
4970,49
4962,49
4753,49
848,49
3220,49
4545,49
4950,49
5294,49
3706,145
4968,49
5258,49
5100,49
48,49
4090,49
4999,49
5191,49
5041,49
5054,49
1969,49
2351,49
5311,49
5244,49
4971,49
4444,49
5025,49
5149,49
858,49
5367,49
5152,49
1908,49
278,49
5219,49
5374,49
3037,49
4422,49
5124,49
5201,49
2061,49
49,3442
5167,49
5058,49
3643,49
5069,49
3864,49
4991,49
5391,49
5359,49
5158,49
5159,49
4471,49
5347,49
4978,49
8155,8156
2353,145
8156,49
70,71
3381,145
5145,4659
71,49
3345,12
49,3691
3442,12
5714,5715
738,739
5715,49
4978,49
4659,49
7698,7699
739,49
8770,12
7698,7699
4978,49
7698,128
128,49
49,179
1678,1679
1679,49
179,49
6510,4683
3345,12
4683,49
4978,49
4978,49
214,9250
4955,160
4704,66
160,49
4978,49
2732,12
70,71
4978,49
5177,145
71,49
49,2347
7662,49
2060,2061
5114,160
160,49
2061,49
49,356
49,914
5270,4626
4704,66
6510,4683
356,49
4626,49
914,49
1263,799
3754,429
4978,49
4683,49
49,1264
49,2504
70,71
4978,49
1521,145
71,49
49,315
70,71
4978,49
7062,145
8762,66
71,49
7662,49
4978,49
66,2491
2221,2222
2222,214
159,160
70,71
4978,49
2417,12
2504,4579
4579,49
5733,145
71,49
160,49
4978,49
49,3632
49,3355
49,3355
2301,12
9255,66
3126,3127
4978,49
70,71
71,49
315,49
66,2444
111,1338
4978,49
49,3338
49,2504
8342,2302
3338,214
2302,49
4978,49
3127,111
66,2504
4978,49
3381,145
4978,49
70,71
2504,12
4978,49
71,49
7460,49
4978,49
49,3496
6510,4683
4978,49
49,914
5384,499
914,49
4683,49
66,2613
218,3054
4978,49
70,71
218,7328
4614,4118
3054,49
4978,49
71,49
145,3794
4118,214
7328,49
7662,49
4978,49
4978,49
7043,7044
49,3855
218,7328
7089,1946
1946,49
7328,49
7044,7043
145,2318
2311,12
4978,49
7460,49
49,1527
2318,214
2311,12
7089,1946
4332,3345
1010,2294
4332,3345
1946,49
49,1527
3725,145
4992,145
5177,145
497,145
5249,145
4441,145
5045,145
4978,49
7662,49
3345,4330
1527,12
4978,49
1110,208
49,3355
7662,49
4978,49
4330,12
8798,4283
6193,5035
70,71
4614,3929
4283,49
71,49
3929,49
4978,49
2811,4283
49,3355
66,2120
70,71
6510,4683
4283,49
6193,5035
8582,245
71,49
4683,49
2120,49
111,1110
245,49
18,19
49,3451
4978,49
49,3691
4136,4137
7662,49
111,979
49,2499
4978,49
7572,1639
18,19
1639,49
7662,49
9250,145
4978,49
145,3383
70,71
70,71
3697,80
4978,49
71,49
8582,245
7997,7998
245,49
7997,7998
70,71
7997,2702
71,49
4978,49
13,14
7998,7997
3347,12
3347,12
5186,5624
5714,5715
410,413
355,414
5715,49
5624,49
4978,49
4614,3929
7998,7997
414,49
4978,49
3929,49
111,61
4978,49
49,3773
3773,214
4815,4817
3345,12
4817,49
4838,12
4978,49
6510,4683
4978,49
4683,49
49,3451
7226,7227
4978,49
5307,571
70,71
3366,501
1678,1679
3451,3451
1679,49
71,49
571,49
70,71
49,2665
66,2662
111,1063
4978,49
71,49
2665,223
214,9303
4978,49
111,1251
66,2816
1413,12
2816,214
4978,49
145,3383
49,2802
2493,12
70,71
71,49
4978,49
2232,922
2881,12
7460,49
7356,2458
7356,7434
7356,2916
7356,5491
7356,8867
7356,7439
7356,8816
7356,8950
7356,8878
7356,8866
7356,8949
7356,9060
7356,564
7356,8930
7356,8486
7356,8831
7356,9028
7356,2680
7356,8088
7356,8973
7356,6396
7356,1283
7356,8270
7356,8664
7356,5146
7356,3013
7356,8862
7356,3371
7356,1413
7356,8873
7356,3751
7356,2357
7356,2425
7356,9069
7356,770
7356,692
7356,8281
7356,8886
7356,5056
8486,49
7356,8937
7356,7026
7356,8965
7356,5354
7356,3433
7356,2328
7356,2918
7356,3652
7356,5640
7356,294
7356,8384
7356,8954
7356,8924
7356,1876
8088,49
7356,1953
7434,49
4978,49
7356,8978
9028,49
7356,774
7356,7817
7356,7025
7356,9027
7356,5318
7356,5068
7356,6706
7356,8856
7356,1704
7356,5582
7356,9021
7356,3290
7662,49
7356,5070
1876,1878
7356,1101
7356,260
7356,3664
7356,7435
564,49
7356,8675
7356,6053
7356,8126
7356,3594
7356,3329
7356,619
7356,8962
7356,8888
7356,7689
7356,9058
7356,9020
7356,7398
7356,6531
7356,7358
7356,63
7356,8939
7356,9044
7356,871
7356,8898
7356,5176
7356,7648
7356,5134
7356,7819
7356,72
7356,2436
7356,8815
7356,4819
2328,12
7356,2301
7356,693
7356,3055
7356,8984
7356,8940
7356,5168
7356,8902
7356,3582
7356,8389
7356,4409
7356,1684
7356,3229
7356,1811
7356,8897
7356,2040
1878,214
7356,4424
7356,6660
7356,2170
7356,7780
7356,5085
7356,8966
7356,2054
7356,8638
7356,5133
7356,5180
7356,5120
7356,7956
7356,4990
7356,1014
7356,635
7356,5685
7356,7125
7356,668
7356,8891
7356,2103
7356,6522
7356,4615
7356,4513
7356,9022
7356,7210
7356,7766
7356,8618
7356,4117
7356,281
7356,9046
7356,7553
7356,8067
7356,1947
7356,4266
7356,5254
7356,8521
7356,5074
7356,8874
7356,7533
7356,7072
7356,9055
7356,5628
7356,839
7356,5225
214,9303
7356,7097
7356,7550
7356,2927
7356,917
7356,8003
7356,8162
7356,8942
7356,8963
7356,4585
7356,4866
7356,3234
7356,5285
5180,49
3582,49
5225,214
4424,49
2170,214
5133,49
5254,49
4409,49
5068,49
9027,49
7356,4102
7356,8936
8003,49
5354,49
2054,49
5527,8461
7956,49
1684,49
7356,9061
7356,4900
7356,8800
7356,3960
7356,8065
7356,6181
1704,49
7356,2056
7356,7838
7356,8927
7356,4823
7356,8758
7356,4003
7356,4255
7356,826
7356,6606
7356,8807
7356,9029
3229,49
7356,8919
7356,8999
7356,5879
7356,5878
7356,4963
7356,786
7356,4997
7356,5031
7356,2308
7356,8355
7356,4511
7356,9025
7356,8845
8270,49
7356,5040
7356,8882
7356,2209
7356,9002
7356,8596
7356,2095
7356,7708
7356,8977
7356,8946
7356,5255
7356,4500
7356,5186
7356,3425
7356,4391
7356,9053
7356,920
7356,7918
7356,914
7356,795
7356,5066
7356,5139
7356,2131
7356,5171
7356,9038
7356,6232
7356,8129
7356,5373
7356,584
7356,5221
7356,8507
7356,2332
7356,1758
7356,5202
7356,4556
7356,4766
7356,8810
7356,4108
7356,9035
7356,5783
7356,2278
7356,9014
7356,188
7356,4958
7356,8875
7356,5106
7356,9034
7356,2256
7356,720
7356,7595
7356,3005
7356,4827
7356,6421
7356,300
7356,7757
7356,4838
7356,7939
7356,9015
7356,3243
7356,4964
7356,4956
7356,4632
7356,5064
7356,7506
7356,3183
7356,2248
7356,8366
7356,8660
7356,8759
7356,1907
7356,4022
7356,5018
7356,1403
7356,4693
7356,925
7356,7771
7356,8834
7356,1517
7356,5204
7356,5294
7356,8420
7356,7966
7356,8922
7356,1709
7356,2978
7356,3929
7356,1766
7356,8809
7533,49
7356,5286
7356,7246
7356,6311
7356,204
7356,324
7356,7312
5318,49
7356,8337
7356,8152
7356,5466
7356,4846
6053,49
839,49
7550,941
7356,8143
7356,6083
5056,49
7356,7186
8521,49
8067,49
7817,49
5070,49
7356,1368
4117,49
3055,49
7356,4004
7356,8105
7356,849
7356,453
7356,4978
7356,5210
7356,4069
7356,6521
7356,6815
7356,5014
7356,5157
7356,6766
7356,7885
7356,618
7356,8498
7356,1521
7356,4957
7356,5399
7356,4495
7356,2676
7356,9047
7356,8041
7356,2225
7356,2013
7356,5776
7356,3034
7356,5231
7356,9031
7356,3194
7356,4592
7356,8859
7356,9059
7356,6664
7356,7392
7356,1599
7356,5775
2373,2374
281,49
7356,2196
1953,949
7356,565
8675,49
5628,49
7356,3962
8759,214
66,2389
3366,501
5527,8461
499,145
4391,49
1688,12
3960,49
5157,49
453,49
8143,49
7780,49
5466,49
2308,49
9015,49
5285,49
3234,49
8660,49
6421,49
4069,49
584,49
72,49
6531,49
6606,49
6815,49
8041,49
4632,49
8065,49
1758,49
5878,49
4615,49
1599,49
5146,49
3929,49
8355,49
5373,49
6232,49
2332,49
188,49
565,49
2013,49
2256,49
5018,49
4108,49
4513,49
4823,49
4846,49
9029,49
9025,49
6083,49
7939,49
1709,49
795,49
3962,49
2978,49
9053,49
5294,49
786,49
7506,49
300,49
1907,49
7838,49
7246,49
5783,49
4102,49
5014,49
5085,49
2196,49
5776,49
3425,49
9069,49
8596,49
5775,49
618,49
2248,49
5066,49
4978,49
4022,49
1403,49
1517,49
4997,49
4592,49
5064,49
3451,3451
3451,3451
4957,49
1766,49
8758,49
7885,49
4500,49
4766,4768
3451,1135
8664,49
5106,49
8337,49
9014,49
2056,49
4819,49
7648,49
5286,49
5879,49
8420,49
7460,49
3451,1135
4511,49
4693,49
3794,145
4495,49
7356,8737
4978,49
5221,49
4003,49
4255,49
7312,49
941,49
7356,4992
7356,4099
7356,6679
7356,344
7356,812
7356,8043
9047,49
6521,49
925,49
7356,1038
7356,1719
5255,49
7356,5083
7356,8835
7356,3588
7356,3719
7356,7654
9059,49
7356,8844
949,49
7356,1700
7356,8787
7356,3039
7356,7317
6510,4683
6181,49
7595,49
2374,49
4956,49
1823,266
49,3490
5527,8461
70,71
4099,49
6679,49
7654,49
344,49
71,49
66,2671
8043,49
4978,49
4768,49
8737,49
4683,49
5083,49
266,49
3005,49
2161,2163
70,71
7918,49
7708,49
2131,49
9035,49
4978,49
71,49
914,49
5231,7151
5527,8461
2161,2162
2161,2163
7151,49
2671,12
4978,49
5210,7813
7813,49
111,1040
5297,8686
3490,12
4978,49
8686,214
214,3929
7460,49
7662,49
4978,49
3929,49
70,71
7012,1536
2161,2164
1536,49
71,49
4948,5492
70,71
5283,1656
71,49
4978,49
7460,49
812,813
813,49
7662,49
1656,49
4978,49
70,71
8701,12
71,49
7662,49
66,2700
4978,49
5176,1752
5283,1656
4978,49
1656,49
324,152
5186,5624
19,145
70,71
71,49
5624,49
111,1315
3636,5690
2255,2140
5031,554
6510,4683
554,49
4978,49
4683,49
19,145
5690,49
4978,49
111,121
3697,80
49,3534
7662,49
5139,4765
4978,49
49,3691
2654,66
4765,49
49,3821
694,695
3697,80
66,0
695,49
4978,49
3451,1135
3451,1135
3534,49
3451,1135
145,7410
3451,1135
3451,1135
3451,1135
3451,1135
145,462
3451,1135
3451,1135
3451,1135
3451,1135
3451,1135
5459,5260
4978,49
7662,49
49,2476
3451,1135
5260,49
3451,1135
4978,49
462,49
49,2476
1678,1679
6345,7712
3451,1135
3451,1135
3451,1135
541,12
3451,1135
2476,922
1679,49
3913,12
3451,1135
3451,1135
9031,807
3451,1135
807,49
7370,135
3451,1135
3451,1135
4978,49
49,717
717,218
6345,7711
134,135
4978,49
2470,4142
6345,7716
4978,49
214,7158
3451,1135
66,2474
111,1185
8575,66
7158,49
7460,49
4978,49
5040,66
4978,49
1185,7157
1185,7157
4978,49
7548,7549
2802,145
1251,145
1185,7157
1368,1370
7549,49
4978,49
1370,214
7997,2702
1655,1656
1185,7157
3371,145
1656,49
49,2476
6510,4683
8155,8156
4973,5499
66,2476
8485,8156
7997,80
4973,5499
7553,145
9020,145
260,145
1521,145
7460,49
8366,145
4683,49
8156,49
4978,49
66,2869
7997,80
3908,541
66,2665
4992,145
2665,223
2869,12
8665,8666
4978,49
6982,6983
540,541
8665,12
4978,49
7101,541
7662,49
7762,66
6983,49
4978,49
7997,6943
49,3767
7997,12
4978,49
7997,12
3451,3451
7997,12
3451,6064
3451,6064
4978,49
6982,6983
6652,12
541,12
3451,6064
3451,6064
6983,49
4978,49
7662,49
49,356
9160,9161
3451,6064
3451,6064
3451,6064
9161,49
356,49
8133,66
3451,6064
3451,6064
1014,3002
5136,7335
4978,49
7335,49
49,3798
3195,66
3451,6071
3798,12
3451,6073
66,2619
5492,145
2619,49
4978,49
111,1123
49,3798
6775,12
3798,12
3451,6071
3002,111
4978,49
35,33
3195,66
4004,4006
66,2622
3451,6071
2622,12
4006,49
33,49
112,114
3767,8677
66,2622
2132,2133
3681,66
7997,6943
2622,12
2133,2132
3767,8677
1752,145
66,2622
4978,49
2622,12
121,123
4803,1494
4803,3427
2417,12
7662,49
8155,8156
1494,49
7460,49
4978,49
3697,80
49,1893
6510,4683
114,12
8156,49
4683,49
66,2622
9258,558
49,1893
49,3562
2622,12
2140,145
9258,558
1808,558
555,558
8442,558
7997,6943
7994,7995
6673,66
6254,558
2789,8295
1543,558
3562,12
4978,49
3451,6074
1636,558
4004,4006
2789,8295
7567,558
8147,558
558,49
7995,49
66,2549
7150,558
6402,558
8505,558
5517,558
5666,558
3250,558
7755,558
4340,558
2549,49
4978,49
558,49
4006,49
111,1215
3451,6074
66,2894
218,1797
3451,6074
114,113
2894,49
1797,49
3451,6074
111,961
4978,49
113,49
7662,49
3451,6069
4978,49
7662,49
3451,6069
7423,5232
8564,12
5232,49
111,1326
4978,49
3451,6069
8564,12
7566,835
7662,49
7460,49
4978,49
8564,12
3451,6065
4276,4277
8564,12
7566,948
4277,49
4978,49
4274,4276
948,49
7662,49
7267,2302
835,49
4978,49
49,3818
14,12
3878,66
2302,49
4978,49
593,12
4276,5388
4276,2811
4276,3220
4276,5130
4276,2278
4276,4949
4276,5014
4276,5341
4276,5041
4276,5159
4276,743
4276,3456
4276,2913
4276,848
4276,5240
4276,4274
4276,3629
4276,5008
4276,3915
4276,4941
4276,5186
4276,5112
4276,5054
4276,5294
4276,5153
4276,3188
4276,5325
4276,5284
4276,5152
4276,5030
4276,890
4276,5275
4276,4422
4276,5367
4276,5351
4276,4471
4276,5246
4276,5263
4276,875
4276,2988
4276,3422
4276,5010
4276,5052
4276,4721
4276,3518
4276,5179
4276,2967
4276,4943
4276,278
4276,5269
4276,5028
4276,1522
4276,2290
4276,5007
4276,3105
4276,5270
4276,5196
4276,4958
4276,3421
4276,5233
4276,4897
4276,5020
4276,5120
4276,5338
4276,5313
4276,738
4276,5201
4276,5212
4276,5276
4276,4979
4276,621
4276,4895
4276,1704
4276,4545
4276,159
4276,5091
4276,5131
4276,5318
4276,5261
4276,4031
4276,5386
4276,5045
4276,5212
4276,4959
4276,4817
4276,4933
4276,4099
4276,5098
4276,5317
4276,4920
4276,2170
4276,3362
4276,4887
4276,5249
4276,5251
4276,5308
4276,5037
4276,5219
4276,497
4276,5036
4276,4902
4276,5195
4276,4830
4276,4951
4276,6
4276,5105
4276,5092
4276,5122
4276,5043
4276,4877
4276,1583
4276,4307
4276,5235
4276,2249
4276,42
4276,3122
4276,5100
4276,5370
4276,4883
4276,5290
4276,4989
4276,5210
4276,5223
4276,5242
4276,5366
4276,5336
4276,3851
4276,5011
4276,5068
4276,5111
4276,5297
4276,5193
4276,3696
4276,4970
4276,5362
4276,5220
4276,5051
4276,3099
4276,5003
4276,5096
4276,4860
4276,4873
4276,5321
4276,5124
4276,5332
4276,233
4276,3654
4276,5119
4276,4866
4276,5085
4276,4918
4276,5327
4276,43
4276,4876
4276,4867
4276,5306
4276,4923
4276,5060
4276,5226
4276,5188
4276,5244
4276,4978
4276,2138
4276,5053
4276,5049
4276,5293
4276,5017
4276,5118
4276,5107
4276,1626
4276,3224
4276,5083
4276,991
4276,5360
4276,48
4276,5015
4276,4615
4276,5213
4276,4488
4276,1378
4276,3962
4276,2221
4276,3037
4276,5259
4276,2997
4276,807
4276,5206
4276,5374
4276,693
4276,5102
4276,4904
4276,514
4276,4473
4276,5132
4276,5128
4276,5200
4276,5149
4276,4999
4276,4898
4276,5076
4276,5380
4276,4997
4276,4984
4276,5189
4276,5094
4276,5343
4276,3095
4276,4957
4276,5307
4276,4869
4276,694
4276,1969
4276,4964
4276,5145
4276,3864
4276,236
4276,2045
4276,4077
4276,2900
4276,4072
4276,5329
4276,5109
4276,5002
4276,1887
4276,4914
4276,5180
4276,2240
4276,5078
4276,1618
4276,5274
4276,5001
4276,3035
4276,5146
4276,4950
4276,1976
4276,5155
4276,4729
4276,4960
4276,5345
4276,3638
4276,3622
4276,523
4276,5175
4276,4412
4276,5279
4276,4863
4276,5347
4276,5144
4276,4073
4276,5230
4276,5058
4276,4966
4276,5258
4276,5387
4276,4910
4276,5323
4276,5191
4276,5047
4276,5262
4276,4795
4276,5061
4276,1734
4276,5093
4276,5063
4276,4893
4276,5174
4276,4140
4276,1546
4276,4669
4276,1227
4276,3938
4276,5190
4276,858
4276,5087
4276,4968
4276,5101
4276,5288
4276,4872
4276,408
4276,4945
4276,5391
4276,5113
4276,1993
4276,3880
4276,5167
4276,4921
4276,4962
4276,5038
4276,4981
4276,1966
4276,5352
4276,5373
4276,5025
4276,5359
4276,3725
4276,617
4276,3534
4276,5216
4276,5055
4276,3321
4276,2099
4276,5178
4276,4825
4276,5009
4276,5268
4276,5358
4276,4882
4276,1536
4276,4600
4276,4916
4276,360
4276,5142
4276,4441
4276,4839
4276,5158
4276,5203
4276,5069
4276,4367
4276,5121
4276,5172
4276,4444
4276,1908
4276,5316
4276,4939
4276,5326
4276,3055
4276,4990
4276,4955
4276,1705
4276,5349
4276,925
4276,5302
4276,5114
4276,5378
4276,4424
2170,214
5010,214
5220,214
3421,214
5052,214
1734,49
4424,49
3188,49
360,49
1522,49
5175,49
1976,49
5002,49
1887,49
890,49
2988,49
5178,49
5373,49
5007,49
5306,49
2138,49
5321,49
4984,49
5146,49
4839,49
5242,49
4615,49
233,49
523,49
617,49
236,49
7460,49
5206,49
875,49
5179,49
5251,49
1546,49
5180,49
5386,49
5360,49
5172,49
4817,49
5068,49
1704,49
1618,49
5011,49
5262,49
42,49
5294,49
5325,49
1966,49
5317,49
5078,49
4073,49
5047,49
743,49
5085,49
5109,49
3938,49
5318,49
5380,49
1536,49
5362,49
5378,49
4099,49
5144,49
4978,49
4729,49
5014,49
5060,49
3055,49
5119,49
4600,49
4997,49
5274,49
2249,49
5235,49
4957,49
2997,49
4949,49
4966,49
2290,49
3105,49
5043,49
3851,49
5388,49
4140,49
3534,49
3362,49
3122,49
5102,49
3622,49
1378,49
4950,49
807,49
925,49
5195,49
5061,51
3629,49
3962,49
5323,49
6510,4683
3220,49
5288,49
5131,49
848,49
5083,49
3095,49
5038,49
3518,49
4077,49
4962,49
5121,49
4999,49
2913,49
4545,49
5191,49
4970,49
4795,49
48,49
5055,49
5258,49
4488,49
5003,49
3456,49
5100,49
5069,49
5352,49
4307,49
5041,49
4968,49
5152,49
4945,49
1908,49
858,49
5367,49
5118,49
5149,49
1969,49
5244,49
278,49
4422,49
3451,6070
5374,49
2967,49
5347,49
3037,49
5359,49
5124,49
5193,49
5201,49
4471,49
5159,49
5391,49
5219,49
4412,49
5132,49
4683,49
4669,49
5223,49
5276,49
4978,49
5051,49
5019,66
5025,49
3864,49
4072,49
5145,4659
5094,49
5058,49
2811,4283
5054,49
5158,49
5167,49
4444,49
4467,4469
49,3408
5019,66
690,691
4978,49
4659,49
4283,49
4467,4468
5019,66
111,986
5270,4626
691,49
4978,49
7460,49
4626,49
4989,414
7826,149
149,49
414,49
8498,66
5186,5624
4467,4468
3408,5537
4978,49
49,2094
49,1893
5624,49
7380,3315
7380,4186
7380,4076
7380,4880
8152,66
7380,7400
7380,2615
7380,7397
7380,7391
7380,7426
7380,7440
7380,1227
7380,4971
7380,4117
7380,4947
7380,7382
7380,2948
7380,7411
7380,7444
7380,5334
7380,2979
7380,7443
7380,7385
7380,7446
7380,7435
7380,7271
7380,7445
7380,7392
7380,7388
7380,7434
7380,7417
7380,4001
7380,5377
7380,7410
7380,811
7380,7427
7380,7438
7380,7403
7380,5371
7380,7387
7380,496
7380,7324
7380,1731
7380,7429
7380,4945
7380,7432
7380,5079
7380,4924
7380,5022
7380,6605
7380,5030
7380,7395
7380,5320
7380,4910
7380,4504
7380,7390
7380,4920
7380,3300
7380,7402
7380,7396
7380,7409
7380,2462
7380,7416
7380,7408
7380,2060
7380,4965
7380,885
7380,3428
7380,7389
7380,4543
7380,4949
7380,6608
8140,7323
7380,7414
7380,7442
7380,7423
7380,5283
7380,7412
7380,5336
7380,3964
7380,3146
7380,4742
7380,5015
7380,4960
7380,7421
7380,7439
7322,7323
111,961
111,1108
7444,214
3964,218
7324,214
66,2441
2441,49
4504,49
66,1094
885,49
4001,49
3146,49
4945,49
3428,49
4947,49
4949,49
49,1759
892,893
111,1150
2221,2223
7861,7369
1759,12
7434,49
2223,49
7408,49
1094,12
5137,7376
49,3408
4543,1518
4978,49
7369,49
355,5003
4971,49
7323,49
893,49
7445,49
7427,49
4117,49
4186,49
49,3295
619,620
111,986
7745,7746
7376,49
1094,12
7263,12
620,49
7746,49
5003,49
3408,5537
5173,1883
5499,145
5499,145
49,2094
2094,12
4978,49
1518,49
7460,49
66,2556
1883,49
2417,12
49,3408
4978,49
2556,49
6510,4683
4978,49
7662,49
66,2329
4960,5590
5293,7147
2278,66
4683,49
4978,49
3839,7147
5714,5715
7147,49
5715,49
4978,49
49,3288
754,760
111,986
1700,1701
3606,5318
5318,49
1701,49
49,3686
8140,7323
7322,7323
4978,49
7323,49
49,3577
9101,9102
6043,12
460,461
135,12
7460,49
7662,49
4978,49
4978,49
9101,9102
4076,3158
920,922
4978,49
49,907
63,64
1050,4051
5112,5882
7460,49
3158,49
4051,111
5370,9244
7701,66
1772,1773
5189,3933
111,986
3933,49
3726,2374
3726,4716
2374,49
5882,49
8503,12
214,3574
66,2884
4978,49
6510,4683
4716,49
7803,5014
7803,5014
7505,1664
7701,66
694,695
5014,49
4683,49
3681,66
7803,5014
7505,1664
2884,12
7505,1664
5014,49
111,1283
1663,1664
1664,1663
1663,1664
3726,8502
3427,145
66,2884
695,49
4978,49
2884,12
8303,890
8303,3696
8303,5132
8303,7391
8303,7414
8303,8307
8303,3696
8303,2900
8303,8328
8303,5183
8303,5195
8303,5016
8303,3518
8303,5002
8303,5132
8303,3338
8303,4998
8303,1494
8303,4895
8303,8315
8303,5286
8303,5362
8303,2462
8303,8314
8303,8280
8303,4902
8303,4964
8303,3290
8303,3534
8303,8327
8303,5134
8303,38
8303,690
8303,8313
8303,8324
8303,8317
8303,884
8303,5307
8303,7403
8303,2565
8303,38
8303,5284
8303,5218
8303,5345
8303,5263
8303,8330
8303,5173
8303,5346
8303,5001
8303,5010
8303,5220
8303,4891
8303,5327
8303,2381
8303,5126
8303,990
8303,5245
8303,2997
8303,1626
8303,8322
8303,5090
8303,4072
8303,5715
8303,8321
8303,1993
8303,4144
8303,7271
8303,4932
8303,4873
8303,3315
8303,5379
8303,3427
8303,890
8303,5078
8303,5032
8303,4924
8303,514
8303,5043
8303,7414
8303,5295
8303,4959
8303,3146
8303,8310
8303,8323
8303,4077
8303,4974
8303,4962
8303,8305
8303,38
8303,5389
8303,8312
8303,5268
8303,991
8303,7391
8303,5017
8303,5390
8303,5153
8303,4863
8303,8311
8303,4001
8303,920
8303,1232
8303,2255
8303,5030
8303,8329
8303,5353
8303,4949
8303,4893
8303,8309
8303,5348
8303,3013
8303,8227
8303,7746
8303,2290
8303,3300
8303,5125
8303,7429
8303,5027
8303,3915
8303,4922
8303,4933
8303,5188
8303,2979
8303,8306
8303,4966
8303,5087
8303,497
8303,4957
8303,8316
8303,5091
8303,5253
8303,2781
8303,4887
8303,5091
8303,8318
8303,4858
8303,1413
8303,5192
8303,3188
8303,4892
8303,5205
8303,5322
8303,8304
8303,4936
8303,3470
8303,8320
8303,324
8303,7401
8303,738
8303,1540
8303,5382
8303,5246
8303,8325
8303,5360
8303,4979
8303,38
8303,5318
8303,8326
8303,8319
8303,5369
8303,5361
8303,5320
8303,5009
8303,4879
8303,6978
8303,7396
8303,8308
8303,4743
8303,3914
8303,861
8303,3810
890,49
5132,49
4978,49
5195,49
5353,49
4001,49
2290,49
2997,49
5389,49
4949,49
5125,49
7746,49
3146,49
3518,49
4962,49
5220,214
5010,214
4077,49
7548,7549
7549,49
2240,1520
1678,1679
6345,7714
3378,12
7662,49
4978,49
1520,49
1679,49
9101,9103
7701,66
3451,6072
4978,49
49,3378
3378,12
4978,49
7701,7702
7572,1639
7702,49
4978,49
1639,49
7662,49
49,3378
3378,12
66,2632
7701,7702
66,2575
7702,49
2575,49
9335,12
5015,6187
111,1244
6187,49
7662,49
7460,49
3195,2443
3526,6776
2060,2061
4978,49
2443,3195
6776,49
7662,49
4978,49
5061,5181
5009,145
497,145
5366,145
5087,145
4031,145
3725,145
5130,145
5045,145
5249,145
5246,145
111,960
2061,49
3426,1561
214,9288
66,2443
4978,49
7460,49
8681,66
994,1784
66,2472
4441,145
3426,1561
8666,12
8666,12
6282,2332
2332,49
4978,49
6282,2332
6282,2332
8665,12
152,151
8665,12
2332,49
6510,4683
49,3378
151,642
5028,6326
3378,12
4978,49
6326,49
4683,49
3426,1561
3426,1561
4948,5492
4948,5492
4948,5492
4948,5492
4948,5492
4978,49
642,49
66,2395
4978,49
2443,12
4978,49
49,3594
7440,5705
151,642
7285,4075
4978,49
642,49
145,2318
3526,6776
7271,145
4978,49
6776,49
2318,214
8129,1369
1108,145
1369,49
151,879
111,960
3880,3881
5582,5583
2350,6113
3194,1369
1369,49
3881,49
49,3727
5153,5125
7548,7549
7460,49
7549,49
6113,49
5125,49
3426,1561
6570,80
1777,181
4978,49
49,3646
49,3361
49,111
3646,218
7662,49
4978,49
3034,1369
1368,1369
7662,49
1369,49
4978,49
7757,428
66,2639
66,2639
3426,5672
5871,66
4978,49
111,971
49,1370
111,1279
1370,214
4978,49
49,378
4978,49
49,1405
4978,49
49,1405
6060,66
111,1095
151,642
66,376
4978,49
7662,49
2639,49
1140,971
7460,49
376,49
9160,9161
9154,4950
9154,4950
6510,4683
9161,49
5030,5097
7662,49
4950,49
4978,49
9154,236
3451,6068
5745,2196
4978,49
1773,145
236,49
4683,49
1777,181
2196,49
5745,2196
2196,49
642,49
66,2591
9154,236
5745,2196
2591,214
2196,49
236,49
52,53
5097,5030
5097,5030
53,49
4978,49
7356,6713
7356,9000
7356,5134
7356,2328
7356,1887
7356,3039
7356,5179
7356,8958
7356,7882
7356,8633
7356,8486
7356,8814
7356,1014
7356,6008
7356,8873
7356,5148
7356,1413
3039,620
7356,7689
7356,8978
7356,294
7356,554
7356,3588
7356,8907
7356,8902
7356,5362
7356,8020
7356,72
7356,260
7356,8088
7356,1926
7356,6892
7356,6580
7356,8734
7356,8877
7356,1897
7356,8906
7356,1953
7356,8937
7356,1684
7356,3290
7356,9012
7356,8270
7356,4358
7356,9060
7356,8868
7356,8663
7356,8108
5097,5030
7356,5056
7356,8878
7356,5254
7356,4957
7356,8954
7356,619
7356,8856
7356,8638
7356,7817
7356,2218
7356,8966
7356,7986
7356,7390
7356,9038
7356,8281
7356,4615
7356,9044
7356,5491
7356,8928
7356,3371
7356,7654
7356,7025
7356,6795
7356,4513
7356,5168
7356,5849
7356,3101
7356,1564
7356,875
7356,2425
7356,2054
7356,7881
7356,4266
7356,5632
7356,9020
7356,8917
7356,5225
7356,7766
7356,1735
7356,8802
7356,8857
7356,1945
7356,7620
7356,8962
7356,6053
7356,7285
7356,6531
7356,3013
7356,9073
7356,9022
7356,8882
7356,5287
7356,3960
7356,5068
7356,9034
7356,8800
7356,8963
7356,4819
7356,5066
7356,8835
7356,9046
7356,2170
7356,5268
7356,8810
7356,8126
7356,8809
7356,8675
7356,5878
7356,5325
7356,6181
7356,925
7356,635
7356,7838
7356,8965
7356,6679
7356,5865
7356,9040
7356,324
7356,3234
7356,9027
7356,3243
7356,5582
7356,5879
7356,2927
7356,5186
7356,8521
7356,786
7356,4992
7356,4838
8270,49
8486,49
7356,8337
7356,7439
7356,7445
5179,49
7356,6522
5254,49
8088,49
6713,49
7986,49
1887,49
4615,49
1684,49
6580,49
72,49
145,188
7662,49
1926,49
7356,8787
7356,8844
7356,2103
7356,8067
7356,826
7356,774
7356,9055
7356,7956
7356,4632
7356,7072
7356,4511
7356,8389
7356,8845
7356,692
7356,5783
7356,5040
7356,8065
7356,5184
7356,8758
7356,281
7356,8872
7356,8919
7356,8999
7356,4958
7356,4409
7356,3962
7356,4610
7356,8874
7356,7097
7356,8003
7356,9025
7356,7780
7356,693
7356,4984
7356,4003
7356,1811
7356,4585
7356,4117
7356,5354
7356,5074
7356,8805
7356,8162
7356,9029
7356,6660
7356,861
7356,3719
7356,3582
7356,5628
7356,4255
7356,5221
7356,8942
7356,8951
7356,4823
7356,8829
7356,6163
7356,8936
7356,8891
7356,5286
5225,214
7356,720
7356,668
7356,8807
7356,5242
7356,4099
7356,5064
7356,4108
7356,1517
7356,9061
7356,7771
7356,5285
7356,8355
7356,7918
7356,1947
7356,2209
7356,9002
7356,1758
7356,5685
7356,5202
7356,7506
7356,1709
7356,6311
7356,8946
7356,4816
7356,4963
7356,5260
7356,6375
7356,8420
7356,2056
7356,212
7356,4900
7356,8977
7356,6668
7356,5294
7356,9015
7356,920
7356,8927
7356,6606
7356,2301
7356,2278
7356,2248
7356,5018
7356,3005
7356,795
7356,7757
7356,3183
7356,7080
7356,3055
7356,8922
7356,7939
7356,4391
7356,5139
7356,4424
7356,6591
7356,8875
7356,5037
7356,2308
7356,5880
7356,300
7356,2332
7817,49
7356,8152
7356,5180
8663,49
554,49
5056,49
4957,49
5362,49
620,49
8020,49
7356,4866
7356,204
7356,7819
7356,8759
7356,7312
7356,5011
7356,4964
7356,4556
7356,1403
7356,188
7356,7708
7356,8596
7356,1521
7356,9014
7356,8366
7356,8507
7356,5204
7356,7392
7356,5466
7356,5171
7356,4956
7356,7648
7356,5106
7356,1907
7356,4022
7356,7246
7356,453
7356,4827
7356,9035
7356,344
7356,5255
7356,9053
7356,2256
7356,4500
7356,6083
7356,7966
7356,1766
7356,618
7356,5133
7356,914
7356,2095
7356,2978
7356,8105
5500,5501
7356,4846
8759,214
7356,4693
7356,812
7356,8143
111,1009
7356,1599
2170,214
7356,5231
7356,4069
7356,4766
6668,214
7356,1704
7356,4004
7356,1700
7356,5083
7356,4978
7356,5157
7356,6664
7356,2225
7356,8859
7356,6815
7356,565
7356,5776
7356,4592
7356,9059
7356,7885
7356,6766
7356,3034
7356,5085
7356,4997
7356,8041
7356,4495
7356,6521
7356,5775
7356,5210
7356,5399
7356,9031
7356,1368
7356,2676
7356,8660
7356,3194
4391,49
4500,49
7780,49
7356,8498
7356,8129
7356,7186
7356,9047
5354,49
2308,49
3234,49
5287,49
5285,49
9015,49
3960,49
453,49
5466,49
6083,49
2054,49
4846,49
1709,49
3582,49
7956,49
4823,49
8065,49
5878,49
7939,49
2256,49
8003,49
5018,49
9029,49
4984,49
2332,49
4108,49
9027,49
8355,49
188,49
1758,49
4424,49
5133,49
4513,49
9025,49
5242,49
5500,5501
3962,49
786,49
875,49
1907,49
795,49
4816,49
7246,49
5879,49
2978,49
9014,49
7620,49
9053,49
7506,49
5180,49
7648,49
5011,49
5106,49
4409,49
6375,49
5294,49
5325,49
8420,49
300,49
5068,49
4819,49
8337,49
4099,49
8596,49
344,49
618,49
5865,49
2248,49
4022,49
212,49
1403,49
7881,49
5632,49
914,49
2056,49
5066,49
6053,49
861,49
5260,49
5783,49
4978,49
7312,49
7838,49
1517,49
9035,49
7708,49
1766,49
5064,49
8067,49
3055,49
5210,7813
4069,49
8660,49
6815,49
8143,49
5157,49
6531,49
4632,49
565,49
1599,49
6606,49
8041,49
4693,49
6679,49
4592,49
4978,49
5775,49
8758,49
281,49
9022,2056
5628,49
7885,49
6591,49
7445,49
925,49
6521,49
9059,49
7080,49
4255,49
9047,49
4997,49
4117,49
8675,49
4003,49
5221,49
7918,49
5255,49
4956,49
5245,145
49,3748
49,2665
497,145
5009,145
5246,145
7356,9052
5087,145
3427,145
7271,145
5090,145
7356,5131
7356,7595
7356,2131
7356,849
7356,8031
7356,3425
7356,6421
7356,2013
7356,399
7356,9069
7356,3929
7356,8043
7356,917
7356,9005
7356,8984
7356,8898
5037,6406
3929,49
6421,49
2013,49
5085,49
2665,223
8043,49
5286,49
9069,49
3425,49
4978,49
1704,49
2056,49
5776,49
4495,49
7654,49
8521,49
7813,49
7595,49
2131,49
49,3728
3728,218
1678,1679
5171,1956
5186,5624
812,813
5001,6033
7356,7533
1956,49
1679,49
7533,49
5131,49
4978,49
3748,12
5083,49
3005,49
6181,49
5171,1956
813,49
5624,49
6766,66
5500,612
4825,4826
8400,8402
4978,49
4826,49
3915,3918
7064,954
6406,49
1956,49
4511,49
6510,4683
6060,66
3893,12
612,12
3451,3915
428,429
7662,49
7064,954
66,2442
5500,612
111,1214
1700,1701
4978,49
1701,49
4683,49
892,12
4978,49
4978,49
49,3272
49,3272
6660,6661
4978,49
4978,49
6661,49
2879,9262
214,9301
2879,9262
1777,181
8303,6853
6853,49
3874,3875
4978,49
111,1187
3875,49
410,411
49,2425
7460,49
111,1178
49,3330
7460,49
4978,49
5492,145
5492,145
5492,145
4960,5590
5590,214
5705,145
6067,6183
6067,6183
4075,145
3330,4119
6510,4683
5028,3672
5310,2366
4683,49
1178,49
4978,49
3672,49
6067,6183
3451,6066
3451,6068
5583,145
2059,66
3957,66
6067,6183
4978,49
3727,145
8303,6853
2098,2099
66,2647
5714,5715
4978,49
5715,49
4614,3929
4978,49
6853,49
3929,49
4978,49
49,3757
66,2441
4978,49
4978,49
8018,144
8400,8401
111,126
8638,7194
2441,49
223,2664
2664,49
8184,335
4978,49
126,3267
6510,4683
66,2445
4978,49
335,49
4683,49
3426,1561
4978,49
7194,49
4978,49
4978,49
66,2894
4978,49
4978,49
2894,49
4978,49
334,335
49,3811
49,3333
66,2445
4978,49
3811,49
3333,49
335,49
6008,145
4358,145
260,145
9012,145
6846,5599
6163,145
4992,145
1521,145
3371,145
9020,145
8366,145
66,2806
7662,49
4978,49
6846,2581
121,124
4978,49
66,2744
8200,282
2744,49
4978,49
954,145
577,579
7662,49
4978,49
214,74
4978,49
66,2390
4978,49
954,145
4978,49
49,3576
4978,49
577,579
3576,111
7064,954
6169,954
49,179
7662,49
179,49
6510,4683
4978,49
5202,4976
4683,49
4976,49
7662,49
7423,5232
5232,49
7662,49
4978,49
8300,7112
4995,5870
4978,49
7112,49
49,378
5870,49
66,2570
4978,49
2570,214
1561,1562
7460,49
4978,49
66,376
3426,5670
49,3342
3342,214
3426,5670
7662,49
376,49
66,2441
4978,49
2441,49
7460,49
4978,49
9109,2914
223,2664
4978,49
2914,49
514,515
515,214
4978,49
66,2885
2664,49
214,1406
4978,49
7662,49
7662,49
6,7
4978,49
4978,49
9318,6846
4978,49
49,74
2900,419
9318,6846
419,49
4978,49
145,5759
860,842
2900,419
4978,49
66,2890
842,49
5759,49
3697,80
419,49
4978,49
144,145
49,356
66,2890
7460,49
4978,49
356,49
3723,8449
2350,6113
66,2890
6510,4683
4496,4498
8155,8156
6113,49
4683,49
4498,49
4978,49
8156,49
2445,145
4978,49
4276,5276
4276,4868
4276,5275
4276,5382
4276,4817
4276,5008
4276,5008
4276,743
4276,5090
4276,5249
4276,5059
4276,5355
4276,3427
4276,4887
4276,5280
4276,5066
4276,3643
4276,4294
4276,5368
4276,4422
4276,4875
4276,5006
4276,4979
4276,5367
4276,4004
4276,3018
4276,4958
4276,2913
4276,5351
4276,5342
4276,5182
4276,5294
4276,4965
4276,5139
4276,4545
4276,890
4276,5385
4276,5317
4276,4897
4276,5116
4276,5156
4276,2290
4276,4941
4276,4970
4276,5164
4276,4980
4276,2013
4276,5100
4276,3422
4276,4838
4276,4971
4276,3518
4276,4114
4276,2462
4276,5184
4276,5033
4276,3362
4276,5300
4276,5173
4276,4985
4276,5043
4276,5168
4276,5225
4276,4959
4276,5092
4276,5195
4276,44
4276,5210
4276,4830
4276,3629
4276,5054
4276,5099
4276,4880
4276,5320
4276,2296
4276,4471
4276,3915
4276,4873
4276,3122
4276,5249
4276,5366
4276,5029
4276,5301
4276,5261
4276,5295
4276,5131
4276,3099
4276,770
4276,5075
4276,4900
4276,3308
4276,4933
4276,5284
4276,5193
4276,5007
4276,4307
4276,6
4276,5071
4276,4902
4276,5105
4276,5336
4276,5303
4276,5129
4276,5240
4276,3851
4276,4956
4276,5152
4276,5079
4276,4929
4276,5122
4276,5308
4276,4313
4276,5037
4276,4938
4276,5016
4276,5119
4276,5041
4276,4906
4276,2278
4276,5297
4276,5185
4276,4947
4276,5313
4276,5375
4276,4274
4276,5270
4276,5028
4276,5362
4276,5077
4276,4721
4276,4001
4276,2967
4276,738
4276,5210
4276,4099
4276,5106
5225,214
4276,5201
4276,2615
4276,5052
4276,5160
4276,5010
4276,4860
4276,4951
4276,5219
4276,4877
4276,42
4276,5048
4276,5207
4276,5072
4276,2225
4276,3315
4276,4953
4276,4102
4276,621
4276,5392
4276,3425
4276,5104
4276,5335
4276,5026
4276,4930
4276,4031
4276,4903
4276,4895
4276,4943
4276,5361
4276,1961
4276,5220
4276,4276
4276,3696
4276,4862
4276,5242
4276,5339
4276,4928
4276,5186
4276,3300
4276,5212
4276,4989
4276,5124
4276,4909
4276,4988
4276,5032
4276,5290
4276,3220
4276,4896
4276,5091
4276,5098
4276,2811
4276,4986
4276,4861
4276,159
4276,5287
4276,5227
4276,5178
4276,5235
4276,4881
4276,5282
4276,5056
4276,5051
4276,848
4276,4940
4276,5251
4276,5096
4276,5321
4276,5212
4276,5120
4276,5143
4276,5130
4276,849
4276,5179
4276,5154
4276,5318
4276,278
4276,5045
4276,5030
4276,2249
4276,5296
4276,3654
4276,5252
4276,4866
4276,1655
4276,5224
4276,5123
4276,4913
4276,3421
4276,5314
4276,5331
4276,4915
4276,5138
4276,2988
4276,5223
4276,167
4276,4936
4276,2308
4276,4859
4276,5386
4276,5246
4276,5159
4276,5112
4276,5285
4276,233
4276,4924
4276,5372
4276,5311
4276,4011
4276,4894
4276,5338
4276,5286
4276,3105
4276,5247
4276,4072
4276,4631
4276,5309
4276,16
4276,5279
4276,4893
4276,5134
4276,5263
4276,497
4276,5022
4276,5200
4276,1040
4276,4073
4276,1856
4276,5014
4276,961
4276,5093
4276,4931
4276,4823
4276,5370
4276,1413
4276,4905
4276,4869
4276,5229
4276,4983
4276,5393
4276,5194
4276,1966
4276,4949
4276,5232
4276,5153
4276,1647
4276,4077
4276,2351
4276,5036
4276,5347
4276,236
4276,5289
4276,5017
4276,5061
4276,5350
4276,5253
4276,5364
4276,4889
4276,4863
4276,4870
4276,4473
4276,2900
4276,5388
4276,3234
4276,3938
4276,4795
4276,5199
4276,1546
4276,5262
4276,5129
4276,5163
4276,4883
4276,5206
4276,5274
4276,5087
4276,5012
4276,5341
4276,5356
4276,5177
4276,2060
4276,2170
4276,929
4276,4243
4276,5020
4276,1583
4276,5380
4276,5000
4276,4937
4276,5108
4276,5221
4276,4978
4276,5002
4276,3456
4276,5213
4276,5162
4276,4090
4276,4982
4276,5140
4276,4963
4276,5226
4276,5111
4276,5269
4276,5003
4276,5169
4276,694
4276,4957
4276,5109
4276,5040
4276,246
4276,2987
4276,2470
4276,994
4276,5357
4276,5190
4276,4950
4276,5076
4276,5288
4276,5155
4276,3243
4276,4279
4276,2434
4276,5307
4276,5005
4276,5053
4276,5256
4276,5360
4276,5132
4276,4945
4276,5063
4276,5323
4276,43
4276,1892
4276,5359
4276,990
4276,4412
4276,3224
4276,5161
4276,4140
4276,928
4276,4876
4276,48
4276,3864
4276,5060
4276,5174
4276,5305
4276,5166
4276,5343
4276,4984
4276,4922
4276,4932
4276,5376
4276,4205
4276,453
4276,5258
4276,5312
4276,4918
4276,5050
4276,4942
4276,4999
4276,5058
4276,5241
4276,1494
4276,514
4276,5391
4276,5217
4276,5248
4276,2045
4276,3962
4276,5102
4276,3725
4276,5243
4276,1766
4276,3095
4276,1612
4276,4981
4276,1913
4276,5188
4276,4926
4276,3880
4276,5047
4276,5167
4276,648
4276,5146
4276,4907
4276,4904
4276,1618
4276,5001
4276,18
4276,5035
4276,5088
4276,5094
4276,4669
4276,5044
4276,1378
4276,2138
4276,1970
4276,5113
4276,5324
4276,1734
4276,5374
4276,4935
4276,5181
4276,5310
4276,4262
4276,3622
4276,71
4276,5073
4276,5191
4276,5149
4276,4962
4276,5379
4276,858
4276,5293
4276,4003
4276,5214
4276,1227
4276,5078
4276,5025
4276,4919
4276,1993
4276,4879
4276,4911
4276,5352
4276,4872
4276,5306
4276,1976
4276,5323
4276,4753
4276,5237
4276,5340
4276,4136
4276,408
4276,692
4276,5292
4276,4816
4276,5211
4276,4960
4276,344
4276,5013
4276,2329
4276,4964
4276,4729
4276,5230
4276,4912
4276,1945
4276,366
4276,4987
4276,5238
4276,2255
4276,2292
4276,523
4276,5070
4276,991
4276,499
4276,5046
4276,690
4276,4914
4276,5363
4276,5271
4276,5327
4276,5082
4276,5209
4276,5015
4276,5218
4276,2654
4276,1705
4276,5118
4276,4488
4276,5089
4276,3037
4276,5121
4276,4600
4276,5055
4276,4975
4276,5128
4276,5299
4276,5175
4276,5144
4276,4991
4276,5333
4276,3928
4276,5203
4276,5298
4276,5145
4276,5158
4276,5267
4276,4923
4276,4921
4276,5101
4276,4692
4276,2221
4276,4990
4276,2979
4276,3506
4276,2240
4276,2393
4276,925
4276,3638
4276,4867
4276,4884
4276,5373
4276,2781
4276,4888
4276,5345
4276,5107
4276,5019
4276,4441
4276,5259
4276,5038
4276,1626
4276,5383
4276,5150
4276,3338
4276,4367
4276,5027
4276,4955
4276,5264
4276,1969
4276,3534
4276,5042
4276,4966
4276,1784
4276,4882
4276,617
4276,866
4276,4421
4276,5353
4276,5165
4276,5115
4276,5049
4276,4939
4276,5329
4276,5387
4276,4968
4276,4993
4276,4927
4276,5189
4276,5114
4276,5377
4276,5142
4276,5216
4276,5244
4276,5228
4276,3035
4276,1908
4276,5272
4276,5178
4276,5176
4276,4444
4276,2173
4276,5172
4276,3321
4276,5023
4276,5349
4276,5171
4276,5067
4276,5009
4276,4391
4276,5034
4276,4825
4276,5268
4276,4916
4276,5316
4276,5378
4276,5326
4276,5202
4276,4839
4276,5081
4276,5302
4276,5358
4276,5069
4276,4188
4276,4954
4276,3055
3928,145
4276,1536
4276,2099
4276,360
4692,214
2170,214
5010,214
3338,214
5220,214
246,214
5052,214
648,214
3421,214
4188,214
2292,214
5175,49
4243,49
5285,49
1734,49
2308,49
5002,49
5287,49
2138,49
233,49
1976,49
360,49
5373,49
890,49
5242,49
2013,49
5306,49
5005,49
5178,49
2988,49
4984,49
5321,49
236,49
5251,49
5206,49
617,49
5007,49
5146,49
5223,49
4823,49
523,49
5232,49
5262,49
5172,49
4816,49
4817,49
5360,49
5179,49
5386,49
5106,49
1536,49
743,49
1546,49
5256,49
5276,49
344,49
4262,49
5317,49
4073,49
5318,49
71,49
4669,49
5047,49
5286,49
3938,49
4102,49
1966,49
1618,49
5078,49
5294,49
5140,49
1494,49
42,49
5243,49
5109,49
5378,49
4099,49
5144,49
5060,49
167,49
4978,49
5323,49
5362,49
4729,49
3055,49
1766,49
5070,49
5056,49
5380,49
366,49
3425,49
5014,49
5066,49
4957,49
5119,49
2249,49
4003,49
5235,49
5221,49
2781,49
4140,49
3534,49
2290,49
5274,49
5043,49
4949,49
4978,49
4600,49
3851,49
2173,49
3362,49
4753,49
5102,49
5138,49
5388,49
4966,49
3105,49
3622,49
925,49
5051,49
848,49
1378,49
3122,49
5353,49
5132,49
5038,49
4545,49
5191,49
5003,49
48,49
2913,49
5055,49
4090,49
4962,49
5160,49
4205,49
5121,49
4947,49
4956,49
5075,49
4072,49
4488,49
3518,49
4970,49
1913,49
5258,49
5352,49
4795,49
4999,49
5100,49
5167,49
5054,49
5058,49
1969,49
3643,49
3456,49
4307,49
5041,49
4945,49
4968,49
5069,49
5374,49
5152,49
5077,49
4954,49
5012,49
5347,49
5118,49
5244,49
5219,49
4971,49
4422,49
866,49
5355,49
2967,49
858,49
5391,49
2351,49
5359,49
1908,49
5149,49
3037,49
278,49
5311,49
4444,49
5025,49
5367,49
4991,49
3095,49
5288,49
2900,419
66,630
5298,49
5094,49
3864,49
5201,49
5158,49
5124,49
4471,49
5159,49
4279,49
5331,49
1961,49
5309,49
4412,49
4114,49
5229,49
5193,49
4631,49
5356,49
3018,49
5169,49
5272,49
4980,49
5339,49
5044,49
5099,49
5282,49
5026,49
1892,49
5194,49
5033,49
5375,49
5238,49
3506,49
66,2445
630,49
7460,49
5195,49
419,49
4077,49
4001,49
3220,49
3962,49
4950,49
4839,49
3629,49
49,3446
4989,414
414,49
4978,49
49,3277
2445,145
4990,5468
4990,5468
4990,5468
4990,5468
4990,5468
4990,5468
4990,5468
4990,5468
5092,7062
4978,49
5468,49
49,2445
4990,5468
111,1211
5468,49
4978,49
6912,314
4978,49
4467,4468
49,3478
6510,4683
5231,7151
4978,49
4467,4468
66,2894
8283,336
336,49
2894,49
4978,49
5176,1752
1040,4333
49,3330
3451,6067
5270,4626
4683,49
7151,49
4626,49
3638,7342
1678,1679
282,145
7342,49
1679,49
4978,49
4978,49
7662,49
2694,12
5104,5331
2694,12
4978,49
5331,49
2694,12
5145,4659
2694,12
4659,49
2694,12
2694,12
2694,12
6067,6183
4978,49
5181,51
111,1040
4978,49
49,3680
954,145
66,376
66,376
7662,49
376,49
4978,49
954,145
4978,49
49,2694
4978,49
49,2694
7043,4014
4978,49
4014,49
66,2694
3205,3206
4978,49
66,2694
6510,4683
4948,5492
4985,5769
5769,49
4683,49
4978,49
3205,3206
3839,7147
5343,6825
66,2694
7147,49
6825,6826
3206,49
4978,49
7446,707
6570,79
79,49
707,49
6826,49
49,2694
7662,49
4978,49
6912,314
66,2426
4978,49
314,6912
2426,2989
2426,2989
6570,79
79,49
4978,49
4978,49
49,644
5446,5447
8508,5447
4978,49
49,3311
6825,5447
7043,4014
4544,4545
4978,49
4014,49
4545,49
66,376
376,49
4978,49
5136,7335
7335,49
4978,49
49,378
49,378
7572,1639
937,1466
111,1136
4978,49
1639,49
1466,49
111,1063
1135,879
2444,3210
4978,49
2444,3210
9162,66
4978,49
937,1449
9038,5581
8485,8156
5581,49
4978,49
66,1035
5186,5624
61,62
937,1407
111,1033
111,1211
937,1506
8156,49
5624,49
49,3680
937,1464
66,1035
937,1502
937,1484
937,1422
937,1480
4978,49
7460,49
62,111
937,1417
1502,49
1464,49
1484,49
49,3574
937,1444
937,1460
937,1435
937,1423
937,1448
937,342
66,376
1460,49
4978,49
937,444
937,1512
218,7328
937,1452
937,1491
937,1462
937,1429
937,1473
376,49
444,49
1473,214
1491,214
4978,49
7328,49
1448,49
514,515
515,214
7460,49
7662,49
937,1425
497,145
1647,145
937,1419
1425,49
4978,49
342,49
111,1122
4978,49
1419,49
1462,49
1452,49
937,1424
4978,49
7662,49
4978,49
2453,3925
49,3618
2221,2223
3697,80
4978,49
2223,49
7662,49
2453,3925
2453,3925
2453,3925
111,1063
6510,4683
7460,49
4978,49
5314,8413
2453,3920
8413,214
5090,145
5249,145
2296,145
3427,145
499,145
3446,145
1612,145
5312,145
5376,145
7062,145
2445,145
3725,145
2445,145
5745,2196
687,686
5045,145
4011,145
5361,145
5130,145
5246,145
4441,145
2196,49
5249,145
5009,145
4683,49
4978,49
4960,5590
5590,214
355,7952
4978,49
1752,145
7662,49
7952,49
687,686
5314,8413
8413,214
4978,49
49,1487
687,686
4766,4768
4978,49
687,686
4768,49
4978,49
686,687
7575,686
4689,686
4222,686
3029,686
6247,686
8353,686
7366,686
8585,686
687,686
6165,686
6165,686
4222,686
7366,686
4689,686
7575,686
3029,686
687,686
8353,686
8585,686
6247,686
3681,4628
49,3858
8552,8251
3681,4628
4628,66
4978,49
1678,1679
8251,49
49,3727
7366,686
8585,686
7575,686
8353,686
4222,686
6165,686
687,686
4689,686
3029,686
6247,686
111,1133
1679,49
686,687
687,686
8585,686
7575,686
8353,686
6247,686
3029,686
4222,686
6165,686
4689,686
7366,686
1133,6441
66,1133
2987,2988
4978,49
1133,6441
5173,1883
1133,6441
4467,4468
3681,4628
9201,4136
4978,49
1883,49
2988,49
686,688
7460,49
49,3858
7356,3290
7356,1684
7356,3433
7356,5176
7356,2040
7356,294
7356,2918
7356,8967
7356,496
7356,5892
7356,8937
7356,3652
7356,811
7356,8848
7356,3328
7356,8873
7356,7817
7356,7434
7356,8916
7356,8270
7356,9060
7356,9008
7356,7751
7356,9009
7356,5358
7356,8856
7356,8900
7356,8951
7356,4838
7356,8984
7356,2436
7356,8878
7356,7626
7356,6706
7356,9040
7356,7358
7356,8880
7356,8281
7356,4266
7356,3188
7356,9007
7356,7689
7356,1014
7356,8898
7356,8968
7356,3371
7356,8888
7356,9020
8270,49
1684,49
7817,49
7356,871
7662,49
4978,49
7434,49
7356,6522
7356,2054
7356,564
7356,8874
7356,8940
7356,3013
7994,7995
7356,4003
7356,2964
7356,7025
7356,9055
7356,5120
7356,4543
7356,3582
7356,8664
7356,8816
7356,8962
7356,8067
7356,619
7356,4513
7356,7398
7356,8815
7356,917
7356,7766
7356,5175
7356,9044
7356,7125
7356,8638
7356,8954
7356,9046
7356,4099
7356,8902
7356,8897
7356,6053
7356,63
7356,9034
7356,692
7356,3518
7356,7780
7356,3101
7356,7553
7356,6580
7356,7654
7356,260
7356,1887
7356,8126
7356,6660
7356,5865
7356,8787
7356,9058
7356,4615
7356,8088
7356,5640
7356,7097
7356,5070
7356,8521
7356,7550
7356,3329
7356,875
7356,9069
7356,3719
7356,5251
7356,7533
7356,3229
7356,1426
7356,5360
7356,6531
7356,72
7356,8894
7356,5254
7356,3664
7356,7994
7356,5879
7356,6163
7356,4984
7356,7956
7356,4585
7356,8920
7356,8800
7356,7445
7356,281
7356,8883
7356,1522
7356,8675
7356,4742
7356,2927
7356,8835
7356,7439
7356,8949
7356,8162
7356,4409
7356,8963
7356,2425
7356,6679
7356,2170
688,6968
7356,8294
7356,9027
7356,5783
7356,8634
7356,3960
7356,4992
7356,2103
7356,8802
7356,8942
7356,4255
7356,6181
7356,5068
7356,8936
7356,5878
7356,5582
7356,7072
7356,7838
7356,5040
7356,8184
7356,5098
7356,635
7356,8999
7356,9029
7356,8810
7356,9025
7356,5325
7356,1897
7356,8758
7356,8965
7356,8065
7356,8919
7356,786
7356,2056
7356,5186
7356,4964
7356,5037
7356,5031
7356,5323
7356,5047
7356,4424
7356,8922
7356,9002
7356,4511
7356,1758
7356,3929
7356,6375
7356,8834
7356,5202
7356,4957
7356,1709
7356,8420
7356,920
7356,324
7356,4816
7356,5628
7356,7939
7356,4900
7356,8927
7356,8809
7356,5092
7356,5131
7356,2209
7356,5321
7356,9022
7356,5180
7356,5276
7356,7080
7356,7506
7356,2248
7356,7312
7356,8946
7356,5286
7356,5685
7356,6591
7356,5221
7356,5018
7356,1947
7356,2308
7356,8875
7356,8845
7356,668
7356,720
7356,7115
7356,4632
7356,9061
7356,7918
7356,5324
7356,795
7356,7757
7356,6606
7356,300
7356,7634
7356,4963
7356,7392
7356,8882
7356,8355
7356,8807
7356,8844
7356,6311
7356,8152
7356,5064
7356,7771
7356,4391
7356,5880
7356,2332
7356,7819
7356,6421
7356,8596
7356,5011
7356,188
7356,5255
7356,8977
7356,4556
7356,9014
7356,5133
7356,5106
7356,8759
7356,5204
7356,6083
2170,214
7356,3183
4628,66
7356,5466
7356,3055
7356,3005
7356,8507
7356,204
7356,5260
7356,5171
7356,2131
7356,4108
7356,6668
7356,1403
7356,212
7356,9015
214,9306
7356,8366
4391,49
6531,49
7356,7595
1887,49
7356,2278
7356,5242
3960,49
5254,49
688,6969
1522,49
7356,1907
2308,49
5175,49
4632,49
8088,49
7356,7708
72,49
6606,49
4615,49
1758,49
4424,49
8065,49
7751,49
3929,49
3188,49
2054,49
8355,49
4984,49
3582,49
7356,4846
7356,8859
7356,5210
7356,6766
7356,812
7356,5294
7356,2013
7356,4766
7356,1521
7356,3194
7356,1704
7356,3034
7356,8129
7356,4958
7356,565
7356,5399
7356,2978
7356,5776
7356,4500
7356,9059
7356,9031
7356,2225
7356,8041
7356,4004
7356,2256
7356,5231
7356,5085
7356,4839
7356,7186
7356,4956
7356,4069
7356,5775
7356,7966
7356,1599
7356,914
7356,4827
7356,9035
7356,6815
7356,5179
7356,4866
7356,3962
7356,4495
7356,2095
7356,7648
7356,7246
7356,849
7356,5083
7356,453
7356,1700
7356,9053
7356,9047
7356,4997
7356,8043
7356,4022
7356,7885
7356,344
7356,8498
7356,8660
7356,4693
7356,6521
7356,4592
7356,8105
7356,6664
5878,49
5018,49
7356,8143
7956,49
5321,49
7939,49
4513,49
4816,49
786,49
5879,49
7356,4978
5360,49
9027,49
4511,49
5180,49
8420,49
5251,49
9029,49
7506,49
9025,49
1709,49
4409,49
795,49
6679,49
875,49
2056,49
5325,49
5068,49
5286,49
7838,49
6580,49
300,49
7654,49
6668,214
6375,49
5865,49
6053,49
3229,49
7533,49
5783,49
8759,214
5276,49
564,49
5047,49
7634,49
2248,49
8294,49
8664,49
9069,49
1426,49
5070,49
5323,49
5492,145
281,49
8758,49
5628,49
4957,49
7445,49
4255,49
7080,49
4003,49
5221,49
6591,49
3518,49
7995,49
4500,49
7918,49
6421,49
8675,49
8521,49
6181,49
5131,49
4069,49
8660,49
8143,49
2013,49
2978,49
7246,49
188,49
4108,49
4846,49
6083,49
4839,49
2332,49
8041,49
6815,49
3962,49
1599,49
5133,49
5179,49
2256,49
5242,49
2453,3924
453,49
565,49
9015,49
1907,49
5466,49
4693,49
344,49
5011,49
9053,49
5294,49
5106,49
5085,49
7648,49
5260,49
5775,49
7312,49
5776,49
914,49
8596,49
1403,49
4592,49
7708,49
5064,49
5255,49
6521,49
9059,49
2131,49
4997,49
9035,49
3005,49
4956,49
7595,49
9047,49
5083,49
7885,49
8067,49
3055,49
49,2899
7356,2434
7356,7317
1704,49
4495,49
7356,5225
9014,49
7356,5184
7356,1953
7356,3594
7356,9005
7356,7449
7356,8966
212,49
5324,49
7780,49
4978,49
7356,2301
7356,693
7356,1368
7356,618
7356,3234
7356,8828
7356,1517
7356,8618
4099,49
4022,49
7356,1811
7356,233
5225,214
6510,4683
2453,3924
5015,6187
7550,941
111,1230
7449,49
3234,49
8043,49
6187,49
1517,49
233,49
4978,49
4683,49
618,49
1953,949
7356,4819
5202,4976
949,49
4819,49
4976,49
941,49
2453,3924
7572,1639
2654,66
4978,49
1639,49
5176,1752
7662,49
111,1063
214,16
4978,49
8798,4283
66,2855
2453,3924
2811,4283
2453,3924
16,17
4283,49
4978,49
49,2283
17,214
4978,49
111,1230
49,3351
66,2470
4978,49
2979,2981
2979,2981
2453,3924
145,8221
4167,4169
812,813
4978,49
4167,4169
2453,3924
4167,4168
4167,4168
9201,4137
813,49
2453,3924
4978,49
2453,3924
8597,8600
3183,3184
8597,8600
8597,8598
8597,8599
6067,6184
1315,8688
4978,49
3184,49
2981,49
8552,8251
4136,4137
8251,49
7460,49
66,2700
4978,49
49,3311
66,376
3183,3184
111,1146
8191,66
324,152
3184,49
694,695
5202,4976
376,49
6510,4683
5186,5624
7460,49
4976,49
4978,49
5624,49
4683,49
695,49
9031,807
9320,9321
66,2757
807,49
4978,49
1435,145
4978,49
1429,145
5871,66
7662,49
49,3823
4978,49
49,3672
66,376
5231,7151
376,49
3672,49
4978,49
7460,49
3823,49
7151,49
1424,145
111,1230
5031,554
554,49
4070,4069
773,239
239,49
4069,49
4978,49
7212,135
4978,49
66,376
4978,49
376,49
7460,49
7662,49
4978,49
66,2445
8582,12
7662,49
4978,49
4978,49
8087,6391
6510,4683
3697,80
4683,49
4978,49
6391,49
66,2862
5182,7790
2862,49
4978,49
7087,7088
633,634
5182,4225
7662,49
1678,1679
1679,49
111,1063
4978,49
4978,49
4981,5746
5190,5746
145,8220
3727,145
4978,49
49,3782
66,376
7698,7699
7698,128
376,49
128,49
49,2232
375,376
4467,4468
376,49
5139,4765
3782,49
4978,49
5210,7813
260,145
7553,145
6163,145
49,2232
9020,145
3371,145
4978,49
7813,49
4765,49
4992,145
1521,145
8366,145
4978,49
111,1314
1955,1957
49,2372
5798,5799
5370,9244
223,2664
6722,66
2664,49
2372,49
49,3392
66,2894
2894,49
7662,49
1752,145
49,2879
4978,49
8507,5135
5135,49
6510,4683
4683,49
4978,49
6722,66
8343,66
4942,5417
7548,7549
7549,49
4978,49
4978,49
2493,922
5063,929
5063,929
4978,49
7662,49
4978,49
928,929
111,1150
4978,49
49,2899
9160,9161
5762,5763
9161,49
8370,135
49,2899
5762,5763
6807,6374
4978,49
6374,49
49,356
356,49
4978,49
375,376
376,49
49,2899
223,2568
2568,49
4978,49
1955,1957
4978,49
49,2899
1955,1957
49,1232
1955,1957
4978,49
6462,909
1955,1957
1955,1957
6510,4683
4978,49
909,49
49,3383
5527,8467
1955,1957
7548,7549
70,71
4683,49
5283,1656
66,2230
5527,8467
7549,49
111,1005
71,49
49,2899
223,2535
3345,4331
223,2568
1232,5832
1656,49
2230,49
5832,111
223,2664
4978,49
2568,49
5136,7335
223,2568
7460,49
4978,49
4331,49
66,2519
2664,49
49,2504
2445,145
8498,66
4978,49
2568,49
7335,49
4556,4557
3461,10
4557,49
4978,49
111,27
7380,7440
7380,7395
7380,7403
7380,7387
7380,2615
7380,2296
7380,7444
7380,7414
7380,1227
7380,4488
7380,4742
7380,3146
7380,7391
7380,7385
7380,7443
7380,7271
7380,7409
7380,7429
7380,3188
7380,2060
7380,7416
7380,5371
7380,6605
7380,3428
7380,2948
7380,4692
7380,4965
7380,7410
7380,4003
7380,5015
7380,5177
7380,4971
7380,5191
7380,4924
7380,4880
7380,2462
7380,5030
7380,5359
7380,5144
7380,5025
7380,4920
7380,4949
7380,3315
7380,5462
7380,5047
7380,4960
7380,6608
7380,3686
7380,885
7380,7388
7380,6303
7380,5035
7380,7435
7380,4117
7380,7431
7380,3534
7380,811
7380,7434
7380,5362
7380,2173
7380,7442
7380,4954
7380,7446
7380,7423
7380,1731
7380,5022
7380,707
7380,7384
7380,7412
7380,7417
7380,7428
7380,5319
7380,7438
7380,5531
7380,3018
7380,5335
7380,2225
7380,7426
7380,7392
7380,7400
7380,7411
7380,7422
7380,5308
7380,4910
7380,7405
7380,7324
7380,5326
7380,5281
7380,3915
7380,7408
5144,49
3534,49
4003,49
10,49
5362,49
885,49
5047,49
3188,49
4949,49
7434,49
7408,49
2173,49
3428,49
5531,49
4117,49
3146,49
5191,49
5025,49
4488,49
707,49
4971,49
1634,66
4954,49
3018,49
7662,49
5359,49
5462,49
4978,49
27,12
7462,6220
4978,49
3697,80
7462,6220
7462,7463
7446,707
4978,49
7662,49
707,49
49,1893
429,3461
3461,10
111,27
6510,4683
10,49
3461,10
4683,49
7861,7369
4978,49
624,7871
145,3298
49,1893
5283,1656
66,2445
624,7873
624,7871
624,7872
66,2787
10,49
1656,49
624,7875
624,624
624,7870
624,7869
624,7867
27,12
624,7868
159,160
624,7874
7369,49
2787,49
160,49
49,3298
5114,160
145,3298
7022,6540
6540,49
160,49
4978,49
5603,66
49,1893
8155,8156
1655,1656
5746,145
5746,145
1656,49
8156,49
1655,1656
7963,80
49,3368
5137,7376
7376,49
1656,49
4978,49
7022,6540
5527,8467
1678,1679
6540,49
8087,6391
66,376
66,1507
1679,49
7662,49
376,49
6391,49
4978,49
5527,8467
111,1345
1507,49
4978,49
7423,5232
5232,49
49,3782
5527,8479
3782,49
5527,8479
7745,7746
4978,49
8778,2589
7587,2589
5887,2589
6157,2589
7925,2589
6942,2589
2589,49
49,3784
7431,5319
3392,145
7746,49
4978,49
5527,8479
7548,7549
5527,8471
6510,4683
66,2849
66,376
4683,49
2849,49
4978,49
7549,49
376,49
314,4457
7089,1946
7572,1639
4978,49
1639,49
1946,49
6035,929
145,6900
66,2387
1772,1774
4978,49
6900,49
4570,732
4766,4768
66,2639
5527,8465
3839,7147
4767,4768
3726,8502
3726,4716
4978,49
7147,49
4768,49
7662,49
4716,49
7820,2387
5293,7147
3726,2374
732,111
66,2556
2374,49
4978,49
2556,49
2639,49
7147,49
5417,145
1955,1958
3192,1946
5042,3096
9186,1946
7192,1946
2095,2096
1946,49
1958,49
5527,8469
1232,12
4978,49
1946,49
1945,1946
2096,49
4978,49
3096,49
1946,49
7022,6540
4948,5492
6540,49
5171,1956
4978,49
4978,49
1956,49
5527,8470
5527,8470
6510,4683
4978,49
4683,49
4978,49
8216,12
7689,7296
4276,4970
4276,5311
4276,5219
4276,44
4276,5201
4276,5321
4276,236
4276,5100
4276,5338
4276,4877
4276,743
4276,5052
4276,5042
4276,5367
4276,3122
4276,5375
4276,4860
4276,5033
4276,5045
4276,5119
4276,5294
4276,5317
4276,3654
4276,5275
4276,5212
4276,5235
4276,990
4276,6
4276,5079
4276,5096
4276,278
4276,5054
4276,5074
4276,3518
4276,3421
4276,3629
4276,2296
4276,5152
4276,5122
4276,4817
4276,5251
4276,5223
4276,5168
4276,3425
4276,5043
4276,5104
4276,5385
4276,5112
4276,4895
4276,5193
4276,5318
4276,3422
4276,3915
4276,1655
4276,5186
4276,4933
4276,211
4276,5351
4276,4873
4276,3643
4276,5195
4276,2013
4276,4941
4276,3018
4276,4830
4276,4980
4276,5056
4276,4989
4276,5130
4276,4928
4276,5313
4276,4545
4276,5137
4276,848
4276,5030
4276,5356
4276,5032
4276,2249
4276,5366
4276,5008
4276,5316
4276,5274
4276,4902
4276,3413
4276,5028
4276,5295
4276,3696
4276,5284
4276,5159
4276,4099
4276,4960
4276,4838
4276,770
4276,2152
4276,5261
4276,4897
4276,4943
4276,890
4276,5160
4276,5051
4276,5302
4276,5249
4276,5386
4276,2290
4276,5007
4276,5123
4276,5287
4276,2913
4276,159
4276,5246
4276,4918
4276,5010
4276,4979
4276,5091
4276,4887
4276,4533
4276,4947
4276,5276
4276,5207
4276,4976
4276,621
4276,5090
4276,4422
4276,5066
4276,3427
4276,4307
4276,4001
4276,5336
4276,5099
4276,3220
4276,5129
4276,2811
4276,5382
4276,4004
4276,5282
4276,5173
4276,497
4276,5026
4276,5189
4276,3099
4276,5212
4276,5365
4276,3851
4276,4906
4276,5300
4276,849
4276,4865
4276,5037
4276,4471
4276,4957
4276,5359
4276,5111
4276,4944
4276,5041
4276,4721
4276,5279
4276,3035
4276,5297
4276,1993
4276,5240
4276,5208
4276,4869
4276,4908
4276,1961
4276,5014
4276,5093
4276,5194
4276,1378
4276,5220
4276,5153
4276,4983
4276,5002
4276,5036
4276,1494
4276,5139
4276,4474
4276,5262
4276,5286
4276,5190
4276,5140
4276,4102
4276,1040
4276,4951
4276,991
4276,5217
4276,1618
4276,5309
4276,2351
4276,4823
4276,5352
49,3788
4276,523
4276,5109
4276,738
4276,2900
4276,5108
4276,5229
4276,5110
4276,4072
4276,5290
4276,5222
4276,5306
4276,5347
4276,5003
4276,4863
4276,5269
4276,1546
4276,5263
4276,4795
4276,5341
4276,5062
4276,5167
4276,1970
4276,4073
4276,4930
4276,5124
4276,5058
4276,2348
4276,4883
4276,1856
4276,1583
4276,42
4276,5377
4276,188
4276,5285
4276,4942
4276,5380
4276,5087
4276,2138
4276,617
4276,4949
4276,4367
4276,4243
111,61
4276,5076
4276,4753
4276,5374
4276,1413
4276,4936
4276,4981
4276,4077
4276,4274
4276,4973
4276,3864
4276,4905
4276,5333
4276,5388
4276,2988
4276,4412
4276,5025
4276,366
4276,5120
4276,4011
4276,5391
4276,5371
4276,5357
4276,3456
4276,5370
4276,3622
4276,5000
4276,4988
4276,3938
4276,4864
4276,4893
4276,5232
4276,4031
4276,5017
4276,1766
4276,246
4276,5177
4276,5379
4276,4866
4276,5307
4276,5349
4276,499
4276,2045
4276,3105
4276,5169
4276,2929
4276,4978
4276,1966
4276,5289
4276,961
4276,5213
4276,5039
4276,4997
4276,5132
4276,1734
4276,5364
4276,4861
4276,5061
4276,2470
4276,5270
4276,4982
4276,694
4276,1647
4276,5230
4276,5012
4276,925
4276,4962
4276,4966
4276,5027
4276,3534
4276,5326
4276,5281
4276,5102
4276,5312
4276,4882
4276,5298
4276,5376
4276,5243
4276,4993
4276,5319
4276,3506
4276,5244
4276,4262
4276,5150
4276,3928
4276,648
4276,4881
4276,408
4276,3037
4276,4444
4276,5363
4276,5005
4276,5082
4276,5069
4276,5165
4276,5238
4276,4279
4276,4872
4276,4278
4276,4939
4276,4922
4276,5378
4276,4968
4276,4867
4276,4998
4276,360
4276,5387
4276,4911
4276,5060
4276,4205
4276,5288
4276,4729
4276,4950
4276,5049
4276,5114
4276,2173
4276,1976
4276,514
4276,5145
4276,5107
4276,4975
4276,4441
4276,71
4276,5175
4276,2221
4276,5158
4276,1227
4276,3243
4276,4876
4276,5134
4276,4945
4276,4964
4276,5191
4276,4972
4276,5216
4276,4912
4276,5128
4276,4991
4276,4904
4276,4669
4276,5018
4276,3725
4276,5101
4276,5203
4276,4140
4276,5218
4276,4923
4276,5015
4276,5293
4276,5020
4276,5038
4276,5258
4276,2240
4276,858
4276,2979
4276,5118
4276,5035
4276,5078
4276,5149
4276,1908
4276,4600
4276,5209
4276,5314
4276,3224
4276,48
4276,1892
4276,4985
4276,4990
4276,5256
4276,5389
4276,5259
4276,5329
4276,4916
4276,3095
4276,4114
4276,5231
4276,5146
4276,3338
4276,5345
4276,2393
4276,4926
4276,2967
4276,1784
4276,2781
4276,1626
4276,5272
4276,77
4276,5113
4276,4999
4276,5094
4276,5121
5307,571
4276,5019
4276,1969
5249,145
4276,5327
4276,4888
4276,4884
4276,4955
4276,5155
4276,5343
4276,5055
4276,866
4276,4914
4276,3880
4276,4932
4276,5053
4276,43
4276,5315
4276,5044
4276,4921
4276,4473
4276,5142
4276,5373
4276,3055
4276,2099
4276,4954
4276,5268
4276,4188
4276,5358
4276,5178
4276,5172
4276,3321
4276,5176
4276,5009
5527,8482
2221,2223
4243,49
5285,49
5175,49
159,160
5287,49
1734,49
66,2473
2138,49
4976,49
890,49
360,49
1976,49
5002,49
4944,49
5373,49
2988,49
5005,49
5178,49
236,49
5146,49
5007,49
5321,49
5018,49
188,49
2013,49
617,49
523,49
5232,49
5172,49
5386,49
5251,49
4817,49
4823,49
5223,49
1546,49
5262,49
5256,49
5294,49
1618,49
1966,49
5286,49
71,49
5140,49
2060,2061
5109,49
42,49
743,49
1494,49
4073,49
3938,49
5318,49
5078,49
4262,49
5389,49
5243,49
5378,49
4474,49
4669,49
5276,49
5380,49
366,49
5066,49
4099,49
5060,49
5014,49
5056,49
4978,49
3055,49
5274,49
4949,49
2249,49
1766,49
4600,49
2152,49
5235,49
5043,49
4140,49
4729,49
4957,49
3534,49
2781,49
4997,49
2290,49
5119,49
5527,8468
5114,160
4966,49
3851,49
5388,49
2173,49
3105,49
5195,49
3629,49
4950,49
4753,49
3122,49
1378,49
925,49
2434,922
5051,49
2223,49
3095,49
5288,49
4077,49
160,49
3425,49
3220,49
3518,49
4072,49
4999,49
5055,49
5038,49
4962,49
5191,49
48,49
4795,49
5010,214
4947,49
5258,49
5003,49
4205,49
3456,49
5100,49
4968,49
3338,214
7444,214
5220,214
5352,49
246,214
5069,49
3643,49
5054,49
3421,214
5058,49
5041,49
4945,49
7324,214
4307,49
7440,5705
648,214
4692,214
5052,214
1957,214
1969,49
4188,214
5367,49
858,49
4954,49
4444,49
5152,49
866,49
5167,49
5025,49
5012,49
5118,49
5149,49
1908,49
5244,49
5311,49
5374,49
5201,49
7296,49
5347,49
4422,49
1961,49
5272,49
2967,49
4471,49
571,49
5094,49
278,49
4114,49
3037,49
4991,49
5298,49
4412,49
5359,49
5193,49
5229,49
5124,49
5159,49
4279,49
5219,49
5158,49
214,9296
5309,49
5391,49
4980,49
2061,49
3864,49
5169,49
3018,49
5099,49
5356,49
5044,49
4102,49
4001,49
5132,49
3622,49
2913,49
5282,49
1892,49
5238,49
5033,49
4545,49
5026,49
5527,8481
5375,49
4972,49
5039,49
5194,49
2348,49
3413,49
3506,49
5315,49
5208,49
5365,49
4533,49
214,9296
5317,49
2473,49
5527,8475
5306,49
4978,49
848,49
111,1345
4970,49
5102,49
211,49
2351,49
5160,49
5121,49
49,3548
4978,49
49,3534
1564,1565
1564,1565
1564,1565
3534,49
2535,145
1655,1656
111,1001
1565,49
5527,8477
6345,7713
1656,49
4978,49
7662,49
6345,7713
5527,8477
5527,8472
6510,4683
4978,49
4683,49
355,5712
4978,49
5527,8474
8715,1362
5712,214
5527,8480
4978,49
6345,7710
5527,8480
66,376
2296,145
5319,145
5177,145
7271,145
111,1136
5527,8478
5527,8478
4978,49
1564,1565
1362,49
5527,8478
5281,145
7422,145
66,2575
4661,66
5176,1752
1565,49
2575,49
376,49
6345,7717
4004,4006
5527,8463
5527,8463
5091,80
4006,49
5527,8463
4978,49
5527,8463
66,2394
4978,49
4985,5769
111,1136
5769,49
4978,49
4004,4006
4006,49
4978,49
2445,145
4978,49
66,376
49,111
6630,6631
4614,3929
111,962
111,1136
376,49
4978,49
3929,49
6,8
4978,49
6630,6631
7662,49
111,965
4978,49
49,111
66,376
5028,6326
4978,49
7662,49
8,49
376,49
7757,7758
6326,49
4978,49
7662,49
7758,49
111,1235
4978,49
5527,8463
7662,49
4978,49
66,2894
5151,6631
2894,49
4978,49
3638,7342
7342,49
49,3562
5527,8483
5527,8483
4978,49
5319,145
1120,12
3664,6299
6299,49
4978,49
49,3345
6210,6210
5015,6187
49,3345
49,3431
8603,8605
3664,6299
3664,6299
3664,6299
6299,49
4978,49
8605,49
6187,49
6510,4683
1678,1679
1679,49
6299,49
4978,49
4683,49
1774,145
111,1323
7837,7837
4978,49
4787,4460
4978,49
4787,2436
5370,9244
9282,3949
8010,8011
8011,49
355,4587
4460,2436
3949,111
7356,8873
7356,4543
7356,8311
7356,1283
4587,49
7356,6580
4978,49
7356,8831
7356,8719
7356,8937
7356,8884
7356,4827
7356,8281
7356,7550
7356,8638
7356,8954
7356,3290
7356,1684
7356,8270
7356,5491
7356,7434
7356,8877
7356,8951
7356,8272
7356,8906
7356,6616
7356,9005
7356,8020
7356,9060
7356,8883
7356,2434
7356,8122
7356,5056
7356,2218
7356,7819
7356,8989
7356,399
7356,8829
7356,2916
7356,9020
7356,8984
7356,1926
7356,5190
7356,9046
7356,3480
7356,8950
7356,3101
7356,8867
7356,9040
7356,8966
7356,7654
7356,8949
7356,6795
7356,1612
7356,7689
7356,8902
7356,8835
7356,167
7356,3664
7356,619
7356,8806
7356,8663
7356,1735
7356,8898
7356,8962
7356,8894
7356,2680
7356,8856
7356,5074
7356,9021
7356,918
7356,8828
7356,8886
7356,7986
7356,9028
7356,4102
7356,7025
7356,5849
7356,3013
7356,8878
7356,3582
7356,8634
7356,3588
7356,5184
7356,6531
7356,8996
7356,6522
7356,5632
7356,4819
7356,7634
7356,281
7356,5865
7356,4513
7356,5360
7356,2054
7356,9073
7356,8521
7356,9044
7356,8874
7356,8978
7356,7620
7356,4610
7356,8928
7356,6303
7356,9069
7356,4981
7356,7026
7356,7956
7356,8067
7356,4984
7356,8126
7356,751
7356,8389
7356,7533
7356,692
7356,8805
7356,8675
7356,1522
7356,7445
7356,6181
7356,5254
7356,8857
7356,4585
7356,8486
7356,4266
7356,5148
7356,6163
7356,5268
7356,260
7356,6311
7356,7439
7356,3039
7356,1014
7356,1887
7356,3188
7356,7097
7356,8917
7356,4358
7356,8294
7356,1564
7356,8920
7356,8872
7356,8963
7356,7780
7431,5319
7356,9055
7356,1426
7356,875
7356,3719
7356,4409
7356,2170
7356,8800
7356,6679
7356,8891
7356,4742
7356,4615
7356,2927
7356,8844
7356,2103
7356,8809
7356,8882
7356,786
7356,5354
7356,5040
7356,5098
7356,7838
7356,5878
7356,5168
7356,917
7356,5358
7356,5225
7356,693
7356,8003
7356,9061
7356,5276
7356,5109
7356,8965
7356,4838
7356,359
7356,9027
7356,9022
7356,7662
7356,859
7356,8088
7356,8065
7356,5068
7356,9029
7356,5325
7356,8999
7356,4255
7356,5221
7356,3234
7356,1897
7356,811
7356,4117
7356,8834
7356,925
7356,5582
7356,8936
7356,4997
7356,4992
7356,8919
7356,3960
7356,8942
7356,233
7356,8802
7771,12
7356,5324
7356,7072
7356,635
8486,49
7356,8758
7356,9025
7356,5879
7356,5628
7356,8184
9028,49
1522,49
6531,49
5254,49
7356,4511
1887,49
1684,49
7986,49
7780,49
7356,5131
3188,49
7356,8875
7356,5018
7356,4900
7356,7080
7356,7757
7356,4964
7356,8807
7356,1709
7356,3929
7356,4632
7356,2308
7356,826
7356,4003
2054,49
7356,8845
7356,8927
4984,49
7356,7771
7956,49
7356,2209
5360,49
7654,49
4513,49
2170,214
5225,214
6580,49
8122,49
875,49
7356,1976
7356,4963
8270,49
7356,8946
7356,300
7356,8355
7356,720
7356,7115
7356,774
7356,4391
7356,8152
7356,6591
7356,4815
7356,6606
7356,5064
7356,6375
5865,49
1926,49
7533,49
7356,7506
7356,795
7356,5139
7356,2056
7356,668
7356,7918
7356,5286
7356,5323
7356,3672
7356,5202
9069,49
8294,49
7356,920
7356,7939
7356,5092
7356,1947
5632,49
7356,7435
4978,49
167,49
7356,5180
8067,49
7356,3005
7356,3518
1426,49
5056,49
7356,5186
7356,8922
7356,2248
8663,49
7356,324
7356,2975
7356,9015
7356,7392
7356,5037
7356,4424
7356,5466
7356,5386
7445,49
281,49
7356,5175
7356,5133
7356,9014
7356,8596
7356,2332
8521,49
7356,6083
7356,3055
8020,49
7434,49
7356,7966
6181,49
7356,5171
7356,7595
7356,8366
7356,5242
7356,8507
7356,3183
7356,5306
7356,8977
7356,8759
7356,1403
7356,2095
7356,9035
7356,3425
7356,5179
7356,5880
7356,5255
7356,5204
7356,4990
7356,4957
7356,204
7356,7312
7356,914
7356,1521
7356,4958
7356,5260
7356,212
8675,49
7356,5011
7356,1907
7356,7708
7356,2131
7356,4108
7356,4022
7356,2278
7356,2978
7356,7648
7356,6421
7356,2013
7356,1766
7356,5106
7356,4839
7356,9053
7356,5083
7356,1599
7356,8143
66,2436
7356,8105
7356,812
7356,618
7356,8043
7356,4500
7356,5231
7356,5235
7356,344
7356,2256
7356,5085
7356,7246
7356,1704
7356,4956
7356,4766
7356,5294
7356,4069
7356,4693
7356,4846
7356,453
7356,4495
7356,8618
7356,3962
7356,7186
7356,8660
7356,1700
7356,3034
7356,6815
7356,3194
7356,8041
7356,5373
5186,5624
7356,4866
7356,5210
7356,2225
7356,8129
7356,6521
7356,8498
7356,4004
7356,5776
7356,7885
7356,9031
7356,8859
7356,6766
7356,5399
7356,9059
7356,4592
7356,1368
7356,565
8759,214
7356,6664
6815,49
6606,49
5324,49
8143,49
8065,49
9015,49
4391,49
3960,49
8041,49
6421,49
5175,49
2308,49
5466,49
8088,49
453,49
5354,49
1976,49
4632,49
4069,49
3234,49
8660,49
4500,49
5133,49
4424,49
3929,49
4615,49
233,49
5306,49
1599,49
2013,49
7662,49
4108,49
4846,49
2332,49
5878,49
3962,49
9029,49
3582,49
9025,49
7939,49
2256,49
6083,49
5018,49
9027,49
4839,49
8355,49
1709,49
9014,49
5180,49
1907,49
7246,49
786,49
5879,49
795,49
2978,49
7620,49
6679,49
5179,49
4693,49
5386,49
7648,49
5106,49
5068,49
5011,49
4511,49
6375,49
4409,49
7506,49
812,813
5286,49
300,49
8596,49
618,49
5109,49
5260,49
1704,49
5085,49
4495,49
5325,49
5276,49
7634,49
2248,49
4819,49
5294,49
2056,49
7838,49
3672,49
344,49
4102,49
212,49
1368,1369
3425,49
7312,49
4022,49
1403,49
5776,49
4978,49
8043,49
5373,49
5242,49
8003,49
565,49
66,2436
9035,49
5492,145
7550,941
914,49
4592,49
1766,49
7708,49
3055,49
5323,49
8758,49
4997,49
5628,49
8656,66
4255,49
6521,49
7885,49
3518,49
9059,49
4003,49
5083,49
5221,49
925,49
4117,49
4957,49
6591,49
7918,49
5131,49
5624,49
5255,49
7595,49
7080,49
5235,49
4956,49
3005,49
2975,49
7356,2425
7356,8787
7356,8031
7356,8162
7356,6053
7356,7285
7356,839
7356,9034
7356,1079
7356,4816
7356,5014
7356,5775
7356,5783
7356,4556
7356,1517
7356,1758
7356,4978
7356,9047
7356,9002
7356,2301
1369,49
6053,49
839,49
5783,49
4978,49
5775,49
8498,66
2131,49
1517,49
9047,49
6311,2226
4815,4817
4817,49
4816,49
941,49
1758,49
5014,49
7356,1811
7356,8810
5064,49
2226,49
111,1235
8389,8390
3968,1521
4978,49
813,49
66,376
111,990
376,49
8390,49
9053,49
4978,49
2436,12
49,3749
6765,634
5210,7813
6311,2226
4978,49
7813,49
111,990
2225,2226
5366,145
4948,5492
4978,49
2226,49
44,45
5009,145
5312,145
5376,145
66,2436
5319,145
5281,145
3928,145
4441,145
5177,145
1647,145
3725,145
4011,145
4031,145
5087,145
5246,145
3427,145
5045,145
5130,145
497,145
2296,145
5090,145
499,145
4978,49
66,2611
6387,66
6387,66
6510,4683
6387,66
5705,145
4978,49
4683,49
2436,12
5270,4626
111,398
4626,49
4978,49
3194,1369
8129,1369
4978,49
1369,49
4978,49
49,3330
3034,1369
1369,49
4978,49
1700,1701
4978,49
1701,49
5171,1956
1956,49
49,3492
4978,49
2283,2285
8400,8403
2285,49
4978,49
3957,2271
4942,5417
49,232
2271,49
4978,49
1752,145
4978,49
2611,12
8162,6829
4978,49
6829,49
4978,49
49,3464
49,2445
49,2445
6912,4456
6510,4683
4978,49
6912,4456
66,2391
1133,6439
7012,1536
1133,6439
66,2391
7662,49
4978,49
1133,6439
1536,49
4683,49
49,1840
2444,3211
1133,6444
1133,6439
9022,2056
7662,49
66,2787
66,376
2056,49
376,49
2787,49
4978,49
111,1137
4978,49
7662,49
66,2611
4978,49
4604,4604
145,1589
66,2399
4978,49
2611,12
49,3493
3330,4119
4978,49
111,1104
5527,8476
6510,4683
8087,6391
4978,49
7179,167
6391,49
167,49
1071,5527
4978,49
4683,49
8546,66
5527,8476
5310,2366
2367,2366
5527,8476
4978,49
8546,66
4568,66
1133,2325
1133,6442
1133,6441
4978,49
7460,49
6765,634
6608,581
1133,1590
7460,49
4978,49
4978,49
7662,49
6765,634
4978,49
4604,4605
121,122
4978,49
4605,49
6765,634
6660,6661
1133,1590
218,378
6661,49
4978,49
4978,49
6210,145
1856,662
6765,634
6765,634
7662,49
4978,49
1133,1590
9258,558
9258,558
1808,558
555,558
5112,5882
6254,558
8442,558
1543,558
558,49
7567,558
7150,558
6402,558
8505,558
4454,4455
3250,558
5517,558
5666,558
4340,558
558,49
6889,558
5882,49
4978,49
7755,558
4766,4768
7837,145
4768,49
558,49
4978,49
4978,49
4978,49
6510,4683
4683,49
5319,145
6765,7833
260,145
4992,145
4358,145
9020,145
6946,66
6163,145
1612,145
4978,49
1521,145
8366,145
4978,49
7833,634
111,1027
4978,49
7833,6765
5202,4976
4978,49
4976,49
4978,49
4978,49
1521,145
6830,6831
355,1658
3749,145
6765,7833
6830,6831
4978,49
7833,6765
5492,145
45,145
6765,7833
4978,49
7460,49
1589,1590
6510,4683
4978,49
4683,49
7833,6765
9148,9149
1589,1590
9148,7667
1589,1590
7263,7264
6765,7833
7833,6765
7667,49
66,2894
2894,49
49,3665
49,3293
49,3339
355,8259
145,8230
789,790
49,2425
49,3316
7662,49
4457,4456
49,3580
4456,314
790,49
4978,49
49,2347
6765,7833
7833,6765
4978,49
145,8228
1955,1956
1955,232
6765,634
6765,634
7263,4503
6765,7833
7833,634
7833,634
7833,6765
1956,49
4978,49
4503,49
6765,7833
232,145
5417,145
3880,3881
4978,49
570,6331
3881,49
4978,49
3464,145
2445,145
2445,145
1955,929
1955,1956
7833,6765
7662,49
1956,49
4978,49
49,3556
9318,3707
3707,214
4978,49
4978,49
49,3556
8204,45
8204,45
2240,1520
5314,8413
4978,49
8413,214
1520,49
7662,49
4978,49
5231,7151
4978,49
7151,49
8155,8156
7662,49
8156,49
4978,49
3493,145
6510,4683
4683,49
4978,49
49,3748
4978,49
7460,49
4978,49
581,145
4978,49
66,2680
314,6912
3748,12
4978,49
445,49
66,2798
4978,49
66,2798
6912,4457
4978,49
6510,4683
662,145
4978,49
4683,49
7662,49
4456,4457
5241,8286
7662,49
7460,49
4276,5032
4276,5043
4276,5041
4276,5091
4276,990
4276,5100
4276,4011
4276,5160
4276,5227
4276,3643
4276,4429
4276,5316
4276,4959
4276,5099
4276,5045
4276,5042
4276,2913
4276,5207
4276,5189
4276,5030
4276,1961
4276,3220
4276,4979
4276,5079
4276,4861
4276,5246
4276,5318
4276,4533
4276,5097
4276,5051
4276,3422
4276,2249
4276,5375
4276,5010
4276,5147
4276,5294
4276,5286
4276,5152
4276,5276
4276,5261
4276,5129
4276,1655
4276,3851
4276,4274
4276,42
4276,4471
4276,4830
4276,2811
4276,5275
4276,5033
4276,4817
4276,4004
4276,4877
4276,4276
4276,4860
4276,5300
4276,5037
4276,5385
4276,4933
4276,278
4276,5201
4276,5120
4276,5295
4276,4970
4276,3099
4276,5195
4276,4995
4276,5219
4276,4960
4276,5193
4276,4099
4276,3696
4276,4897
4276,5321
4276,5052
4276,3629
4276,5356
4276,4719
4276,211
4276,606
4276,3122
4276,3413
4276,2013
4276,5311
4276,4943
4276,2290
4276,4988
4276,159
4276,3654
4276,5212
4276,5287
4276,5284
4276,4887
4276,3518
4276,4422
4276,5257
4276,5250
4276,5007
4276,5351
4276,5124
4276,4985
4276,5282
4276,5186
4276,4928
4276,5274
4276,5090
4276,849
4276,5054
4276,5313
4276,4031
4276,5066
4276,5317
4276,5028
4276,4902
4276,5106
4276,890
4276,5302
4276,5026
4276,4895
4276,5212
4276,621
4276,4989
4276,5008
4276,5130
4276,5096
4276,4545
4276,5123
4276,4906
4276,5338
4276,5159
4276,4941
4276,5367
4276,5249
4276,5198
4276,236
4276,5297
4276,5251
4276,5119
4276,4977
4276,4863
4276,5112
4276,4878
4276,4964
4276,5074
4276,5322
4276,2152
4276,6
4276,5223
4276,5366
4276,4721
4276,5108
4276,5279
4276,5194
4276,5056
4276,5012
4276,5290
4276,5036
4276,5140
4276,5370
4276,4874
4276,5153
4276,4978
4276,4997
4276,617
4276,5263
4276,5262
4276,5341
4276,4883
4276,5003
4276,4367
4276,2988
4276,1583
4276,5269
4276,5014
4276,5213
4276,5234
4276,5350
4276,4886
4276,4951
4276,5388
4276,3105
4276,4072
4276,4077
4276,1040
4276,5365
4276,4944
4276,4823
4276,5270
4276,5111
4276,5291
4276,4911
4457,4456
4276,4945
4276,5374
4276,2348
4276,5349
4276,48
4276,5087
4276,1378
4276,5380
4276,2138
4276,5169
4276,5256
4276,1546
4276,5391
4276,246
4276,5327
4276,4999
4276,5352
4276,71
4276,5208
4276,4816
4276,3224
4276,5359
4276,5155
4276,5060
4276,5238
4276,4926
4276,4729
4276,2781
4276,5113
4276,77
4276,5057
4276,2470
4276,5371
4276,1969
4276,5229
4276,5309
4276,5389
4276,4262
4276,5062
4276,188
4276,5175
4276,1966
4276,694
4276,4881
4276,5005
4276,4996
4276,523
4276,366
4276,3864
4276,3506
4276,5259
4276,5020
4276,43
4276,5044
4276,4279
4276,5343
4276,5093
4276,3622
4276,5222
5052,214
4276,1734
4276,5347
4276,514
4276,4205
4276,1993
4276,858
4276,3095
4276,4872
4276,991
4276,4114
4276,4412
4276,4983
4276,5387
4276,1703
4276,5076
4276,5149
4276,5230
4276,5146
4276,3725
4276,5191
4276,5288
4276,5312
4276,1618
4276,4073
4276,5053
4276,4869
4276,5134
4276,3421
4276,1227
4276,2900
4276,5258
4276,5217
4276,5110
4276,4669
4276,4905
4276,5109
4276,4864
4276,4795
4276,4488
4276,4876
4276,4935
4276,4753
4276,5018
4276,5000
4276,5319
4276,5058
4276,5002
4276,4884
4276,4962
4276,5243
4276,1647
4276,4904
4276,5376
4276,4950
4276,3928
4276,499
4276,1892
4276,2221
4276,5132
4276,2045
4276,4838
4276,4942
4276,3880
4276,4893
4276,5333
4276,5357
4276,5080
4276,5137
4276,5107
4276,4140
4276,5329
4276,5306
4276,5017
4276,5307
4276,4922
4276,1856
4276,5094
4276,5314
4276,5379
4276,4474
4276,2929
4276,3035
5010,214
4276,3456
4276,5285
4276,3243
4276,5151
4276,3338
4276,4991
4276,5158
4276,5298
4276,5150
4276,4921
4276,5281
4276,4867
4276,5127
4276,4888
4276,408
4276,4444
4276,3534
4276,4441
4276,5172
4276,4998
4276,2240
4276,2393
4276,5009
4276,5378
4276,4990
4276,5216
4276,1908
4276,1705
4276,5165
4276,4587
4276,5315
4276,5203
4276,4916
4276,4939
4276,5142
4276,4473
4276,5345
4276,5039
9345,8251
4276,5114
4276,4968
4276,1784
4276,5019
4276,5178
4276,4914
4276,5272
4276,3037
4276,4955
4276,5055
4276,4188
4276,4912
4276,4825
4276,5021
4276,4923
4276,4278
4276,5176
4276,3681
4276,5118
4276,1626
4276,925
4276,5038
4276,360
4276,5121
4276,5353
4276,4966
4276,5015
4276,5101
4276,5069
4276,4993
4276,5082
4276,3055
4276,5218
5285,49
5002,49
1734,49
5287,49
890,49
4944,49
2988,49
2138,49
5018,49
4817,49
5251,49
236,49
4823,49
5223,49
523,49
5146,49
4456,4457
188,49
617,49
5007,49
5106,49
5262,49
1546,49
4816,49
1618,49
246,214
3338,214
1966,49
3421,214
5294,49
4188,214
4073,49
5109,49
71,49
5256,49
5286,49
42,49
1703,214
366,49
5380,49
5276,49
4474,49
5318,49
5389,49
5060,49
4099,49
5350,49
4978,49
4729,49
5056,49
5066,49
5014,49
5119,49
4997,49
5274,49
5043,49
3087,3088
4950,49
4753,49
4140,49
2781,49
5270,4626
3220,49
3851,49
5388,49
5288,49
1378,49
5258,49
3095,49
4962,49
4999,49
4545,49
4970,49
5051,49
5352,49
5003,49
4072,49
4488,49
5132,49
5191,49
3456,49
4587,49
5243,49
360,49
5321,49
3055,49
4262,49
5172,49
5378,49
4669,49
5178,49
5317,49
5306,49
5140,49
5005,49
2013,49
5175,49
4966,49
3105,49
2290,49
3622,49
2152,49
925,49
8251,49
3122,49
3534,49
4955,160
5195,49
5353,49
3088,49
3518,49
5121,49
5160,49
5055,49
2913,49
5038,49
4457,4456
48,49
4795,49
4205,49
5100,49
5367,49
5058,49
3643,49
4945,49
858,49
5069,49
4968,49
4444,49
5149,49
5012,49
1908,49
5347,49
4991,49
278,49
5227,49
4422,49
3037,49
5359,49
5219,49
5391,49
4626,49
4471,49
5309,49
5201,49
5159,49
5094,49
5158,49
5124,49
3864,49
5298,49
5044,49
5272,49
5193,49
5282,49
1961,49
4412,49
4114,49
5169,49
5356,49
4279,49
5229,49
5099,49
1892,49
5375,49
5238,49
5194,49
5057,49
3506,49
7662,49
4457,4456
160,49
5054,49
5026,49
5118,49
5311,49
1969,49
5033,49
5374,49
5152,49
5039,49
2348,49
4533,49
3413,49
5208,49
5315,49
5365,49
211,49
4719,49
5127,49
5314,8413
5234,49
4543,1518
1678,1679
8413,214
1679,49
3629,49
5322,49
4429,49
4070,4069
4942,5417
159,160
4456,4457
4456,4457
160,49
5114,160
4069,49
49,356
5120,7248
5241,8286
4077,49
1518,49
5041,49
2249,49
4978,49
7662,49
7248,49
356,49
160,49
5241,8286
5241,8286
5120,7248
4978,49
7248,49
5241,8286
5241,8286
4978,49
8517,4895
8517,5118
8517,1969
8517,5282
6510,4683
7249,7248
4683,49
1658,145
66,2384
5118,49
4978,49
1969,49
7248,49
5282,49
5241,8286
5241,8286
4978,49
9160,9161
4948,5492
5241,8286
9161,49
4978,49
1955,1960
1955,232
1960,214
49,2665
7460,49
8517,1158
4978,49
8517,4999
8517,3864
2665,223
8517,8518
4999,49
3864,49
4978,49
4978,49
5015,6187
7698,128
7698,7699
5685,5686
128,49
4978,49
5686,49
6187,49
49,3154
5176,1752
4978,49
49,3718
3154,3155
6510,4683
4978,49
3718,3155
4978,49
4683,49
3155,3724
66,2798
5241,8286
49,3724
1955,1956
7460,49
1955,929
232,145
1956,49
4978,49
8443,72
1955,232
1955,1960
72,49
1960,214
4978,49
49,3724
4978,49
1955,1961
1961,49
49,3383
2283,2284
5036,6405
4978,49
6405,49
5062,6665
5399,64
4978,49
6665,111
4978,49
7662,49
5241,8286
111,1147
5241,8286
45,145
45,145
49,577
2221,2223
1655,1656
2223,49
4978,49
1656,49
4948,5492
7460,49
4978,49
66,1757
1757,49
49,672
672,214
9265,743
6510,4683
49,3643
3643,49
743,49
4683,49
9265,743
4215,567
743,49
742,743
742,743
567,49
743,49
4978,49
884,158
384,385
4978,49
7662,49
8400,8402
49,2445
49,2445
8286,5241
8286,5241
6722,66
4978,49
7572,1639
7745,7746
214,2787
1639,49
66,376
66,376
7746,49
66,2445
376,49
2787,49
9319,5157
9348,4243
742,743
5241,8286
7662,49
9265,743
5157,49
743,49
4978,49
9348,4243
2255,2140
5241,8286
7662,49
4243,49
5281,145
5021,145
5009,145
4441,145
5087,145
5376,145
1647,145
5312,145
499,145
5319,145
4031,145
5366,145
5246,145
5045,145
3928,145
5090,145
5130,145
4011,145
3725,145
5249,145
5257,145
743,49
1777,181
111,1237
4978,49
5241,8286
49,534
1955,1959
1959,214
4960,5590
6765,634
5241,8286
6765,7833
5590,214
7662,49
5241,8286
5241,8286
5241,8286
5417,145
49,534
223,2568
5334,9114
4978,49
6510,4683
4683,49
2568,49
7662,49
1678,1679
6759,3142
5334,9114
4978,49
1679,49
5186,5624
7662,49
2088,529
5624,49
49,717
900,901
7833,12
529,49
4978,49
6760,3142
3141,3142
7460,49
4978,49
7833,12
5241,8286
5492,145
8661,2351
232,145
4978,49
2351,49
7507,5306
4978,49
5306,49
7356,3433
7356,8873
7356,8638
7356,8938
7356,9061
7356,3039
7356,9005
7356,8883
7356,8805
7356,8389
7356,490
7356,6053
7356,8888
7356,2357
7356,3371
7356,8734
7356,871
7356,8951
7356,5287
7356,8898
7356,2974
7356,774
7356,7210
7356,9040
7356,8281
7356,7358
7356,8862
7356,5168
7356,2040
7356,4409
7356,619
7356,6892
7356,1897
7356,3290
7356,8270
7356,5317
7356,4610
7356,6303
7356,6706
7356,4504
7356,9060
7356,8902
7356,9069
7356,7550
7356,8835
7356,3588
7356,770
7356,7881
7356,8930
7356,4266
7356,5364
8661,2351
7356,1413
7356,1014
7356,7434
7356,3329
7356,8966
7356,5491
7356,8815
7356,7654
7356,1522
7356,1307
7356,8856
7356,3188
7356,7025
7356,8984
7356,7317
7356,9020
7356,8962
7356,6181
7356,6531
7356,8940
7356,9058
7356,63
7356,8384
7356,8787
7356,3594
7356,3101
7356,8897
7356,7439
7356,1426
7994,7995
7356,875
7356,260
7356,2436
7356,5360
7356,8894
7356,8920
7356,5133
7356,5070
7356,5254
7356,4513
7356,5190
7356,7125
7356,8878
7356,7553
7356,8828
7356,5640
7356,8294
7356,8872
7356,8664
7356,7994
7356,5359
7356,9055
7356,8126
7356,5120
7356,635
4504,49
5317,49
7356,5268
7356,7097
7356,6522
7356,4910
7356,2054
7356,3321
7356,8874
7356,7460
7356,8939
7356,564
9069,49
7356,3582
7356,7662
6053,49
7356,2099
7356,1887
7356,4585
7356,7780
7356,5358
7356,6679
7356,4615
7356,5321
7356,786
7356,6660
7356,6163
7356,8003
7356,2425
7356,4943
7356,3719
7356,8675
7356,7689
7356,8088
7356,2170
7356,8521
7356,7445
7881,49
7356,1953
7356,7956
7356,4003
7356,2927
7356,4823
7356,4819
7356,9044
7356,1734
7356,6438
7356,8963
7356,3234
7356,4102
7356,281
7356,5225
7356,8802
7356,4742
7356,6264
7356,692
7356,4997
7356,693
7356,3960
7356,8758
7356,7072
7356,2103
7356,8634
7356,4255
7356,8184
7356,5040
7356,9025
7356,2249
7356,9027
7356,8936
7356,4992
7356,5068
7356,1647
7356,5128
7356,5098
7356,5325
7356,233
7356,7634
7356,1521
7356,5262
7356,9029
7356,9064
7356,5878
7356,5582
7356,5172
7356,8844
7356,5879
7356,4600
7356,811
7356,5324
7356,4838
7356,5354
7356,5221
7356,8999
7356,8919
7356,4117
7356,917
7356,8816
7356,8065
7356,8965
7356,8834
7356,8800
7356,4632
7356,8807
7356,4900
7356,4511
7356,4981
7356,5628
7356,5131
7356,5286
7356,9022
7356,8810
7356,8355
2170,214
7356,795
7356,668
7356,4816
7356,2209
7356,5251
7356,9002
7356,4984
7356,7771
7356,8927
7356,720
7356,6591
7356,324
7356,6585
7356,6311
7356,3725
7356,2308
7356,5078
7356,5064
7356,5202
7356,8875
7356,1709
7356,6232
7356,4391
7356,4669
7356,7080
7356,8809
7356,1758
7356,4004
7356,4963
7356,8845
5225,214
7356,3929
7356,7757
7356,5783
7356,6375
7356,8946
7356,300
7356,7939
7356,7966
7356,7506
7356,5285
7356,5066
7356,2056
7356,1947
7356,5323
7356,5092
7356,920
7356,5180
7356,5112
7356,5386
7356,8366
7356,1811
7356,4424
7356,5139
7356,8122
7356,5106
7356,5276
7356,1976
7356,2248
7356,1517
7356,5037
7356,8922
7356,7115
7356,3243
7356,5179
7356,9015
7356,8977
7356,1403
7356,212
7356,4815
7356,5260
7356,5109
7356,7392
7356,8596
7356,2131
7356,2975
7356,3005
7356,925
7356,188
7356,5294
619,620
7356,6421
7356,2332
7356,7435
7356,8507
7356,204
7356,5362
7356,3425
7356,8759
7356,4556
7356,5880
7356,5204
7356,359
5354,49
7356,9014
7356,7312
2308,49
7356,1704
6531,49
7356,2256
7356,8043
7356,9053
7356,2676
7356,2013
7356,344
7356,1618
7356,7648
7356,4957
7356,4839
7356,3518
7356,3055
4632,49
7356,4956
7356,9035
3960,49
7356,2978
7356,453
7356,618
7356,4500
4391,49
5287,49
7356,4846
7356,7595
7356,1766
1734,49
7356,5083
7356,7708
7356,4022
7780,49
7356,5775
7356,5231
7356,2301
3188,49
8088,49
8065,49
3234,49
1976,49
1522,49
7356,4069
7356,4766
7356,2278
7356,5255
5324,49
7356,8105
7356,2095
7356,4693
5285,49
7356,8143
7356,7861
7356,5242
7356,5146
7356,4958
7356,7246
7356,812
7356,1907
7356,914
7356,5306
1887,49
3582,49
5321,49
5133,49
2054,49
233,49
8355,49
3929,49
7356,1599
8759,214
7356,5085
4615,49
7356,5373
7356,7186
6232,49
4513,49
7956,49
7460,49
7356,2225
7356,1700
7356,3962
7356,8498
7356,5776
7356,4990
7356,7885
7356,3034
5878,49
7356,4099
188,49
7356,4866
7356,8660
7356,8041
7356,5399
7356,9047
7356,8882
7356,5210
9029,49
7356,6815
7356,3194
7356,5014
7356,4495
7356,3672
7356,4964
7356,8859
7356,8129
7356,5235
7356,9059
7356,6766
7356,9031
6679,49
7356,565
1709,49
9025,49
5251,49
7939,49
4823,49
7356,6521
9027,49
7662,49
795,49
786,49
5179,49
5879,49
4816,49
875,49
7356,1368
7356,4978
7356,6664
5180,49
5172,49
4511,49
5106,49
7506,49
5262,49
4409,49
6375,49
4102,49
5325,49
8122,49
7654,49
300,49
5068,49
212,49
8596,49
2248,49
5109,49
2056,49
564,49
8270,49
5783,49
8294,49
5294,49
5260,49
5078,49
5286,49
9064,49
1403,49
4819,49
5066,49
8664,49
7634,49
4669,49
5276,49
1426,49
1517,49
4978,49
5064,49
5070,49
620,49
2131,49
5323,49
6421,49
4500,49
8143,49
4069,49
8660,49
1599,49
6815,49
1758,49
4984,49
5373,49
5306,49
5386,49
565,49
9015,49
453,49
1907,49
7246,49
5254,49
8003,49
2332,49
1704,49
9053,49
3962,49
4424,49
3672,49
2256,49
4495,49
4693,49
344,49
2978,49
5360,49
5242,49
9014,49
2013,49
7648,49
5362,49
1618,49
8041,49
4846,49
4839,49
5085,49
5146,49
4022,49
5775,49
5014,49
4099,49
7312,49
1766,49
5776,49
914,49
9035,49
7708,49
8675,49
8758,49
4003,49
4255,49
4997,49
2249,49
7445,49
7885,49
6591,49
5235,49
281,49
1752,145
7434,49
4117,49
6521,49
9047,49
3518,49
5083,49
5131,49
3425,49
618,49
5255,49
3055,49
5221,49
7995,49
925,49
9059,49
7080,49
4957,49
5628,49
4600,49
8521,49
7595,49
4956,49
7356,859
7356,5223
7356,5249
7356,3652
7356,8954
7356,8067
7356,8942
7356,8833
7356,6606
7356,6580
6264,49
6181,49
7356,7533
7356,8162
7356,496
7356,5031
7356,5186
7356,3183
7356,4108
7356,7918
7356,6083
7356,4592
7356,8618
7356,5466
4815,4817
6606,49
3005,49
5359,49
7533,49
5466,49
6083,49
6580,49
4108,49
8067,49
8043,49
2351,49
4978,49
2975,49
7550,941
4592,49
5223,49
7918,49
4817,49
7356,5011
7356,8152
5011,49
6992,66
7662,49
4978,49
7833,12
941,49
7833,12
7833,12
4978,49
7662,49
1700,1701
1701,49
4978,49
4948,5492
5186,5624
4766,4768
7833,12
5624,49
4768,49
7289,2152
232,145
4978,49
668,635
668,635
720,635
7833,634
324,152
774,635
826,635
859,635
5210,7813
7833,12
1811,635
1947,635
1897,635
5145,4659
2152,49
7813,49
4978,49
7460,49
635,204
5231,7151
4978,49
4659,49
5307,571
8286,8344
6510,4683
7151,49
571,49
4985,5769
4978,49
4683,49
49,2348
49,3506
4948,5492
5769,49
4978,49
49,3413
204,207
4978,49
3506,49
3413,49
207,49
2348,49
4978,49
204,207
812,813
4407,4408
207,49
4978,49
7662,49
813,49
2169,5489
6846,5599
5492,145
1953,949
4978,49
5028,3672
5599,49
4978,49
949,49
3672,49
6039,4997
7662,49
49,3349
6846,5599
1955,929
4978,49
5599,49
7460,49
4997,49
111,1329
2875,66
4978,49
4978,49
4978,49
49,3494
6510,4683
4215,567
66,2894
66,2894
66,2383
2894,49
4978,49
66,2899
2197,2198
7022,6540
6540,49
4978,49
4683,49
567,49
2445,145
2445,145
2445,145
7460,49
4978,49
4978,49
4978,49
66,1757
2140,145
9031,807
4978,49
807,49
1757,49
111,992
66,2835
4978,49
66,2445
66,2445
66,376
66,2570
66,2445
265,12
534,145
2835,49
376,49
690,691
2570,214
66,2899
9114,145
691,49
4978,49
534,145
8204,45
77,45
223,2568
7022,6540
4978,49
2568,49
6540,49
49,265
9114,145
6510,4683
2654,66
49,265
265,12
5370,9244
4978,49
7662,49
4978,49
4683,49
4978,49
214,9289
126,125
214,9289
4978,49
66,376
111,125
376,49
7380,5315
7380,5022
7380,7388
7380,6311
7380,5269
7380,4965
7380,2988
7380,7430
7380,7395
7380,7400
7380,7408
7380,4878
7380,4186
7380,707
7380,7399
7380,5003
7380,7404
7380,7324
7380,5104
7380,7382
7380,5226
7380,6605
7380,2948
7380,2929
7380,3220
7380,5038
7380,7386
7380,7421
7380,7440
7380,7403
7380,6685
7380,5371
7380,4924
7380,5462
7380,5025
7380,7392
7380,4543
7380,7424
7380,858
7380,5144
7380,7416
7380,7413
7380,1227
7380,5326
7380,7444
7380,7271
7380,7426
7380,4920
7380,4918
7380,2462
7380,6608
7380,5037
7380,5035
7380,2225
7380,7381
7380,7385
7380,7409
7380,5335
7380,3938
7380,5377
7380,2615
7380,3099
7380,5001
7380,7412
7380,2173
7380,7420
7380,5015
7380,7429
7380,884
7380,3428
7380,5111
7380,7441
7380,3315
7380,5177
7380,5194
7380,7401
7380,7398
7380,7411
7380,7397
7380,7410
7380,7394
7380,7383
7380,7414
7380,5049
7380,4933
7380,5244
7380,3018
7380,2967
7380,5327
7380,7419
7380,3681
7380,2060
7380,3219
7380,7181
7380,885
7380,5316
7380,4140
7380,7387
7380,4076
7380,7425
7380,4504
7380,7437
7380,4533
7380,3915
7380,7435
7380,6462
7380,2922
7380,743
7380,5125
7380,4971
7380,7434
7380,3146
7380,7423
7380,4954
7380,5362
7380,3300
7380,1731
7380,4960
7380,77
7380,4949
7380,5030
7380,5102
7380,2979
7380,7391
7380,6
7380,7417
7380,4953
7380,5308
7380,7405
7380,3422
7380,4910
7380,4073
7380,5319
7380,2138
7380,7396
3938,49
4073,49
5144,49
2138,49
4186,49
5362,49
743,49
4504,49
2988,49
2173,49
858,49
3428,49
6685,49
3146,49
5003,49
7434,49
5025,49
3018,49
5315,49
5038,49
7324,214
3219,214
7444,214
4954,49
7408,49
3220,49
4971,49
5125,49
5112,5882
4990,5468
126,125
4990,5468
4990,5468
4990,5468
9109,2914
4990,5468
4990,5468
4990,5468
4990,5468
4990,5468
5882,49
885,49
4949,49
5102,49
707,49
5194,49
4978,49
5462,49
4140,49
5468,49
2967,49
5244,49
4533,49
111,1160
4978,49
2914,49
5468,49
125,126
4992,145
3371,145
8366,145
1521,145
1647,145
3725,145
4978,49
7553,145
9020,145
6163,145
4978,49
49,356
7460,49
4978,49
356,49
66,2845
5249,145
126,125
4400,4402
49,3534
4400,4402
214,4271
260,145
4614,3929
4402,49
7662,49
4978,49
3534,49
66,2899
214,4271
214,4271
4978,49
3929,49
4948,5492
4948,5492
6510,4683
214,4271
46,47
4400,4402
4683,49
47,49
4402,49
4978,49
49,534
4722,4724
4722,4724
4978,49
49,3383
5492,145
4722,4723
1678,1679
2845,2893
1679,49
2893,49
49,265
1955,1956
265,12
46,47
7423,5232
2845,2893
2893,49
47,49
151,152
6021,5806
1956,49
5232,49
5806,49
4978,49
7662,49
6614,642
4978,49
642,49
49,3789
66,2899
8301,66
111,1190
4978,49
111,1321
7275,4121
2845,2893
4978,49
49,3589
5492,145
4121,214
4978,49
2893,49
8301,66
5019,66
1955,232
8301,66
6510,4683
8301,66
9160,9161
2875,66
9161,49
4978,49
4683,49
70,71
1955,1960
1960,214
7460,49
4978,49
71,49
9087,9088
8155,8156
8485,8156
4978,49
2845,2893
4276,2013
4276,4970
4276,5168
4276,5330
4276,5074
4276,4887
4276,5227
4276,5365
4276,5106
4276,2152
4276,5282
4276,5052
4276,1583
4276,4902
4276,3851
4276,4978
4276,2811
4276,5251
4276,3099
4276,4988
4276,5108
4276,5119
4276,5033
4276,4429
4276,5246
4276,5140
4276,5041
4276,5100
4276,4422
4276,5173
4276,3122
4276,5120
4276,4885
4276,4545
4276,5311
4276,4471
4276,2060
4276,5012
4276,5290
4276,4473
4276,5321
4276,5129
4276,236
4276,5270
4276,4001
4276,5193
4276,1040
4276,5318
4276,5189
4276,5051
4276,5388
4276,5054
4276,5194
4276,5328
4276,990
4276,211
4276,4861
4276,4947
4276,5010
4276,4276
4276,5026
4276,3696
4276,4077
4276,3220
4276,4274
4276,5313
4276,5286
4276,4928
4276,5152
4276,5294
4276,5341
4276,4941
4276,5275
4276,4863
4276,5364
4276,4881
4276,278
4276,2249
4276,5084
4276,4906
4276,4011
4276,5099
4276,5116
4276,4072
4276,2290
4276,5261
4276,849
4276,5095
4276,617
4276,5370
4276,5032
4276,5263
4276,5350
4276,1961
4276,1655
4276,5008
4276,4951
4276,5356
4276,5351
4276,4877
4276,4721
4276,5302
4276,5104
4276,5159
4276,5366
4276,5234
4276,5090
4276,159
4276,3105
4276,4985
4276,738
4276,5297
4276,5043
4276,4995
4276,4977
4276,4883
4276,5284
4276,3413
4276,2913
4276,5003
4276,5091
4276,4961
4276,1536
4276,5201
4276,5123
4276,5195
4276,5124
4276,5097
4276,5336
4276,5367
4276,5186
4276,5024
4276,5020
4276,3629
4276,5207
4276,5007
4276,5045
4276,5130
4276,3643
4276,5239
4276,5373
4276,4967
4276,6
4276,42
4276,5197
4276,5014
4276,4901
4276,890
4276,5219
4276,4719
4276,885
4276,4989
4276,5160
4276,4031
4276,5304
4276,5191
4276,5329
4276,1892
4276,2470
4276,5243
4276,5080
4276,4921
4276,5314
4276,5102
4276,5327
4276,5298
4276,5036
4276,5019
4276,5110
4276,4729
4276,2781
4276,523
4276,5005
4276,5229
4276,5044
4276,5312
4276,5380
4276,5107
4276,1734
4276,5053
8156,49
4276,5345
4978,49
2013,49
2893,49
4276,4838
4970,49
4276,4488
4276,5238
4276,1970
4276,4968
